k,name,in_iM,gene_weight,regulator,function,category
32,Unc_11,True,0.0933751446,,,
18,PurR,False,0.044193521400000005,PurR,,
40,Unc_12,False,-0.0397799198,,,
34,Transport-1,False,-0.0361939809,,,
38,SpeB,False,0.0302927048,,,
24,Unc_8,False,-0.0233642994,,,
25,Unc_9,False,-0.0215552,,,
15,NanR,False,-0.0171446947,NanR,,
8,PyrR,False,-0.016808320800000002,PyrR,,
10,Unc_2,False,-0.0158776986,,,
2,Phage_1-1,False,0.0158744233,Phage_1,,
33,Galactose,False,0.0152630113,,,
1,CovR-1,False,-0.0147518026,CovR,,
6,Rgg,False,-0.0128654098,Rgg,,
21,CcpA-2,False,-0.0128032675,CcpA,,
14,Unc_4,False,0.012776616900000001,,,
0,FabT,False,0.0121913717,FabT,,
26,Mga,False,0.0114140718,Mga,,
13,Phage_1-2,False,-0.0112059264,Phage_1,,
9,MalR,False,-0.0099489318,MalR,,
41,SLO,False,0.008963213000000001,,,
16,NrdR,False,0.0085414229,NrdR,,
4,GlnR,False,-0.0085299253,GlnR,,
36,HrcA,False,0.008178872200000001,HrcA,,
22,Phage_2-2,False,-0.008090217700000001,Phage_2,,
20,Unc_7,False,-0.0077611061,,,
37,Phage_3-2,False,0.0076544231,Phage_3,,
19,Unc_6,False,-0.0068115424,,,
23,SLS,False,0.006737402700000001,,,
27,Unc_10,False,0.0066195773,,,
31,Phage_2-3,False,-0.0060981844000000006,Phage_2,,
17,Unc_5,False,-0.0058050629000000005,,,
29,MalR2,False,0.0052986793,MalR2,,
39,Transport-2,False,0.0050445793,,,
5,CcpA-1,False,0.0030470126,CcpA,,
11,Unc_3,False,0.0028088586000000002,,,
7,Phage_2-1,False,0.002091061,Phage_2,,
30,Phage_3-1,False,0.0018834923000000002,Phage_3,,
3,Unc_1,False,-0.0015114893,,,
12,VicR,False,-0.0014721226,VicR,,
35,YwzG,False,0.0009143478,YwzG,,
28,CovR-2,False,-0.0005157318,CovR,,
