k,name,in_iM,gene_weight,regulator,function,category
22,Phage_2-2,True,0.1825996383,Phage_2,,
31,Phage_2-3,True,-0.093138729,Phage_2,,
29,MalR2,False,-0.0698539138,MalR2,,
33,Galactose,False,0.0581373258,,,
36,HrcA,False,0.054085298100000005,HrcA,,
4,GlnR,False,-0.0499604068,GlnR,,
37,Phage_3-2,False,0.048269671,Phage_3,,
20,Unc_7,False,0.038651319600000004,,,
9,MalR,False,-0.0385441481,MalR,,
32,Unc_11,False,-0.0321056331,,,
21,CcpA-2,False,-0.0305835375,CcpA,,
30,Phage_3-1,False,-0.0297308999,Phage_3,,
27,Unc_10,False,-0.0288451802,,,
3,Unc_1,False,0.0248652938,,,
1,CovR-1,False,0.0247902828,CovR,,
34,Transport-1,False,-0.024237899,,,
40,Unc_12,False,0.0229664197,,,
7,Phage_2-1,False,-0.0209628006,Phage_2,,
25,Unc_9,False,-0.020381193000000002,,,
35,YwzG,False,-0.0191245589,YwzG,,
17,Unc_5,False,0.0171940802,,,
10,Unc_2,False,-0.0156960504,,,
39,Transport-2,False,0.015387014800000001,,,
41,SLO,False,0.013196356000000001,,,
6,Rgg,False,0.0131845767,Rgg,,
15,NanR,False,-0.0123642362,NanR,,
0,FabT,False,0.0120661382,FabT,,
2,Phage_1-1,False,0.0116763009,Phage_1,,
5,CcpA-1,False,0.007205420200000001,CcpA,,
12,VicR,False,0.0065980155,VicR,,
18,PurR,False,0.0063959361,PurR,,
28,CovR-2,False,-0.006239012600000001,CovR,,
19,Unc_6,False,-0.0060704708,,,
11,Unc_3,False,0.0057035996,,,
38,SpeB,False,0.0053454532,,,
26,Mga,False,-0.0048724101,Mga,,
16,NrdR,False,0.0048300736,NrdR,,
14,Unc_4,False,-0.0041824825,,,
23,SLS,False,0.0034042033000000003,,,
13,Phage_1-2,False,0.0031016356,Phage_1,,
8,PyrR,False,0.0011731936,PyrR,,
24,Unc_8,False,-0.000676686,,,
