k,name,in_iM,gene_weight,regulator,function,category
20,Unc_7,False,-0.029193307800000002,,,
16,NrdR,False,0.0253760248,NrdR,,
24,Unc_8,False,-0.0219395018,,,
23,SLS,False,-0.020420548900000002,,,
11,Unc_3,False,0.0189147139,,,
4,GlnR,False,0.0185105888,GlnR,,
19,Unc_6,False,-0.0181915323,,,
29,MalR2,False,-0.015220895100000001,MalR2,,
37,Phage_3-2,False,-0.0145561755,Phage_3,,
27,Unc_10,False,0.014513772500000001,,,
40,Unc_12,False,-0.013397274,,,
6,Rgg,False,-0.0132017569,Rgg,,
30,Phage_3-1,False,-0.013154544700000001,Phage_3,,
41,SLO,False,0.012947331900000001,,,
35,YwzG,False,-0.011298770900000001,YwzG,,
18,PurR,False,-0.0101705037,PurR,,
17,Unc_5,False,0.0101075609,,,
38,SpeB,False,-0.0079763063,,,
1,CovR-1,False,-0.0077798204,CovR,,
8,PyrR,False,-0.0077759789,PyrR,,
26,Mga,False,0.0068853474,Mga,,
25,Unc_9,False,-0.0066800146,,,
15,NanR,False,0.0062879579,NanR,,
10,Unc_2,False,-0.0062853529,,,
3,Unc_1,False,-0.0060784308,,,
34,Transport-1,False,-0.0059145962,,,
2,Phage_1-1,False,-0.0057145811,Phage_1,,
13,Phage_1-2,False,-0.0056115896,Phage_1,,
0,FabT,False,0.0046762761000000005,FabT,,
39,Transport-2,False,0.0046293579000000005,,,
14,Unc_4,False,0.0044925403,,,
5,CcpA-1,False,-0.0037765255,CcpA,,
31,Phage_2-3,False,-0.003685095,Phage_2,,
33,Galactose,False,-0.0029788586000000002,,,
28,CovR-2,False,-0.0025202641,CovR,,
7,Phage_2-1,False,-0.0014607726000000001,Phage_2,,
22,Phage_2-2,False,-0.0014252352,Phage_2,,
32,Unc_11,False,-0.0010653291,,,
9,MalR,False,-0.0009533525,MalR,,
36,HrcA,False,0.0007282813,HrcA,,
12,VicR,False,-0.0002511505,VicR,,
21,CcpA-2,False,-0.0001684927,CcpA,,
