k,name,in_iM,gene_weight,regulator,function,category
4,GlnR,False,0.0829754136,GlnR,,
9,MalR,False,-0.032133382,MalR,,
36,HrcA,False,0.0303510265,HrcA,,
17,Unc_5,False,-0.0259959889,,,
10,Unc_2,False,-0.020750347000000002,,,
35,YwzG,False,0.0200933267,YwzG,,
22,Phage_2-2,False,-0.0169530367,Phage_2,,
20,Unc_7,False,-0.014825546,,,
30,Phage_3-1,False,-0.014345784,Phage_3,,
12,VicR,False,-0.0137837904,VicR,,
6,Rgg,False,0.0136922593,Rgg,,
38,SpeB,False,-0.0136196159,,,
41,SLO,False,0.0128667915,,,
8,PyrR,False,0.0123705985,PyrR,,
24,Unc_8,False,-0.0116086291,,,
40,Unc_12,False,-0.0104523431,,,
18,PurR,False,-0.0091956105,PurR,,
32,Unc_11,False,-0.008233028,,,
33,Galactose,False,-0.007978664,,,
25,Unc_9,False,-0.0077060634,,,
29,MalR2,False,-0.0071498264,MalR2,,
19,Unc_6,False,0.006868042600000001,,,
37,Phage_3-2,False,0.0065850232,Phage_3,,
5,CcpA-1,False,0.0056622813000000004,CcpA,,
26,Mga,False,0.0055287803,Mga,,
7,Phage_2-1,False,0.004860052,Phage_2,,
16,NrdR,False,-0.0047768406,NrdR,,
14,Unc_4,False,-0.0047704719,,,
13,Phage_1-2,False,-0.0039120251,Phage_1,,
23,SLS,False,-0.0037090997000000002,,,
11,Unc_3,False,0.0036833493,,,
2,Phage_1-1,False,-0.0035827183,Phage_1,,
28,CovR-2,False,-0.0033626159,CovR,,
1,CovR-1,False,0.0032059662000000003,CovR,,
34,Transport-1,False,0.0028051389000000003,,,
0,FabT,False,-0.0019668561,FabT,,
15,NanR,False,-0.0019433403,NanR,,
39,Transport-2,False,-0.0019118685000000001,,,
3,Unc_1,False,-0.0019117838,,,
21,CcpA-2,False,0.0015305251,CcpA,,
31,Phage_2-3,False,-0.0001336661,Phage_2,,
27,Unc_10,False,-3.46152e-05,,,
