k,name,in_iM,gene_weight,regulator,function,category
25,Unc_9,False,-0.0543784292,,,
36,HrcA,False,-0.045614886800000004,HrcA,,
0,FabT,False,0.0436562875,FabT,,
32,Unc_11,False,-0.0353148583,,,
17,Unc_5,False,0.0339488024,,,
39,Transport-2,False,-0.030438849100000002,,,
12,VicR,False,-0.029629847400000003,VicR,,
8,PyrR,False,0.029370608200000002,PyrR,,
16,NrdR,False,0.0291931143,NrdR,,
24,Unc_8,False,-0.0266578178,,,
10,Unc_2,False,-0.0265836011,,,
11,Unc_3,False,-0.026446562200000003,,,
38,SpeB,False,-0.0237276122,,,
22,Phage_2-2,False,0.020825148,Phage_2,,
40,Unc_12,False,0.0202747734,,,
28,CovR-2,False,-0.0202705635,CovR,,
23,SLS,False,0.0179453039,,,
5,CcpA-1,False,-0.0175777893,CcpA,,
3,Unc_1,False,0.0173861337,,,
2,Phage_1-1,False,-0.017020141000000003,Phage_1,,
30,Phage_3-1,False,0.0162993295,Phage_3,,
6,Rgg,False,-0.0149719824,Rgg,,
41,SLO,False,0.0138794624,,,
37,Phage_3-2,False,0.013851657600000001,Phage_3,,
1,CovR-1,False,0.010755449700000001,CovR,,
33,Galactose,False,0.0097973652,,,
18,PurR,False,-0.009436221100000001,PurR,,
19,Unc_6,False,0.0093362027,,,
15,NanR,False,0.009265108400000001,NanR,,
26,Mga,False,0.008546611400000001,Mga,,
14,Unc_4,False,0.0075841256,,,
27,Unc_10,False,-0.0072054478000000005,,,
9,MalR,False,0.006340205000000001,MalR,,
35,YwzG,False,0.0058274374000000006,YwzG,,
4,GlnR,False,0.0057733167,GlnR,,
20,Unc_7,False,-0.0055502411000000005,,,
29,MalR2,False,-0.0039690524,MalR2,,
21,CcpA-2,False,0.0034656667000000003,CcpA,,
34,Transport-1,False,-0.0032009641,,,
7,Phage_2-1,False,-0.0017509367,Phage_2,,
13,Phage_1-2,False,0.0016198016000000001,Phage_1,,
31,Phage_2-3,False,-0.0008331090000000001,Phage_2,,
