k,name,in_iM,gene_weight,regulator,function,category
25,Unc_9,False,0.0664842768,,,
19,Unc_6,False,0.026247447700000003,,,
14,Unc_4,False,-0.0261520755,,,
7,Phage_2-1,False,0.025514681100000002,Phage_2,,
23,SLS,False,0.0238832707,,,
30,Phage_3-1,False,0.0229663199,Phage_3,,
15,NanR,False,0.0229280062,NanR,,
12,VicR,False,0.022447167400000002,VicR,,
1,CovR-1,False,-0.0210228079,CovR,,
36,HrcA,False,-0.0199884636,HrcA,,
17,Unc_5,False,-0.0184364173,,,
11,Unc_3,False,0.0183577834,,,
34,Transport-1,False,-0.0177751943,,,
35,YwzG,False,0.015381582000000001,YwzG,,
27,Unc_10,False,0.0142417288,,,
6,Rgg,False,0.0140918152,Rgg,,
26,Mga,False,0.0133353681,Mga,,
20,Unc_7,False,-0.0129564489,,,
0,FabT,False,0.0127508059,FabT,,
16,NrdR,False,-0.012582405100000001,NrdR,,
8,PyrR,False,0.012128003600000001,PyrR,,
3,Unc_1,False,-0.012100754200000001,,,
13,Phage_1-2,False,-0.0112355864,Phage_1,,
38,SpeB,False,0.011121236100000001,,,
41,SLO,False,0.011090729700000001,,,
33,Galactose,False,0.0103015979,,,
22,Phage_2-2,False,-0.010283446600000001,Phage_2,,
31,Phage_2-3,False,-0.0100783118,Phage_2,,
32,Unc_11,False,0.0095433889,,,
39,Transport-2,False,-0.0074323729,,,
28,CovR-2,False,0.0065521966,CovR,,
21,CcpA-2,False,-0.0060574098,CcpA,,
2,Phage_1-1,False,0.0059803752000000005,Phage_1,,
24,Unc_8,False,0.0051012176,,,
18,PurR,False,0.0048960814,PurR,,
10,Unc_2,False,-0.0042373485,,,
29,MalR2,False,0.0040994902,MalR2,,
5,CcpA-1,False,-0.0036469679,CcpA,,
40,Unc_12,False,0.0025266516,,,
37,Phage_3-2,False,-0.0023797821,Phage_3,,
9,MalR,False,-0.0019414052,MalR,,
4,GlnR,False,-0.0017461328000000001,GlnR,,
