k,name,in_iM,gene_weight,regulator,function,category
1,CovR-1,True,0.1884267583,CovR,,
24,Unc_8,False,0.0691828713,,,
3,Unc_1,False,0.06854062650000001,,,
12,VicR,False,-0.0472682981,VicR,,
20,Unc_7,False,-0.042216332700000005,,,
16,NrdR,False,0.0380804868,NrdR,,
15,NanR,False,-0.0357100136,NanR,,
35,YwzG,False,0.0300623969,YwzG,,
9,MalR,False,0.027322932100000002,MalR,,
10,Unc_2,False,-0.024190108300000002,,,
2,Phage_1-1,False,-0.023450115100000002,Phage_1,,
14,Unc_4,False,-0.022816150900000002,,,
33,Galactose,False,-0.021484084,,,
4,GlnR,False,0.021245581000000003,GlnR,,
0,FabT,False,-0.0201661227,FabT,,
18,PurR,False,0.0198089561,PurR,,
27,Unc_10,False,-0.0180751213,,,
32,Unc_11,False,0.016734488500000002,,,
36,HrcA,False,-0.0152187042,HrcA,,
19,Unc_6,False,-0.0132725123,,,
6,Rgg,False,-0.012491233000000001,Rgg,,
21,CcpA-2,False,0.0113871881,CcpA,,
26,Mga,False,-0.0110765816,Mga,,
5,CcpA-1,False,0.0104708136,CcpA,,
29,MalR2,False,0.010257266400000001,MalR2,,
11,Unc_3,False,0.0096667183,,,
25,Unc_9,False,0.0096330036,,,
8,PyrR,False,-0.0093984781,PyrR,,
39,Transport-2,False,0.0088425605,,,
23,SLS,False,0.0084842452,,,
30,Phage_3-1,False,-0.0077228464,Phage_3,,
28,CovR-2,False,0.0071512681,CovR,,
7,Phage_2-1,False,0.0067404865,Phage_2,,
40,Unc_12,False,0.0064306338,,,
31,Phage_2-3,False,0.0056205904,Phage_2,,
22,Phage_2-2,False,-0.0043899172,Phage_2,,
34,Transport-1,False,-0.0042628081,,,
13,Phage_1-2,False,0.0026364432,Phage_1,,
17,Unc_5,False,0.0023939414000000003,,,
38,SpeB,False,0.001502618,,,
41,SLO,False,-0.0005729028,,,
37,Phage_3-2,False,0.0002188995,Phage_3,,
