k,name,in_iM,gene_weight,regulator,function,category
10,Unc_2,False,0.0593108357,,,
20,Unc_7,False,0.036573827,,,
41,SLO,False,-0.0338643967,,,
14,Unc_4,False,0.023181189600000002,,,
35,YwzG,False,-0.0230267034,YwzG,,
27,Unc_10,False,-0.0210702593,,,
5,CcpA-1,False,-0.0196148745,CcpA,,
34,Transport-1,False,0.019098377200000002,,,
17,Unc_5,False,0.0181962034,,,
3,Unc_1,False,0.0134153411,,,
12,VicR,False,0.0132577687,VicR,,
40,Unc_12,False,0.0121631172,,,
25,Unc_9,False,0.0115573835,,,
4,GlnR,False,-0.0111464526,GlnR,,
31,Phage_2-3,False,0.0090157193,Phage_2,,
29,MalR2,False,0.0089724075,MalR2,,
23,SLS,False,-0.0085308786,,,
8,PyrR,False,0.0075542359,PyrR,,
21,CcpA-2,False,-0.0067033501,CcpA,,
22,Phage_2-2,False,0.0061417572,Phage_2,,
30,Phage_3-1,False,-0.0060351337000000005,Phage_3,,
6,Rgg,False,-0.0056743947,Rgg,,
2,Phage_1-1,False,-0.005638898900000001,Phage_1,,
7,Phage_2-1,False,-0.0055135523,Phage_2,,
19,Unc_6,False,-0.0047208881,,,
0,FabT,False,0.0045766814,FabT,,
1,CovR-1,False,0.0043557929000000006,CovR,,
24,Unc_8,False,0.0040580354,,,
39,Transport-2,False,0.0037626027,,,
16,NrdR,False,-0.0036789576000000003,NrdR,,
26,Mga,False,-0.0035280275,Mga,,
13,Phage_1-2,False,0.003167093,Phage_1,,
36,HrcA,False,0.0030228893,HrcA,,
28,CovR-2,False,0.0028743246,CovR,,
33,Galactose,False,0.0028341888,,,
37,Phage_3-2,False,0.0021849156,Phage_3,,
15,NanR,False,-0.0008377626,NanR,,
11,Unc_3,False,-0.0007094248,,,
32,Unc_11,False,0.0006871943,,,
38,SpeB,False,-0.00048692120000000004,,,
9,MalR,False,0.0004555812,MalR,,
18,PurR,False,-0.0001907592,PurR,,
