k,name,in_iM,gene_weight,regulator,function,category
6,Rgg,True,0.2526113633,Rgg,,
39,Transport-2,False,0.052145386200000005,,,
15,NanR,False,-0.0463707196,NanR,,
4,GlnR,False,0.0461406663,GlnR,,
1,CovR-1,False,0.0454705812,CovR,,
0,FabT,False,0.0421779988,FabT,,
21,CcpA-2,False,-0.0297173851,CcpA,,
32,Unc_11,False,0.0292319308,,,
28,CovR-2,False,-0.0288837649,CovR,,
41,SLO,False,0.0278768384,,,
3,Unc_1,False,0.027763763900000002,,,
8,PyrR,False,-0.027150030800000002,PyrR,,
16,NrdR,False,0.024912653400000002,NrdR,,
5,CcpA-1,False,-0.0249017211,CcpA,,
9,MalR,False,0.0234507408,MalR,,
33,Galactose,False,0.0234396943,,,
14,Unc_4,False,0.0233620587,,,
34,Transport-1,False,-0.020262250500000002,,,
35,YwzG,False,-0.0192724859,YwzG,,
25,Unc_9,False,0.018574896100000002,,,
11,Unc_3,False,-0.0175427543,,,
24,Unc_8,False,-0.015941029500000002,,,
37,Phage_3-2,False,-0.015534984100000001,Phage_3,,
38,SpeB,False,0.015001703500000001,,,
29,MalR2,False,-0.0133868745,MalR2,,
40,Unc_12,False,0.0099185217,,,
12,VicR,False,-0.008961556,VicR,,
30,Phage_3-1,False,-0.0076103801,Phage_3,,
17,Unc_5,False,-0.007542365200000001,,,
18,PurR,False,0.007196484600000001,PurR,,
19,Unc_6,False,-0.0068067431,,,
23,SLS,False,-0.0066502052,,,
20,Unc_7,False,-0.0059262554,,,
27,Unc_10,False,-0.0052734196,,,
36,HrcA,False,-0.0039090221,HrcA,,
2,Phage_1-1,False,-0.0030897038,Phage_1,,
13,Phage_1-2,False,0.0026136587000000003,Phage_1,,
22,Phage_2-2,False,0.0017674066,Phage_2,,
26,Mga,False,-0.0017586675000000002,Mga,,
10,Unc_2,False,-0.0014966878,,,
31,Phage_2-3,False,-0.0013986682000000001,Phage_2,,
7,Phage_2-1,False,-0.0011219453,Phage_2,,
