k,name,in_iM,gene_weight,regulator,function,category
24,Unc_8,True,0.1544294819,,,
20,Unc_7,False,-0.054774096,,,
32,Unc_11,False,0.0327393579,,,
0,FabT,False,0.0160692846,FabT,,
9,MalR,False,-0.015798932800000002,MalR,,
11,Unc_3,False,-0.0153123962,,,
17,Unc_5,False,0.0139284647,,,
3,Unc_1,False,-0.011638401900000001,,,
7,Phage_2-1,False,-0.0109968449,Phage_2,,
19,Unc_6,False,0.0102225478,,,
5,CcpA-1,False,0.010067179,CcpA,,
34,Transport-1,False,0.0096775829,,,
22,Phage_2-2,False,-0.0074787537,Phage_2,,
35,YwzG,False,0.0067638423000000005,YwzG,,
29,MalR2,False,-0.0064788695000000006,MalR2,,
14,Unc_4,False,0.006164853400000001,,,
18,PurR,False,-0.0059933193,PurR,,
36,HrcA,False,0.0059494631,HrcA,,
8,PyrR,False,0.0059370207,PyrR,,
15,NanR,False,0.005804166800000001,NanR,,
40,Unc_12,False,0.0056969613,,,
21,CcpA-2,False,-0.0049914439,CcpA,,
6,Rgg,False,0.0047204509,Rgg,,
30,Phage_3-1,False,-0.0042826839000000005,Phage_3,,
33,Galactose,False,0.0041533765,,,
2,Phage_1-1,False,-0.0037694466000000003,Phage_1,,
26,Mga,False,0.0034775173,Mga,,
28,CovR-2,False,-0.0032812644,CovR,,
27,Unc_10,False,0.0018210419000000001,,,
1,CovR-1,False,0.0015075206,CovR,,
41,SLO,False,-0.0014953521,,,
37,Phage_3-2,False,-0.0013938075000000001,Phage_3,,
31,Phage_2-3,False,0.0010659522,Phage_2,,
12,VicR,False,0.0007605167000000001,VicR,,
4,GlnR,False,0.0003471882,GlnR,,
16,NrdR,False,0.0003217784,NrdR,,
10,Unc_2,False,-0.000278928,,,
13,Phage_1-2,False,0.0001672405,Phage_1,,
23,SLS,False,-0.00012812390000000002,,,
38,SpeB,False,0.0001262961,,,
39,Transport-2,False,-6.015e-05,,,
25,Unc_9,False,8.668e-06,,,
