k,name,in_iM,gene_weight,regulator,function,category
25,Unc_9,True,0.1511893216,,,
27,Unc_10,False,0.052454550100000004,,,
36,HrcA,False,0.0314992178,HrcA,,
10,Unc_2,False,-0.0273381215,,,
4,GlnR,False,-0.027086730200000003,GlnR,,
5,CcpA-1,False,-0.0262417609,CcpA,,
32,Unc_11,False,-0.026053587200000002,,,
33,Galactose,False,0.017605688600000002,,,
9,MalR,False,0.0173692927,MalR,,
6,Rgg,False,-0.016494918600000002,Rgg,,
19,Unc_6,False,-0.0163535533,,,
39,Transport-2,False,-0.0162376782,,,
30,Phage_3-1,False,0.0156890369,Phage_3,,
16,NrdR,False,0.0135519503,NrdR,,
13,Phage_1-2,False,-0.012336172400000001,Phage_1,,
12,VicR,False,0.012132239900000001,VicR,,
22,Phage_2-2,False,0.011870667100000001,Phage_2,,
40,Unc_12,False,-0.011377267600000001,,,
14,Unc_4,False,0.0108862853,,,
28,CovR-2,False,0.010832560500000001,CovR,,
23,SLS,False,0.0101693719,,,
31,Phage_2-3,False,-0.0095919079,Phage_2,,
17,Unc_5,False,-0.009508721900000001,,,
15,NanR,False,-0.0093967467,NanR,,
37,Phage_3-2,False,0.0087915366,Phage_3,,
24,Unc_8,False,0.008786104000000001,,,
20,Unc_7,False,-0.0087640581,,,
8,PyrR,False,0.008165625900000001,PyrR,,
0,FabT,False,0.0078825673,FabT,,
21,CcpA-2,False,0.0071856923,CcpA,,
3,Unc_1,False,-0.0070980071,,,
29,MalR2,False,-0.0061677748,MalR2,,
2,Phage_1-1,False,0.0056434705,Phage_1,,
41,SLO,False,-0.005317971800000001,,,
35,YwzG,False,0.0051582014,YwzG,,
38,SpeB,False,0.0047176444,,,
18,PurR,False,-0.0043050752,PurR,,
26,Mga,False,0.004189857,Mga,,
11,Unc_3,False,0.0040652355,,,
1,CovR-1,False,0.0027722379,CovR,,
34,Transport-1,False,0.0015776863000000001,,,
7,Phage_2-1,False,-0.0005359830000000001,Phage_2,,
