k,name,in_iM,gene_weight,regulator,function,category
9,MalR,True,0.132825371,MalR,,
15,NanR,True,-0.1278732976,NanR,,
25,Unc_9,True,0.11353824870000001,,,
20,Unc_7,False,-0.0593620611,,,
35,YwzG,False,-0.057777325000000004,YwzG,,
16,NrdR,False,-0.0486796399,NrdR,,
34,Transport-1,False,-0.0389113369,,,
26,Mga,False,0.036879088500000004,Mga,,
14,Unc_4,False,0.0340072027,,,
40,Unc_12,False,-0.0333668727,,,
19,Unc_6,False,-0.0331708038,,,
18,PurR,False,-0.031205272200000002,PurR,,
4,GlnR,False,-0.0292484541,GlnR,,
36,HrcA,False,0.027135672700000002,HrcA,,
7,Phage_2-1,False,0.0255770638,Phage_2,,
6,Rgg,False,-0.0217598989,Rgg,,
21,CcpA-2,False,-0.0209264255,CcpA,,
23,SLS,False,-0.0207042381,,,
1,CovR-1,False,0.019830636000000002,CovR,,
33,Galactose,False,0.0191112704,,,
37,Phage_3-2,False,0.0188159293,Phage_3,,
3,Unc_1,False,-0.017187234500000002,,,
8,PyrR,False,-0.0155032229,PyrR,,
39,Transport-2,False,-0.0152402972,,,
5,CcpA-1,False,-0.0146324916,CcpA,,
41,SLO,False,-0.0144934899,,,
27,Unc_10,False,0.0121837969,,,
10,Unc_2,False,-0.0106585233,,,
32,Unc_11,False,0.0105446658,,,
29,MalR2,False,-0.0103389021,MalR2,,
12,VicR,False,-0.0090282634,VicR,,
17,Unc_5,False,0.007181714400000001,,,
0,FabT,False,0.006773307100000001,FabT,,
31,Phage_2-3,False,0.0064521546,Phage_2,,
13,Phage_1-2,False,0.004229924,Phage_1,,
2,Phage_1-1,False,0.0040183652,Phage_1,,
24,Unc_8,False,0.0029579703,,,
30,Phage_3-1,False,-0.0022270205,Phage_3,,
22,Phage_2-2,False,-0.0019546737,Phage_2,,
38,SpeB,False,-0.0018980840000000002,,,
11,Unc_3,False,0.0012824806000000001,,,
28,CovR-2,False,1.29249e-05,CovR,,
