k,name,in_iM,gene_weight,regulator,function,category
10,Unc_2,False,0.0643272448,,,
19,Unc_6,False,-0.029590651800000003,,,
14,Unc_4,False,-0.0257374714,,,
27,Unc_10,False,-0.0252354977,,,
0,FabT,False,-0.0226822447,FabT,,
12,VicR,False,0.021920918,VicR,,
1,CovR-1,False,-0.0219183905,CovR,,
33,Galactose,False,0.021608379400000002,,,
9,MalR,False,-0.0200754738,MalR,,
36,HrcA,False,0.0191577161,HrcA,,
8,PyrR,False,0.0185266885,PyrR,,
17,Unc_5,False,-0.0170760729,,,
11,Unc_3,False,0.0166708804,,,
18,PurR,False,-0.0162900931,PurR,,
40,Unc_12,False,-0.015240549,,,
35,YwzG,False,0.0137770836,YwzG,,
31,Phage_2-3,False,-0.0127378336,Phage_2,,
2,Phage_1-1,False,0.0123969508,Phage_1,,
23,SLS,False,-0.0114346324,,,
25,Unc_9,False,0.010850872800000001,,,
16,NrdR,False,0.0102789787,NrdR,,
5,CcpA-1,False,-0.0099983884,CcpA,,
20,Unc_7,False,0.0098490452,,,
28,CovR-2,False,0.008602381000000001,CovR,,
34,Transport-1,False,0.0085721606,,,
6,Rgg,False,-0.0082795727,Rgg,,
30,Phage_3-1,False,-0.0067693599,Phage_3,,
29,MalR2,False,0.0065870164,MalR2,,
15,NanR,False,-0.0061563674,NanR,,
22,Phage_2-2,False,-0.0060177255,Phage_2,,
13,Phage_1-2,False,-0.005070804,Phage_1,,
37,Phage_3-2,False,-0.004863093000000001,Phage_3,,
39,Transport-2,False,0.0044788133,,,
32,Unc_11,False,-0.0042169132,,,
38,SpeB,False,0.0032598251,,,
4,GlnR,False,-0.0030510574,GlnR,,
41,SLO,False,-0.0028101572000000003,,,
21,CcpA-2,False,-0.0027882648,CcpA,,
7,Phage_2-1,False,-0.0013553351,Phage_2,,
3,Unc_1,False,0.0012976149,,,
26,Mga,False,0.00117365,Mga,,
24,Unc_8,False,0.0011644123,,,
