k,name,in_iM,gene_weight,regulator,function,category
27,Unc_10,False,-0.0230954029,,,
12,VicR,False,-0.0230006904,VicR,,
0,FabT,False,-0.0200360656,FabT,,
5,CcpA-1,False,-0.0177981504,CcpA,,
22,Phage_2-2,False,0.0171588661,Phage_2,,
15,NanR,False,0.0155351163,NanR,,
18,PurR,False,-0.0149682055,PurR,,
10,Unc_2,False,0.014270082100000001,,,
33,Galactose,False,0.014115818300000001,,,
35,YwzG,False,0.012284251900000001,YwzG,,
32,Unc_11,False,0.012036518500000001,,,
30,Phage_3-1,False,0.0117620277,Phage_3,,
31,Phage_2-3,False,-0.0115583053,Phage_2,,
24,Unc_8,False,-0.0111955551,,,
41,SLO,False,-0.0111591263,,,
19,Unc_6,False,0.0110103812,,,
36,HrcA,False,0.0109330906,HrcA,,
39,Transport-2,False,-0.0102214199,,,
38,SpeB,False,-0.0090948246,,,
6,Rgg,False,-0.0088468609,Rgg,,
3,Unc_1,False,-0.0083385924,,,
7,Phage_2-1,False,-0.0075717981,Phage_2,,
37,Phage_3-2,False,0.0074530385,Phage_3,,
8,PyrR,False,0.0074187396,PyrR,,
25,Unc_9,False,-0.0062474606,,,
29,MalR2,False,0.0061057255,MalR2,,
16,NrdR,False,-0.0055803956,NrdR,,
17,Unc_5,False,-0.0052676425,,,
23,SLS,False,0.0051159959,,,
9,MalR,False,-0.0049468604,MalR,,
20,Unc_7,False,0.0047075482,,,
14,Unc_4,False,-0.0043649211,,,
40,Unc_12,False,0.0037409815,,,
21,CcpA-2,False,-0.0032259209,CcpA,,
1,CovR-1,False,-0.0023835231000000003,CovR,,
2,Phage_1-1,False,-0.0016291072000000001,Phage_1,,
4,GlnR,False,0.0015855519,GlnR,,
11,Unc_3,False,-0.0010887859,,,
28,CovR-2,False,-0.0007107528,CovR,,
13,Phage_1-2,False,0.0006697431,Phage_1,,
34,Transport-1,False,-0.0004154304,,,
26,Mga,False,0.00012239220000000002,Mga,,
