k,name,in_iM,gene_weight,regulator,function,category
10,Unc_2,False,0.0237392589,,,
32,Unc_11,False,0.0198179251,,,
4,GlnR,False,-0.0197579283,GlnR,,
39,Transport-2,False,-0.0184598891,,,
40,Unc_12,False,-0.0178111946,,,
34,Transport-1,False,-0.015448223300000001,,,
12,VicR,False,-0.0131316942,VicR,,
20,Unc_7,False,0.011391517200000001,,,
17,Unc_5,False,-0.010468539300000001,,,
41,SLO,False,-0.0097677007,,,
24,Unc_8,False,0.0094522229,,,
35,YwzG,False,-0.0092410821,YwzG,,
33,Galactose,False,-0.0081794383,,,
31,Phage_2-3,False,-0.00803003,Phage_2,,
38,SpeB,False,-0.0080058956,,,
19,Unc_6,False,-0.0073737773,,,
23,SLS,False,0.007368087200000001,,,
1,CovR-1,False,0.007306804300000001,CovR,,
25,Unc_9,False,0.0072207190000000004,,,
11,Unc_3,False,-0.0069572302,,,
37,Phage_3-2,False,0.0067912144,Phage_3,,
29,MalR2,False,0.0064990829000000005,MalR2,,
2,Phage_1-1,False,0.006242980600000001,Phage_1,,
9,MalR,False,-0.0055536508000000005,MalR,,
0,FabT,False,-0.0044284333,FabT,,
13,Phage_1-2,False,-0.0040328881000000006,Phage_1,,
14,Unc_4,False,-0.0038814014,,,
8,PyrR,False,0.0036504393,PyrR,,
7,Phage_2-1,False,0.0033550629,Phage_2,,
5,CcpA-1,False,-0.0033085093,CcpA,,
27,Unc_10,False,0.0031007841,,,
30,Phage_3-1,False,-0.0030590849,Phage_3,,
36,HrcA,False,0.0027704741000000002,HrcA,,
18,PurR,False,0.0027668641,PurR,,
15,NanR,False,-0.0025453114,NanR,,
3,Unc_1,False,0.0021597038,,,
26,Mga,False,0.0018736888000000001,Mga,,
16,NrdR,False,-0.0013814760000000002,NrdR,,
6,Rgg,False,0.0011717313,Rgg,,
28,CovR-2,False,0.0011026557,CovR,,
22,Phage_2-2,False,-0.0004206546,Phage_2,,
21,CcpA-2,False,0.00031780750000000004,CcpA,,
