k,name,in_iM,gene_weight,regulator,function,category
19,Unc_6,False,0.0961965858,,,
20,Unc_7,False,0.0650897349,,,
11,Unc_3,False,-0.0628787005,,,
37,Phage_3-2,False,0.0455330916,Phage_3,,
12,VicR,False,-0.036758910400000004,VicR,,
17,Unc_5,False,0.0364827374,,,
8,PyrR,False,-0.0316533445,PyrR,,
1,CovR-1,False,-0.0312954658,CovR,,
10,Unc_2,False,-0.0251469431,,,
26,Mga,False,-0.0187370292,Mga,,
32,Unc_11,False,0.018322777000000002,,,
41,SLO,False,-0.0175873302,,,
25,Unc_9,False,0.0173525801,,,
4,GlnR,False,-0.0167895513,GlnR,,
14,Unc_4,False,-0.0135505595,,,
40,Unc_12,False,-0.013464571600000001,,,
33,Galactose,False,-0.013220519600000001,,,
35,YwzG,False,0.0119023424,YwzG,,
30,Phage_3-1,False,0.0110145257,Phage_3,,
39,Transport-2,False,0.0110133487,,,
22,Phage_2-2,False,0.009786004000000001,Phage_2,,
21,CcpA-2,False,0.0092194035,CcpA,,
15,NanR,False,-0.0082748612,NanR,,
0,FabT,False,-0.0078727291,FabT,,
6,Rgg,False,0.0057558246,Rgg,,
7,Phage_2-1,False,0.0057208424,Phage_2,,
36,HrcA,False,-0.0056437855,HrcA,,
16,NrdR,False,-0.0054677282,NrdR,,
38,SpeB,False,0.0052386835,,,
24,Unc_8,False,0.0052079911,,,
2,Phage_1-1,False,-0.0046321264000000004,Phage_1,,
5,CcpA-1,False,-0.0043275722,CcpA,,
27,Unc_10,False,0.0038826807,,,
31,Phage_2-3,False,-0.0038595191,Phage_2,,
23,SLS,False,0.0033731294,,,
29,MalR2,False,0.0032094545,MalR2,,
18,PurR,False,-0.0029462942,PurR,,
34,Transport-1,False,0.0022266595,,,
9,MalR,False,-0.0014428489000000001,MalR,,
3,Unc_1,False,0.0008122991,,,
13,Phage_1-2,False,-0.0007239442,Phage_1,,
28,CovR-2,False,0.0003046823,CovR,,
