k,name,in_iM,gene_weight,regulator,function,category
10,Unc_2,True,0.0747129957,,,
20,Unc_7,False,0.0315406285,,,
32,Unc_11,False,-0.0315326467,,,
9,MalR,False,0.0238597426,MalR,,
27,Unc_10,False,-0.023133812,,,
40,Unc_12,False,0.0227044302,,,
11,Unc_3,False,0.0220965997,,,
37,Phage_3-2,False,0.0217889263,Phage_3,,
24,Unc_8,False,0.0206077965,,,
25,Unc_9,False,0.018975989500000002,,,
7,Phage_2-1,False,-0.0185509455,Phage_2,,
5,CcpA-1,False,-0.0183851804,CcpA,,
36,HrcA,False,-0.0158875932,HrcA,,
19,Unc_6,False,-0.015272646400000001,,,
39,Transport-2,False,-0.01523473,,,
30,Phage_3-1,False,0.0138069384,Phage_3,,
23,SLS,False,-0.013363806800000001,,,
8,PyrR,False,-0.013029492600000001,PyrR,,
41,SLO,False,-0.012661092700000001,,,
1,CovR-1,False,0.008650372,CovR,,
29,MalR2,False,0.0075398772000000005,MalR2,,
22,Phage_2-2,False,0.007296135600000001,Phage_2,,
15,NanR,False,-0.007169219,NanR,,
12,VicR,False,-0.0071093300000000005,VicR,,
38,SpeB,False,0.0068736828,,,
26,Mga,False,0.0065476156,Mga,,
17,Unc_5,False,0.0063189932,,,
13,Phage_1-2,False,-0.0055092050000000005,Phage_1,,
3,Unc_1,False,0.005379839500000001,,,
14,Unc_4,False,0.0053464928,,,
28,CovR-2,False,0.0048516058,CovR,,
16,NrdR,False,0.0047231749,NrdR,,
34,Transport-1,False,-0.0039998588000000005,,,
33,Galactose,False,-0.0032184648,,,
35,YwzG,False,-0.0028227444,YwzG,,
31,Phage_2-3,False,-0.002635716,Phage_2,,
4,GlnR,False,-0.0023646355,GlnR,,
21,CcpA-2,False,0.0021652865,CcpA,,
6,Rgg,False,0.0018204155,Rgg,,
2,Phage_1-1,False,-0.0017370141,Phage_1,,
18,PurR,False,0.0014429995,PurR,,
0,FabT,False,0.0010983682,FabT,,
