k,name,in_iM,gene_weight,regulator,function,category
37,Phage_3-2,False,-0.0706811619,Phage_3,,
36,HrcA,False,0.0366342125,HrcA,,
1,CovR-1,False,-0.035822595000000006,CovR,,
40,Unc_12,False,0.028937416900000002,,,
30,Phage_3-1,False,-0.0237333451,Phage_3,,
8,PyrR,False,-0.0233208354,PyrR,,
0,FabT,False,0.0221881523,FabT,,
34,Transport-1,False,-0.0216614645,,,
26,Mga,False,-0.0215430005,Mga,,
39,Transport-2,False,0.0199862866,,,
17,Unc_5,False,0.019552941100000002,,,
3,Unc_1,False,-0.0191422557,,,
18,PurR,False,0.0183696404,PurR,,
12,VicR,False,0.0182004471,VicR,,
6,Rgg,False,-0.0177872136,Rgg,,
9,MalR,False,0.016782731500000002,MalR,,
22,Phage_2-2,False,-0.0154769821,Phage_2,,
16,NrdR,False,-0.0145060693,NrdR,,
15,NanR,False,-0.0137144434,NanR,,
38,SpeB,False,-0.013042179400000001,,,
31,Phage_2-3,False,0.012480565400000001,Phage_2,,
10,Unc_2,False,-0.0111919067,,,
32,Unc_11,False,0.0097332278,,,
23,SLS,False,-0.009484584800000001,,,
5,CcpA-1,False,0.0090437382,CcpA,,
11,Unc_3,False,0.0085553176,,,
27,Unc_10,False,0.007134428700000001,,,
25,Unc_9,False,0.0068987691,,,
19,Unc_6,False,0.0061373426,,,
2,Phage_1-1,False,-0.0058037927,Phage_1,,
14,Unc_4,False,-0.0050007466000000006,,,
7,Phage_2-1,False,-0.0039203219,Phage_2,,
21,CcpA-2,False,0.0035134724000000003,CcpA,,
4,GlnR,False,0.0031886684,GlnR,,
29,MalR2,False,-0.0029570601,MalR2,,
24,Unc_8,False,0.0014515852,,,
33,Galactose,False,0.0008905196000000001,,,
13,Phage_1-2,False,0.0007485909,Phage_1,,
20,Unc_7,False,0.0007000304000000001,,,
35,YwzG,False,-0.0005279827,YwzG,,
28,CovR-2,False,0.00024358690000000002,CovR,,
41,SLO,False,7.35533e-05,,,
