k,name,in_iM,gene_weight,regulator,function,category
26,Mga,True,0.2015898218,Mga,,
41,SLO,False,-0.046117353,,,
34,Transport-1,False,-0.0447160905,,,
17,Unc_5,False,0.0406245272,,,
9,MalR,False,0.0368077718,MalR,,
36,HrcA,False,0.0344232329,HrcA,,
33,Galactose,False,0.0326382958,,,
3,Unc_1,False,-0.0308657725,,,
22,Phage_2-2,False,0.029479405400000002,Phage_2,,
39,Transport-2,False,-0.024317269500000002,,,
20,Unc_7,False,0.0221201808,,,
1,CovR-1,False,0.019751028,CovR,,
35,YwzG,False,0.0190363584,YwzG,,
38,SpeB,False,0.0188606827,,,
19,Unc_6,False,-0.018728505200000002,,,
37,Phage_3-2,False,-0.018284340200000002,Phage_3,,
21,CcpA-2,False,-0.0171937129,CcpA,,
25,Unc_9,False,0.014949038100000001,,,
4,GlnR,False,-0.0110785541,GlnR,,
23,SLS,False,0.0108750973,,,
30,Phage_3-1,False,-0.009277992,Phage_3,,
14,Unc_4,False,0.0084543163,,,
32,Unc_11,False,-0.0084371764,,,
8,PyrR,False,0.0083671975,PyrR,,
24,Unc_8,False,-0.0081661686,,,
18,PurR,False,0.0077867457,PurR,,
12,VicR,False,0.0074632558000000005,VicR,,
31,Phage_2-3,False,0.0070233583,Phage_2,,
28,CovR-2,False,0.0068806246,CovR,,
10,Unc_2,False,0.0066614981000000005,,,
0,FabT,False,-0.0064086761,FabT,,
2,Phage_1-1,False,-0.0055085091000000004,Phage_1,,
6,Rgg,False,-0.0038851207,Rgg,,
5,CcpA-1,False,-0.0038387194,CcpA,,
15,NanR,False,-0.0037950576000000003,NanR,,
40,Unc_12,False,-0.0037850780000000003,,,
27,Unc_10,False,-0.0029422606,,,
29,MalR2,False,0.0025790603000000003,MalR2,,
16,NrdR,False,0.0020201793,NrdR,,
7,Phage_2-1,False,-0.0016351139,Phage_2,,
11,Unc_3,False,0.00153437,,,
13,Phage_1-2,False,0.0005584015,Phage_1,,
