k,name,in_iM,gene_weight,regulator,function,category
6,Rgg,True,0.21170407430000002,Rgg,,
16,NrdR,False,0.0373679348,NrdR,,
23,SLS,False,0.0311385835,,,
15,NanR,False,0.0247776954,NanR,,
17,Unc_5,False,0.0215451598,,,
1,CovR-1,False,-0.0212313428,CovR,,
25,Unc_9,False,-0.0202866093,,,
4,GlnR,False,-0.018774757700000002,GlnR,,
26,Mga,False,-0.0187182083,Mga,,
41,SLO,False,-0.0155742714,,,
10,Unc_2,False,-0.015337575400000001,,,
9,MalR,False,-0.0149245191,MalR,,
40,Unc_12,False,-0.013838162400000001,,,
7,Phage_2-1,False,-0.013776235000000001,Phage_2,,
0,FabT,False,-0.0135365287,FabT,,
20,Unc_7,False,0.0132874919,,,
14,Unc_4,False,-0.013194221,,,
36,HrcA,False,-0.0131820287,HrcA,,
8,PyrR,False,0.012934534900000001,PyrR,,
5,CcpA-1,False,0.012603578300000001,CcpA,,
39,Transport-2,False,0.0110470835,,,
22,Phage_2-2,False,-0.010759176300000001,Phage_2,,
3,Unc_1,False,-0.0100451826,,,
24,Unc_8,False,-0.008949159200000001,,,
28,CovR-2,False,0.0084684262,CovR,,
2,Phage_1-1,False,0.008328498200000001,Phage_1,,
27,Unc_10,False,-0.0057609331,,,
35,YwzG,False,0.0056744882,YwzG,,
11,Unc_3,False,-0.0056081715,,,
34,Transport-1,False,0.0054198628,,,
37,Phage_3-2,False,0.0052967535,Phage_3,,
19,Unc_6,False,-0.0050792017,,,
13,Phage_1-2,False,-0.0049660106,Phage_1,,
30,Phage_3-1,False,0.0048416711,Phage_3,,
12,VicR,False,0.0047912344,VicR,,
18,PurR,False,0.0047087632,PurR,,
31,Phage_2-3,False,-0.004227362,Phage_2,,
32,Unc_11,False,-0.0039505665,,,
33,Galactose,False,-0.0033125194,,,
29,MalR2,False,-0.0018300375,MalR2,,
21,CcpA-2,False,0.0015715261,CcpA,,
38,SpeB,False,-0.0004973651,,,
