k,name,in_iM,gene_weight,regulator,function,category
10,Unc_2,False,-0.021147947400000002,,,
39,Transport-2,False,0.0210158906,,,
20,Unc_7,False,-0.0202650762,,,
35,YwzG,False,-0.0201135109,YwzG,,
23,SLS,False,-0.0193531901,,,
41,SLO,False,-0.0176746523,,,
3,Unc_1,False,-0.0176356546,,,
19,Unc_6,False,0.0166035459,,,
11,Unc_3,False,0.016600428900000002,,,
30,Phage_3-1,False,-0.0162829195,Phage_3,,
36,HrcA,False,-0.0145735675,HrcA,,
40,Unc_12,False,0.013796438900000001,,,
26,Mga,False,-0.0116388904,Mga,,
38,SpeB,False,-0.0093749147,,,
8,PyrR,False,-0.0087678797,PyrR,,
0,FabT,False,-0.0083411464,FabT,,
5,CcpA-1,False,-0.007788300200000001,CcpA,,
22,Phage_2-2,False,0.0071572143,Phage_2,,
7,Phage_2-1,False,-0.007030809900000001,Phage_2,,
16,NrdR,False,-0.0068809935,NrdR,,
1,CovR-1,False,-0.0061716387,CovR,,
17,Unc_5,False,-0.0055792864,,,
27,Unc_10,False,0.0054683285,,,
28,CovR-2,False,-0.0053720145,CovR,,
4,GlnR,False,0.0052958803,GlnR,,
9,MalR,False,-0.0052394533,MalR,,
13,Phage_1-2,False,-0.0052192792,Phage_1,,
34,Transport-1,False,0.0050103516,,,
21,CcpA-2,False,-0.004796377100000001,CcpA,,
31,Phage_2-3,False,0.004778897900000001,Phage_2,,
37,Phage_3-2,False,0.0044198207,Phage_3,,
15,NanR,False,0.0042614363,NanR,,
29,MalR2,False,-0.0040001855000000005,MalR2,,
24,Unc_8,False,0.0035405557,,,
6,Rgg,False,-0.0033393995,Rgg,,
25,Unc_9,False,-0.0026051484,,,
32,Unc_11,False,-0.0013725537000000001,,,
2,Phage_1-1,False,-0.0012700132,Phage_1,,
18,PurR,False,0.0012454226000000001,PurR,,
12,VicR,False,0.0011997969,VicR,,
33,Galactose,False,0.0007536503,,,
14,Unc_4,False,-0.000684225,,,
