k,name,in_iM,gene_weight,regulator,function,category
10,Unc_2,False,0.0679110774,,,
35,YwzG,False,-0.0255302295,YwzG,,
17,Unc_5,False,0.021210277200000002,,,
36,HrcA,False,-0.015044686000000002,HrcA,,
12,VicR,False,-0.0140596986,VicR,,
24,Unc_8,False,-0.0130671016,,,
9,MalR,False,0.0104497571,MalR,,
20,Unc_7,False,0.0102827963,,,
27,Unc_10,False,-0.010186793000000001,,,
41,SLO,False,-0.009778283,,,
31,Phage_2-3,False,0.009202779900000001,Phage_2,,
0,FabT,False,0.0090783939,FabT,,
25,Unc_9,False,-0.008986844,,,
4,GlnR,False,-0.0086561429,GlnR,,
13,Phage_1-2,False,-0.0084073667,Phage_1,,
32,Unc_11,False,-0.0081519626,,,
7,Phage_2-1,False,-0.008036359,Phage_2,,
8,PyrR,False,-0.0079025923,PyrR,,
40,Unc_12,False,-0.0077696020000000005,,,
22,Phage_2-2,False,-0.0077011537,Phage_2,,
3,Unc_1,False,-0.0075685698,,,
16,NrdR,False,-0.007390351900000001,NrdR,,
39,Transport-2,False,0.0070362131,,,
14,Unc_4,False,-0.0068087136,,,
18,PurR,False,0.0067396532,PurR,,
37,Phage_3-2,False,0.0063663815000000006,Phage_3,,
11,Unc_3,False,-0.0061788830000000005,,,
29,MalR2,False,0.0055736641,MalR2,,
15,NanR,False,-0.0051828391,NanR,,
26,Mga,False,0.0051577877,Mga,,
30,Phage_3-1,False,0.0047191018,Phage_3,,
19,Unc_6,False,-0.0040160339,,,
1,CovR-1,False,-0.0037481326,CovR,,
33,Galactose,False,0.0036869801000000003,,,
38,SpeB,False,0.0026552518000000002,,,
6,Rgg,False,0.0026321931,Rgg,,
34,Transport-1,False,0.00220927,,,
28,CovR-2,False,0.0017503163000000001,CovR,,
2,Phage_1-1,False,-0.0014464039,Phage_1,,
21,CcpA-2,False,0.0011703136,CcpA,,
5,CcpA-1,False,-0.0005284003,CcpA,,
23,SLS,False,0.0004929528,,,
