k,name,in_iM,gene_weight,regulator,function,category
24,Unc_8,True,0.1428305213,,,
11,Unc_3,False,0.0247545233,,,
8,PyrR,False,0.0167138558,PyrR,,
33,Galactose,False,0.016210723,,,
16,NrdR,False,0.0128359341,NrdR,,
18,PurR,False,-0.0126177006,PurR,,
9,MalR,False,-0.012453572100000001,MalR,,
12,VicR,False,0.0123697397,VicR,,
27,Unc_10,False,-0.0120548202,,,
40,Unc_12,False,0.0120260242,,,
2,Phage_1-1,False,-0.0115041931,Phage_1,,
39,Transport-2,False,-0.0113435906,,,
22,Phage_2-2,False,0.010857081900000001,Phage_2,,
34,Transport-1,False,-0.0088487681,,,
36,HrcA,False,-0.0083881932,HrcA,,
21,CcpA-2,False,-0.007982364300000001,CcpA,,
25,Unc_9,False,0.007799843000000001,,,
10,Unc_2,False,-0.0076496486,,,
7,Phage_2-1,False,-0.007574636300000001,Phage_2,,
20,Unc_7,False,-0.0073423656,,,
32,Unc_11,False,-0.0071283198,,,
19,Unc_6,False,-0.0069111525,,,
14,Unc_4,False,-0.0067546289,,,
37,Phage_3-2,False,0.0057478344,Phage_3,,
15,NanR,False,0.005329302,NanR,,
31,Phage_2-3,False,0.004879953,Phage_2,,
0,FabT,False,0.0046241371,FabT,,
29,MalR2,False,-0.0033561084,MalR2,,
41,SLO,False,-0.0031122776000000003,,,
26,Mga,False,0.0030186550000000003,Mga,,
28,CovR-2,False,-0.0028269551,CovR,,
35,YwzG,False,0.0018705101000000002,YwzG,,
17,Unc_5,False,-0.0017175338,,,
23,SLS,False,0.0016928722,,,
38,SpeB,False,-0.0016631620000000001,,,
30,Phage_3-1,False,-0.0016207251,Phage_3,,
6,Rgg,False,0.0013077325,Rgg,,
3,Unc_1,False,-0.0012756381,,,
5,CcpA-1,False,0.0010799238,CcpA,,
13,Phage_1-2,False,0.0007922228,Phage_1,,
4,GlnR,False,0.0004105305,GlnR,,
1,CovR-1,False,-0.0001113082,CovR,,
