k,name,in_iM,gene_weight,regulator,function,category
14,Unc_4,False,-0.0397614896,,,
20,Unc_7,False,-0.032316736900000004,,,
22,Phage_2-2,False,-0.029400699500000002,Phage_2,,
40,Unc_12,False,-0.0251714673,,,
35,YwzG,False,-0.024354050800000002,YwzG,,
19,Unc_6,False,-0.0229462161,,,
18,PurR,False,-0.0183950816,PurR,,
0,FabT,False,-0.0173298652,FabT,,
3,Unc_1,False,0.0156004622,,,
27,Unc_10,False,-0.015408580600000001,,,
36,HrcA,False,-0.015217807100000001,HrcA,,
25,Unc_9,False,0.0147032025,,,
28,CovR-2,False,-0.0145821378,CovR,,
16,NrdR,False,0.014406781,NrdR,,
8,PyrR,False,-0.0140680063,PyrR,,
4,GlnR,False,-0.0127912054,GlnR,,
31,Phage_2-3,False,-0.0114519688,Phage_2,,
39,Transport-2,False,-0.0100476122,,,
11,Unc_3,False,-0.009414197000000001,,,
23,SLS,False,-0.0093771772,,,
26,Mga,False,-0.0084086134,Mga,,
41,SLO,False,-0.0077735415,,,
24,Unc_8,False,0.0073666764,,,
38,SpeB,False,-0.0071593152,,,
33,Galactose,False,-0.0061855663000000005,,,
12,VicR,False,-0.0056513953000000006,VicR,,
10,Unc_2,False,-0.0048835355,,,
34,Transport-1,False,-0.004425821,,,
2,Phage_1-1,False,-0.004339527,Phage_1,,
29,MalR2,False,0.003186696,MalR2,,
21,CcpA-2,False,0.00310309,CcpA,,
17,Unc_5,False,0.0028357446,,,
15,NanR,False,0.002151582,NanR,,
1,CovR-1,False,0.0021477211,CovR,,
32,Unc_11,False,-0.0020592738,,,
9,MalR,False,0.0020385091,MalR,,
5,CcpA-1,False,0.001905131,CcpA,,
7,Phage_2-1,False,-0.0015401985,Phage_2,,
37,Phage_3-2,False,-0.0011669476,Phage_3,,
13,Phage_1-2,False,-0.0008550721,Phage_1,,
30,Phage_3-1,False,0.00010718650000000001,Phage_3,,
6,Rgg,False,2.2243700000000002e-05,Rgg,,
