k,name,in_iM,gene_weight,regulator,function,category
20,Unc_7,False,0.0297059611,,,
10,Unc_2,False,-0.0252925932,,,
32,Unc_11,False,-0.0237739642,,,
18,PurR,False,-0.0215764058,PurR,,
27,Unc_10,False,-0.019727516900000002,,,
3,Unc_1,False,-0.0168483558,,,
12,VicR,False,-0.0159574188,VicR,,
34,Transport-1,False,-0.014709701700000001,,,
23,SLS,False,-0.013627256300000001,,,
22,Phage_2-2,False,0.0118945636,Phage_2,,
11,Unc_3,False,-0.011695854,,,
19,Unc_6,False,-0.0111457064,,,
31,Phage_2-3,False,-0.011000626000000001,Phage_2,,
0,FabT,False,-0.0109194103,FabT,,
9,MalR,False,-0.0105765714,MalR,,
37,Phage_3-2,False,0.0103378245,Phage_3,,
25,Unc_9,False,-0.009445756100000001,,,
14,Unc_4,False,-0.0094135302,,,
21,CcpA-2,False,0.0090908343,CcpA,,
13,Phage_1-2,False,-0.009000605,Phage_1,,
4,GlnR,False,0.007829498,GlnR,,
40,Unc_12,False,0.006112602500000001,,,
33,Galactose,False,-0.0053300754,,,
15,NanR,False,-0.0049204534,NanR,,
26,Mga,False,-0.004883401,Mga,,
8,PyrR,False,0.0048088024,PyrR,,
2,Phage_1-1,False,-0.0046250127,Phage_1,,
29,MalR2,False,0.0045063937,MalR2,,
7,Phage_2-1,False,-0.0041634926,Phage_2,,
38,SpeB,False,0.0028174555,,,
41,SLO,False,-0.0027129174,,,
28,CovR-2,False,-0.0027065275,CovR,,
6,Rgg,False,-0.0026265157,Rgg,,
17,Unc_5,False,-0.0018494837,,,
24,Unc_8,False,0.0018249551,,,
35,YwzG,False,-0.00175965,YwzG,,
1,CovR-1,False,-0.0016043982,CovR,,
5,CcpA-1,False,0.0011634949,CcpA,,
30,Phage_3-1,False,0.0008754695,Phage_3,,
16,NrdR,False,0.0005896018,NrdR,,
39,Transport-2,False,-6.00917e-05,,,
36,HrcA,False,1.60913e-05,HrcA,,
