k,name,in_iM,gene_weight,regulator,function,category
32,Unc_11,False,0.0222933963,,,
17,Unc_5,False,-0.016127428200000002,,,
41,SLO,False,0.012772145200000001,,,
18,PurR,False,-0.0111673126,PurR,,
31,Phage_2-3,False,-0.0102062676,Phage_2,,
25,Unc_9,False,0.0093535426,,,
33,Galactose,False,-0.0093218921,,,
19,Unc_6,False,0.0090752894,,,
12,VicR,False,0.008876543300000001,VicR,,
16,NrdR,False,0.0086162958,NrdR,,
4,GlnR,False,-0.0080404327,GlnR,,
14,Unc_4,False,-0.0073973706000000005,,,
26,Mga,False,0.007301123400000001,Mga,,
28,CovR-2,False,-0.0070863254,CovR,,
36,HrcA,False,0.007038782800000001,HrcA,,
1,CovR-1,False,-0.0068938669,CovR,,
0,FabT,False,-0.0067599674000000005,FabT,,
34,Transport-1,False,-0.0060016859,,,
13,Phage_1-2,False,-0.0058762652,Phage_1,,
37,Phage_3-2,False,-0.0058683995000000004,Phage_3,,
21,CcpA-2,False,-0.0056178662,CcpA,,
22,Phage_2-2,False,-0.0055161326,Phage_2,,
11,Unc_3,False,0.0054561665,,,
3,Unc_1,False,-0.0054331308,,,
9,MalR,False,-0.0051893184,MalR,,
30,Phage_3-1,False,-0.0051413239000000005,Phage_3,,
27,Unc_10,False,-0.004860583700000001,,,
35,YwzG,False,-0.0046729544,YwzG,,
29,MalR2,False,0.0043853491,MalR2,,
6,Rgg,False,-0.0043459518,Rgg,,
5,CcpA-1,False,-0.0042777296,CcpA,,
40,Unc_12,False,-0.0042638513000000005,,,
15,NanR,False,0.0017678871000000001,NanR,,
7,Phage_2-1,False,0.001708497,Phage_2,,
20,Unc_7,False,0.0015840452000000001,,,
23,SLS,False,-0.0010899757,,,
10,Unc_2,False,-0.0006976815000000001,,,
39,Transport-2,False,0.0006668272,,,
2,Phage_1-1,False,-0.0005968222000000001,Phage_1,,
8,PyrR,False,-0.00030000700000000003,PyrR,,
38,SpeB,False,-0.0002760922,,,
24,Unc_8,False,-6.07757e-05,,,
