k,name,in_iM,gene_weight,regulator,function,category
27,Unc_10,True,0.0967770919,,,
36,HrcA,False,-0.0625554975,HrcA,,
25,Unc_9,False,0.0557705882,,,
0,FabT,False,-0.045388099200000004,FabT,,
15,NanR,False,-0.037536012300000005,NanR,,
17,Unc_5,False,0.037171687,,,
34,Transport-1,False,-0.0370678785,,,
14,Unc_4,False,-0.0288281731,,,
33,Galactose,False,0.027973460500000002,,,
30,Phage_3-1,False,0.026120713900000002,Phage_3,,
16,NrdR,False,-0.0249405563,NrdR,,
22,Phage_2-2,False,0.0239219157,Phage_2,,
1,CovR-1,False,0.0224888631,CovR,,
39,Transport-2,False,-0.0221143354,,,
12,VicR,False,-0.021928240300000002,VicR,,
35,YwzG,False,0.0208056242,YwzG,,
41,SLO,False,-0.0185074002,,,
11,Unc_3,False,-0.0183718206,,,
5,CcpA-1,False,0.018090505700000002,CcpA,,
37,Phage_3-2,False,0.0176935787,Phage_3,,
10,Unc_2,False,-0.0138367755,,,
23,SLS,False,0.0133930543,,,
21,CcpA-2,False,-0.0131308141,CcpA,,
20,Unc_7,False,0.0129606999,,,
2,Phage_1-1,False,-0.0115987134,Phage_1,,
4,GlnR,False,-0.0111195214,GlnR,,
40,Unc_12,False,0.0103733495,,,
32,Unc_11,False,0.010209125900000001,,,
24,Unc_8,False,-0.0093177351,,,
8,PyrR,False,-0.00857796,PyrR,,
9,MalR,False,-0.0082086419,MalR,,
19,Unc_6,False,-0.0075783578,,,
31,Phage_2-3,False,0.006675286000000001,Phage_2,,
29,MalR2,False,0.0047228264,MalR2,,
3,Unc_1,False,0.0040945339,,,
28,CovR-2,False,0.0026294120000000002,CovR,,
38,SpeB,False,0.0025920432,,,
6,Rgg,False,-0.0022750048,Rgg,,
18,PurR,False,0.002137209,PurR,,
26,Mga,False,-0.0015313710000000001,Mga,,
13,Phage_1-2,False,0.0014148581,Phage_1,,
7,Phage_2-1,False,-0.0007640790000000001,Phage_2,,
