k,name,in_iM,gene_weight,regulator,function,category
20,Unc_7,False,-0.0221355081,,,
14,Unc_4,False,-0.0175208292,,,
17,Unc_5,False,-0.0158200619,,,
11,Unc_3,False,-0.0147673382,,,
24,Unc_8,False,0.0143434192,,,
27,Unc_10,False,0.0142667832,,,
4,GlnR,False,0.013045898700000001,GlnR,,
18,PurR,False,-0.0129381102,PurR,,
19,Unc_6,False,-0.010263743300000001,,,
0,FabT,False,-0.0094157148,FabT,,
32,Unc_11,False,0.009003395800000001,,,
6,Rgg,False,-0.0077425018,Rgg,,
33,Galactose,False,0.007125167000000001,,,
21,CcpA-2,False,-0.0069435304,CcpA,,
34,Transport-1,False,-0.0064625679000000005,,,
37,Phage_3-2,False,0.0061145873,Phage_3,,
26,Mga,False,-0.005839874300000001,Mga,,
16,NrdR,False,0.0057794442,NrdR,,
31,Phage_2-3,False,-0.0055947404,Phage_2,,
5,CcpA-1,False,-0.0054080035,CcpA,,
28,CovR-2,False,-0.0052184401,CovR,,
13,Phage_1-2,False,-0.0050739065,Phage_1,,
7,Phage_2-1,False,-0.0046182598,Phage_2,,
39,Transport-2,False,-0.004263076,,,
9,MalR,False,0.0038613297,MalR,,
41,SLO,False,0.0038586747,,,
30,Phage_3-1,False,-0.0037340641,Phage_3,,
29,MalR2,False,0.0031437458,MalR2,,
23,SLS,False,-0.0020813303000000003,,,
38,SpeB,False,0.0016124942,,,
22,Phage_2-2,False,0.0013177124,Phage_2,,
25,Unc_9,False,-0.0013030561,,,
2,Phage_1-1,False,-0.0012455964,Phage_1,,
12,VicR,False,-0.0011823973,VicR,,
36,HrcA,False,-0.0009931619,HrcA,,
3,Unc_1,False,-0.0009065859,,,
15,NanR,False,-0.0008362553,NanR,,
8,PyrR,False,-0.0007636458,PyrR,,
1,CovR-1,False,0.0007310138,CovR,,
40,Unc_12,False,0.0004077651,,,
10,Unc_2,False,0.0002591488,,,
35,YwzG,False,7.82152e-05,YwzG,,
