k,name,in_iM,gene_weight,regulator,function,category
13,Phage_1-2,True,0.1623677,Phage_1,,
34,Transport-1,False,-0.067357739,,,
35,YwzG,False,0.057894306300000004,YwzG,,
8,PyrR,False,0.0348557174,PyrR,,
2,Phage_1-1,False,0.0330614408,Phage_1,,
39,Transport-2,False,0.0323086413,,,
19,Unc_6,False,0.0294638922,,,
16,NrdR,False,0.023476912200000002,NrdR,,
27,Unc_10,False,-0.0224216582,,,
7,Phage_2-1,False,0.0206724868,Phage_2,,
10,Unc_2,False,0.020305144100000002,,,
4,GlnR,False,-0.0195229196,GlnR,,
40,Unc_12,False,-0.0189073737,,,
9,MalR,False,-0.0175640377,MalR,,
32,Unc_11,False,-0.017459522300000002,,,
12,VicR,False,0.0138618373,VicR,,
22,Phage_2-2,False,-0.013690628600000001,Phage_2,,
5,CcpA-1,False,0.012340427400000001,CcpA,,
37,Phage_3-2,False,0.0122284786,Phage_3,,
24,Unc_8,False,-0.011926804400000001,,,
18,PurR,False,0.0114978469,PurR,,
28,CovR-2,False,0.0110649262,CovR,,
26,Mga,False,0.0096229626,Mga,,
15,NanR,False,-0.0079422316,NanR,,
14,Unc_4,False,0.007601072,,,
1,CovR-1,False,0.0068055051,CovR,,
29,MalR2,False,-0.0066994424,MalR2,,
38,SpeB,False,-0.0062331507000000005,,,
23,SLS,False,0.0059492556,,,
6,Rgg,False,0.0057979225,Rgg,,
11,Unc_3,False,-0.0056699029,,,
31,Phage_2-3,False,0.0050747281,Phage_2,,
17,Unc_5,False,0.0038536112000000003,,,
0,FabT,False,0.0037857702,FabT,,
20,Unc_7,False,0.0037417892,,,
21,CcpA-2,False,0.0028909633,CcpA,,
33,Galactose,False,0.0021739394,,,
25,Unc_9,False,0.0019811148000000002,,,
41,SLO,False,0.0018985963000000001,,,
36,HrcA,False,-0.0017313253,HrcA,,
3,Unc_1,False,0.00037778700000000003,,,
30,Phage_3-1,False,6.67623e-05,Phage_3,,
