k,name,in_iM,gene_weight,regulator,function,category
18,PurR,False,0.0621794062,PurR,,
36,HrcA,False,-0.0276574714,HrcA,,
27,Unc_10,False,-0.0221377366,,,
25,Unc_9,False,0.020032591500000002,,,
10,Unc_2,False,0.0190631139,,,
34,Transport-1,False,-0.016487945900000002,,,
20,Unc_7,False,-0.0163297111,,,
9,MalR,False,0.0150112708,MalR,,
1,CovR-1,False,0.0142143328,CovR,,
16,NrdR,False,0.0130135612,NrdR,,
12,VicR,False,-0.012435330500000001,VicR,,
3,Unc_1,False,-0.0118205097,,,
37,Phage_3-2,False,0.011602812700000001,Phage_3,,
15,NanR,False,-0.0115019397,NanR,,
23,SLS,False,0.0104044496,,,
13,Phage_1-2,False,-0.0097888503,Phage_1,,
35,YwzG,False,-0.0091411809,YwzG,,
11,Unc_3,False,0.0088350394,,,
28,CovR-2,False,0.0086456681,CovR,,
30,Phage_3-1,False,-0.008386845300000001,Phage_3,,
17,Unc_5,False,0.0081588682,,,
40,Unc_12,False,-0.0075167878,,,
14,Unc_4,False,0.006518826,,,
32,Unc_11,False,-0.0061880996,,,
41,SLO,False,0.0060679643,,,
39,Transport-2,False,0.0051226021,,,
6,Rgg,False,0.0051051357,Rgg,,
19,Unc_6,False,-0.0046865687,,,
5,CcpA-1,False,-0.0044503780000000005,CcpA,,
21,CcpA-2,False,-0.004128312800000001,CcpA,,
33,Galactose,False,0.0041084463000000005,,,
31,Phage_2-3,False,-0.0039465341,Phage_2,,
2,Phage_1-1,False,0.003938998,Phage_1,,
8,PyrR,False,-0.0033345767,PyrR,,
0,FabT,False,0.0031763855,FabT,,
29,MalR2,False,0.0021768097000000003,MalR2,,
7,Phage_2-1,False,0.0013619851,Phage_2,,
26,Mga,False,-0.0012043485,Mga,,
22,Phage_2-2,False,0.0008935022000000001,Phage_2,,
4,GlnR,False,0.0006445470000000001,GlnR,,
38,SpeB,False,0.0002679178,,,
24,Unc_8,False,-0.00011681940000000001,,,
