k,name,in_iM,gene_weight,regulator,function,category
11,Unc_3,False,-0.0265835908,,,
24,Unc_8,False,-0.0197995391,,,
26,Mga,False,-0.019367124000000003,Mga,,
17,Unc_5,False,-0.017852977000000003,,,
8,PyrR,False,0.0166089531,PyrR,,
5,CcpA-1,False,-0.015491574900000001,CcpA,,
16,NrdR,False,-0.015404804800000001,NrdR,,
14,Unc_4,False,-0.013337382600000001,,,
1,CovR-1,False,-0.013050166700000001,CovR,,
40,Unc_12,False,0.0127078252,,,
3,Unc_1,False,0.011667603700000001,,,
7,Phage_2-1,False,-0.010334220600000001,Phage_2,,
15,NanR,False,-0.009877490800000001,NanR,,
32,Unc_11,False,-0.0093403202,,,
39,Transport-2,False,-0.0080994248,,,
23,SLS,False,0.0070656508,,,
0,FabT,False,-0.006885256,FabT,,
19,Unc_6,False,-0.0068639215,,,
33,Galactose,False,-0.0067569112,,,
38,SpeB,False,-0.0065270389000000005,,,
13,Phage_1-2,False,-0.0062224673,Phage_1,,
34,Transport-1,False,-0.005595437500000001,,,
4,GlnR,False,-0.0055243528,GlnR,,
30,Phage_3-1,False,-0.0048227431000000005,Phage_3,,
10,Unc_2,False,-0.0046840419,,,
36,HrcA,False,0.0042507893,HrcA,,
20,Unc_7,False,0.0039417582,,,
12,VicR,False,-0.0039094889,VicR,,
27,Unc_10,False,-0.003427475,,,
2,Phage_1-1,False,-0.0031983193,Phage_1,,
25,Unc_9,False,-0.0030130767,,,
9,MalR,False,0.0029646973,MalR,,
18,PurR,False,-0.0027254319000000003,PurR,,
29,MalR2,False,-0.0019505483,MalR2,,
31,Phage_2-3,False,0.0017906219000000001,Phage_2,,
41,SLO,False,0.0016603914000000001,,,
22,Phage_2-2,False,-0.00137622,Phage_2,,
37,Phage_3-2,False,-0.0013655808,Phage_3,,
28,CovR-2,False,-0.0008012707,CovR,,
6,Rgg,False,-0.0007826986000000001,Rgg,,
21,CcpA-2,False,0.00029206370000000003,CcpA,,
35,YwzG,False,-0.00010875130000000001,YwzG,,
