k,name,in_iM,gene_weight,regulator,function,category
34,Transport-1,True,-0.07592676500000001,,,
41,SLO,False,-0.0684124373,,,
39,Transport-2,False,-0.0651279136,,,
24,Unc_8,False,-0.0578600592,,,
25,Unc_9,False,0.0467780069,,,
1,CovR-1,False,0.0422885244,CovR,,
30,Phage_3-1,False,-0.0385945632,Phage_3,,
5,CcpA-1,False,-0.0336821716,CcpA,,
9,MalR,False,-0.0331081634,MalR,,
3,Unc_1,False,0.0320775335,,,
31,Phage_2-3,False,-0.030278476000000002,Phage_2,,
7,Phage_2-1,False,-0.030019740700000002,Phage_2,,
29,MalR2,False,-0.0288733966,MalR2,,
20,Unc_7,False,-0.0232896598,,,
27,Unc_10,False,0.019717066300000002,,,
22,Phage_2-2,False,-0.0193486211,Phage_2,,
40,Unc_12,False,0.0189524299,,,
38,SpeB,False,-0.0187864179,,,
35,YwzG,False,0.0176731135,YwzG,,
16,NrdR,False,0.0165044052,NrdR,,
19,Unc_6,False,-0.0153118239,,,
0,FabT,False,-0.0146853564,FabT,,
26,Mga,False,-0.0136311218,Mga,,
23,SLS,False,-0.0128509312,,,
15,NanR,False,0.011650746200000001,NanR,,
4,GlnR,False,0.0103967738,GlnR,,
36,HrcA,False,-0.0101986123,HrcA,,
10,Unc_2,False,-0.0099917611,,,
13,Phage_1-2,False,0.0085404986,Phage_1,,
32,Unc_11,False,-0.008417271,,,
6,Rgg,False,0.0080914712,Rgg,,
17,Unc_5,False,-0.0078214326,,,
2,Phage_1-1,False,0.0066616946,Phage_1,,
18,PurR,False,0.0065193515,PurR,,
11,Unc_3,False,0.005225436,,,
33,Galactose,False,0.0049574907,,,
28,CovR-2,False,0.0046145034,CovR,,
12,VicR,False,0.0045723707,VicR,,
21,CcpA-2,False,0.0045589795,CcpA,,
37,Phage_3-2,False,0.0026665686,Phage_3,,
8,PyrR,False,-0.0007822755,PyrR,,
14,Unc_4,False,0.00041416690000000003,,,
