k,name,in_iM,gene_weight,regulator,function,category
36,HrcA,False,-0.053624341900000004,HrcA,,
25,Unc_9,False,-0.0397973348,,,
29,MalR2,False,0.0369671475,MalR2,,
12,VicR,False,0.03611256,VicR,,
15,NanR,False,0.0290039274,NanR,,
9,MalR,False,0.027586439400000003,MalR,,
33,Galactose,False,0.0275731237,,,
37,Phage_3-2,False,0.0271854536,Phage_3,,
39,Transport-2,False,-0.0269531224,,,
0,FabT,False,-0.0269213537,FabT,,
22,Phage_2-2,False,0.0262298912,Phage_2,,
11,Unc_3,False,-0.023823824900000002,,,
30,Phage_3-1,False,0.0190227541,Phage_3,,
26,Mga,False,0.0188965057,Mga,,
35,YwzG,False,0.0172192655,YwzG,,
4,GlnR,False,0.016969696200000002,GlnR,,
23,SLS,False,0.0160806879,,,
41,SLO,False,-0.0158117221,,,
31,Phage_2-3,False,0.013738990900000001,Phage_2,,
17,Unc_5,False,-0.011704165,,,
38,SpeB,False,0.0114722565,,,
24,Unc_8,False,-0.0114075213,,,
28,CovR-2,False,-0.0102608769,CovR,,
27,Unc_10,False,-0.0094252782,,,
13,Phage_1-2,False,-0.0093388936,Phage_1,,
2,Phage_1-1,False,-0.0082193209,Phage_1,,
19,Unc_6,False,-0.0061307093,,,
16,NrdR,False,0.005926191000000001,NrdR,,
34,Transport-1,False,0.00569932,,,
14,Unc_4,False,-0.0055033149,,,
10,Unc_2,False,0.0053907125,,,
8,PyrR,False,-0.004243233700000001,PyrR,,
18,PurR,False,0.0039573510000000004,PurR,,
1,CovR-1,False,-0.0034710528,CovR,,
40,Unc_12,False,-0.003334739,,,
21,CcpA-2,False,-0.0030277701,CcpA,,
20,Unc_7,False,-0.0027085131,,,
3,Unc_1,False,0.0015695064000000002,,,
6,Rgg,False,0.0004077551,Rgg,,
7,Phage_2-1,False,0.0004048883,Phage_2,,
32,Unc_11,False,0.000377678,,,
5,CcpA-1,False,-0.0001883194,CcpA,,
