k,name,in_iM,gene_weight,regulator,function,category
32,Unc_11,False,0.0373478974,,,
11,Unc_3,False,0.0273560535,,,
17,Unc_5,False,-0.023437257200000002,,,
10,Unc_2,False,0.0220530225,,,
20,Unc_7,False,-0.0192342799,,,
41,SLO,False,-0.0164844099,,,
19,Unc_6,False,-0.0161751434,,,
9,MalR,False,-0.015288462400000001,MalR,,
16,NrdR,False,0.012904314200000001,NrdR,,
18,PurR,False,-0.012636474,PurR,,
33,Galactose,False,-0.0119525905,,,
12,VicR,False,-0.011472731,VicR,,
25,Unc_9,False,0.010767039,,,
24,Unc_8,False,0.010089071600000001,,,
6,Rgg,False,-0.0100754334,Rgg,,
35,YwzG,False,-0.0082858777,YwzG,,
0,FabT,False,-0.008276754400000001,FabT,,
14,Unc_4,False,0.007249187000000001,,,
7,Phage_2-1,False,-0.006701512000000001,Phage_2,,
34,Transport-1,False,-0.0066580261000000005,,,
4,GlnR,False,0.0066480869,GlnR,,
36,HrcA,False,0.006334925700000001,HrcA,,
39,Transport-2,False,0.0057071096,,,
5,CcpA-1,False,-0.0055924715000000005,CcpA,,
40,Unc_12,False,-0.0048745214,,,
21,CcpA-2,False,-0.0048010057,CcpA,,
2,Phage_1-1,False,-0.004741907,Phage_1,,
27,Unc_10,False,0.0046825077000000005,,,
26,Mga,False,0.0046464669,Mga,,
38,SpeB,False,0.0042155771,,,
29,MalR2,False,-0.0030225575,MalR2,,
28,CovR-2,False,-0.0029403944,CovR,,
13,Phage_1-2,False,-0.0028923189,Phage_1,,
37,Phage_3-2,False,-0.0027699424,Phage_3,,
22,Phage_2-2,False,0.0018567814,Phage_2,,
3,Unc_1,False,-0.0016772478,,,
30,Phage_3-1,False,-0.0014984686,Phage_3,,
1,CovR-1,False,0.0009148174,CovR,,
23,SLS,False,0.0007212308000000001,,,
15,NanR,False,0.0006004327,NanR,,
8,PyrR,False,-0.0003820187,PyrR,,
31,Phage_2-3,False,0.0002784612,Phage_2,,
