k,name,in_iM,gene_weight,regulator,function,category
30,Phage_3-1,True,0.0575684733,Phage_3,,
4,GlnR,False,0.0582769333,GlnR,,
19,Unc_6,False,-0.055223610400000005,,,
24,Unc_8,False,0.054932591600000004,,,
31,Phage_2-3,False,-0.0522364627,Phage_2,,
10,Unc_2,False,0.0508197852,,,
6,Rgg,False,-0.050554023600000005,Rgg,,
22,Phage_2-2,False,-0.044155007600000004,Phage_2,,
1,CovR-1,False,0.041633357,CovR,,
28,CovR-2,False,-0.0355707886,CovR,,
25,Unc_9,False,-0.0335887368,,,
5,CcpA-1,False,0.0307567313,CcpA,,
8,PyrR,False,0.0268416481,PyrR,,
34,Transport-1,False,-0.025908995400000003,,,
35,YwzG,False,0.0241878636,YwzG,,
20,Unc_7,False,-0.0235751982,,,
11,Unc_3,False,-0.0222979115,,,
36,HrcA,False,-0.0212490285,HrcA,,
33,Galactose,False,0.020427264,,,
9,MalR,False,0.018019845700000002,MalR,,
29,MalR2,False,-0.0178948471,MalR2,,
0,FabT,False,-0.016357867,FabT,,
3,Unc_1,False,0.0155135567,,,
41,SLO,False,0.0154964282,,,
21,CcpA-2,False,-0.014515970500000001,CcpA,,
14,Unc_4,False,-0.0142099841,,,
37,Phage_3-2,False,-0.012837359000000001,Phage_3,,
12,VicR,False,-0.010767929800000001,VicR,,
16,NrdR,False,0.0099833305,NrdR,,
18,PurR,False,-0.009740844700000001,PurR,,
40,Unc_12,False,0.008154112100000001,,,
27,Unc_10,False,0.007076503600000001,,,
2,Phage_1-1,False,0.0070123177,Phage_1,,
15,NanR,False,0.0060080181,NanR,,
23,SLS,False,0.0056465413,,,
32,Unc_11,False,-0.0051545044,,,
39,Transport-2,False,-0.0041760058,,,
26,Mga,False,0.0034237303,Mga,,
38,SpeB,False,0.0029341152000000002,,,
13,Phage_1-2,False,0.0021848297,Phage_1,,
7,Phage_2-1,False,-0.0009910891,Phage_2,,
17,Unc_5,False,2.6517700000000002e-05,,,
