k,name,in_iM,gene_weight,regulator,function,category
32,Unc_11,True,0.1465995473,,,
11,Unc_3,False,0.11043980410000001,,,
29,MalR2,False,-0.05489465,MalR2,,
41,SLO,False,-0.0382790328,,,
12,VicR,False,0.0345451579,VicR,,
14,Unc_4,False,-0.0267484189,,,
2,Phage_1-1,False,-0.0228290979,Phage_1,,
17,Unc_5,False,0.0228050521,,,
27,Unc_10,False,-0.0196503881,,,
39,Transport-2,False,-0.0176528195,,,
13,Phage_1-2,False,0.0170759584,Phage_1,,
33,Galactose,False,0.0155160741,,,
19,Unc_6,False,-0.0153962626,,,
35,YwzG,False,0.014876561100000001,YwzG,,
21,CcpA-2,False,-0.0138168739,CcpA,,
34,Transport-1,False,-0.0119670183,,,
4,GlnR,False,0.0113383938,GlnR,,
36,HrcA,False,0.0108811393,HrcA,,
22,Phage_2-2,False,0.0103942584,Phage_2,,
8,PyrR,False,0.009980797000000001,PyrR,,
9,MalR,False,-0.0098224381,MalR,,
37,Phage_3-2,False,0.0090025053,Phage_3,,
31,Phage_2-3,False,0.0085175391,Phage_2,,
15,NanR,False,0.0084764982,NanR,,
3,Unc_1,False,0.0083118629,,,
25,Unc_9,False,-0.0082851552,,,
40,Unc_12,False,0.0073860105,,,
6,Rgg,False,0.0070434024,Rgg,,
10,Unc_2,False,0.006687282,,,
28,CovR-2,False,0.0057967992,CovR,,
26,Mga,False,0.0052764825000000005,Mga,,
7,Phage_2-1,False,-0.0048463952,Phage_2,,
38,SpeB,False,-0.0044506654000000005,,,
30,Phage_3-1,False,-0.0042711955,Phage_3,,
5,CcpA-1,False,0.0042363058,CcpA,,
23,SLS,False,0.0034279519,,,
16,NrdR,False,-0.0031095352,NrdR,,
20,Unc_7,False,-0.002965735,,,
1,CovR-1,False,0.0022083125,CovR,,
18,PurR,False,-0.0018913544000000002,PurR,,
0,FabT,False,0.0006551233000000001,FabT,,
24,Unc_8,False,-0.0003249748,,,
