k,name,in_iM,gene_weight,regulator,function,category
4,GlnR,False,-0.0361804489,GlnR,,
26,Mga,False,-0.0317753577,Mga,,
8,PyrR,False,0.0299782918,PyrR,,
10,Unc_2,False,0.0297241944,,,
27,Unc_10,False,-0.0290819858,,,
0,FabT,False,-0.0240387495,FabT,,
3,Unc_1,False,-0.0239714785,,,
20,Unc_7,False,0.0234819009,,,
9,MalR,False,0.022418319000000003,MalR,,
36,HrcA,False,0.019636023000000002,HrcA,,
21,CcpA-2,False,-0.0176277748,CcpA,,
5,CcpA-1,False,0.016748665,CcpA,,
15,NanR,False,0.0147898027,NanR,,
24,Unc_8,False,-0.0143159423,,,
39,Transport-2,False,-0.0134819636,,,
37,Phage_3-2,False,-0.0116308221,Phage_3,,
34,Transport-1,False,-0.0113435954,,,
12,VicR,False,0.0111730024,VicR,,
25,Unc_9,False,0.0107096045,,,
17,Unc_5,False,-0.0106845299,,,
16,NrdR,False,-0.009599591900000001,NrdR,,
35,YwzG,False,0.007490844500000001,YwzG,,
38,SpeB,False,0.0072763373000000004,,,
1,CovR-1,False,-0.006967096000000001,CovR,,
14,Unc_4,False,-0.0068977148,,,
7,Phage_2-1,False,0.0067041439,Phage_2,,
30,Phage_3-1,False,-0.0063309222,Phage_3,,
31,Phage_2-3,False,0.0054902529,Phage_2,,
40,Unc_12,False,-0.005436065,,,
33,Galactose,False,-0.0052483064000000005,,,
6,Rgg,False,-0.0046151903000000005,Rgg,,
41,SLO,False,-0.0045851221,,,
2,Phage_1-1,False,-0.0031880021,Phage_1,,
13,Phage_1-2,False,-0.0021087318000000002,Phage_1,,
29,MalR2,False,0.0020383674000000003,MalR2,,
22,Phage_2-2,False,-0.0019753817000000003,Phage_2,,
28,CovR-2,False,-0.0018953411,CovR,,
11,Unc_3,False,0.0016311104,,,
32,Unc_11,False,0.0015719113000000002,,,
23,SLS,False,-0.0012728407000000001,,,
18,PurR,False,-0.0006031771,PurR,,
19,Unc_6,False,-0.00018747460000000002,,,
