k,name,in_iM,gene_weight,regulator,function,category
20,Unc_7,False,-0.0344990955,,,
11,Unc_3,False,-0.019722786200000002,,,
10,Unc_2,False,-0.018732239300000002,,,
36,HrcA,False,-0.0176658027,HrcA,,
5,CcpA-1,False,-0.0175917276,CcpA,,
16,NrdR,False,-0.0149382696,NrdR,,
38,SpeB,False,-0.014066150900000001,,,
9,MalR,False,-0.014065246600000001,MalR,,
34,Transport-1,False,0.0134182037,,,
27,Unc_10,False,-0.0122492424,,,
23,SLS,False,-0.0121313293,,,
22,Phage_2-2,False,-0.0104289284,Phage_2,,
35,YwzG,False,0.0093989052,YwzG,,
14,Unc_4,False,-0.0092122077,,,
32,Unc_11,False,0.0077008765,,,
33,Galactose,False,-0.007581958000000001,,,
28,CovR-2,False,-0.0058025042,CovR,,
30,Phage_3-1,False,-0.0056740145,Phage_3,,
1,CovR-1,False,-0.0052648134,CovR,,
6,Rgg,False,-0.0051578508000000006,Rgg,,
7,Phage_2-1,False,-0.0050470616000000005,Phage_2,,
19,Unc_6,False,0.005023936200000001,,,
0,FabT,False,0.0047039262,FabT,,
25,Unc_9,False,0.0042679276000000006,,,
41,SLO,False,0.0039267248,,,
2,Phage_1-1,False,-0.0037025729,Phage_1,,
29,MalR2,False,-0.003545765,MalR2,,
24,Unc_8,False,-0.003211555,,,
3,Unc_1,False,-0.0030722446000000002,,,
37,Phage_3-2,False,-0.0030232607,Phage_3,,
18,PurR,False,0.0029977842,PurR,,
4,GlnR,False,0.0027849773,GlnR,,
31,Phage_2-3,False,-0.0025797002,Phage_2,,
12,VicR,False,-0.0023445591,VicR,,
17,Unc_5,False,-0.0019636333,,,
26,Mga,False,-0.0018788979000000001,Mga,,
21,CcpA-2,False,0.0018449082,CcpA,,
15,NanR,False,0.0017457784,NanR,,
40,Unc_12,False,-0.0014222471,,,
13,Phage_1-2,False,-0.0005351352,Phage_1,,
8,PyrR,False,0.0004924611000000001,PyrR,,
39,Transport-2,False,7.3577e-06,,,
