k,name,in_iM,gene_weight,regulator,function,category
16,NrdR,False,0.040870796800000005,NrdR,,
10,Unc_2,False,-0.036573677900000004,,,
8,PyrR,False,-0.033099051000000004,PyrR,,
1,CovR-1,False,-0.030427765500000002,CovR,,
38,SpeB,False,0.028175057000000003,,,
39,Transport-2,False,-0.0242723769,,,
0,FabT,False,0.0217103397,FabT,,
5,CcpA-1,False,-0.0214483835,CcpA,,
32,Unc_11,False,0.020337113100000002,,,
24,Unc_8,False,0.0201677754,,,
40,Unc_12,False,-0.019895024900000002,,,
34,Transport-1,False,-0.0175236791,,,
11,Unc_3,False,-0.0173176212,,,
36,HrcA,False,-0.0152950719,HrcA,,
23,SLS,False,-0.0149054774,,,
26,Mga,False,-0.0114826532,Mga,,
2,Phage_1-1,False,-0.0112625191,Phage_1,,
14,Unc_4,False,0.011244858100000001,,,
35,YwzG,False,0.0111005242,YwzG,,
25,Unc_9,False,0.009080495400000001,,,
4,GlnR,False,-0.0090694256,GlnR,,
15,NanR,False,0.0089997279,NanR,,
41,SLO,False,0.0089116896,,,
6,Rgg,False,-0.0078301549,Rgg,,
28,CovR-2,False,0.0075135448,CovR,,
12,VicR,False,-0.006875880500000001,VicR,,
29,MalR2,False,-0.006677523,MalR2,,
33,Galactose,False,-0.0060595819,,,
21,CcpA-2,False,0.0059702037,CcpA,,
18,PurR,False,0.0050647813000000005,PurR,,
20,Unc_7,False,-0.0044673489,,,
9,MalR,False,-0.0044202444,MalR,,
3,Unc_1,False,-0.0040737276,,,
19,Unc_6,False,0.0037874862,,,
31,Phage_2-3,False,-0.0036486548,Phage_2,,
27,Unc_10,False,0.0022134664,,,
22,Phage_2-2,False,0.002114345,Phage_2,,
7,Phage_2-1,False,-0.0015662236,Phage_2,,
17,Unc_5,False,-0.0014268265000000001,,,
13,Phage_1-2,False,-0.0012126985,Phage_1,,
30,Phage_3-1,False,0.0002089128,Phage_3,,
37,Phage_3-2,False,0.00010673570000000001,Phage_3,,
