k,name,in_iM,gene_weight,regulator,function,category
33,Galactose,False,-0.0425240358,,,
20,Unc_7,False,-0.0394678039,,,
1,CovR-1,False,-0.0266059071,CovR,,
27,Unc_10,False,-0.024127638700000002,,,
16,NrdR,False,-0.0212094092,NrdR,,
21,CcpA-2,False,0.0207016215,CcpA,,
5,CcpA-1,False,-0.0205306533,CcpA,,
38,SpeB,False,-0.0172293815,,,
41,SLO,False,0.0170953369,,,
19,Unc_6,False,0.016064179,,,
26,Mga,False,0.014238967600000001,Mga,,
17,Unc_5,False,0.0141635201,,,
29,MalR2,False,-0.0132511299,MalR2,,
0,FabT,False,0.0127464069,FabT,,
35,YwzG,False,0.0125849965,YwzG,,
2,Phage_1-1,False,-0.0111223264,Phage_1,,
28,CovR-2,False,-0.0102170649,CovR,,
14,Unc_4,False,-0.0102132118,,,
12,VicR,False,-0.009900629000000001,VicR,,
40,Unc_12,False,-0.0096246738,,,
30,Phage_3-1,False,-0.0091936178,Phage_3,,
39,Transport-2,False,-0.009138482100000001,,,
7,Phage_2-1,False,-0.0090924299,Phage_2,,
31,Phage_2-3,False,0.0090241579,Phage_2,,
18,PurR,False,-0.0089118984,PurR,,
4,GlnR,False,0.008807615100000001,GlnR,,
3,Unc_1,False,0.0075539487,,,
9,MalR,False,-0.0071272791,MalR,,
8,PyrR,False,0.0055424945,PyrR,,
32,Unc_11,False,-0.0049208543,,,
37,Phage_3-2,False,0.0038299432000000002,Phage_3,,
22,Phage_2-2,False,0.0033603411000000002,Phage_2,,
23,SLS,False,-0.0032172101000000003,,,
11,Unc_3,False,0.0030856788,,,
13,Phage_1-2,False,-0.0030103721,Phage_1,,
6,Rgg,False,-0.0023334226,Rgg,,
36,HrcA,False,0.0018499426,HrcA,,
10,Unc_2,False,-0.0012707942,,,
15,NanR,False,0.0011764955,NanR,,
25,Unc_9,False,-0.001021558,,,
34,Transport-1,False,-0.0008561387,,,
24,Unc_8,False,0.0007504521,,,
