k,name,in_iM,gene_weight,regulator,function,category
35,YwzG,True,0.32042320360000004,YwzG,,
13,Phage_1-2,True,-0.0254285619,Phage_1,,
41,SLO,False,0.0398567232,,,
11,Unc_3,False,0.0380045061,,,
34,Transport-1,False,-0.0378834028,,,
20,Unc_7,False,-0.0324635417,,,
17,Unc_5,False,0.0324269024,,,
15,NanR,False,-0.031601061300000004,NanR,,
5,CcpA-1,False,-0.0279478952,CcpA,,
18,PurR,False,-0.0257829477,PurR,,
31,Phage_2-3,False,-0.024210127,Phage_2,,
21,CcpA-2,False,-0.0232716922,CcpA,,
33,Galactose,False,0.0223022966,,,
2,Phage_1-1,False,0.022290804,Phage_1,,
32,Unc_11,False,-0.0218066508,,,
4,GlnR,False,-0.020917268000000003,GlnR,,
19,Unc_6,False,-0.0208129313,,,
28,CovR-2,False,-0.0185041812,CovR,,
27,Unc_10,False,-0.0180196349,,,
7,Phage_2-1,False,0.0153397416,Phage_2,,
37,Phage_3-2,False,0.0149950585,Phage_3,,
38,SpeB,False,0.0145877951,,,
29,MalR2,False,-0.0143631169,MalR2,,
24,Unc_8,False,-0.0135696897,,,
39,Transport-2,False,-0.012774900700000001,,,
6,Rgg,False,-0.0120210531,Rgg,,
9,MalR,False,0.0103142813,MalR,,
23,SLS,False,-0.0090594701,,,
36,HrcA,False,0.008978484200000001,HrcA,,
25,Unc_9,False,0.0085993222,,,
22,Phage_2-2,False,-0.0081101368,Phage_2,,
14,Unc_4,False,-0.0080934914,,,
30,Phage_3-1,False,0.007544887300000001,Phage_3,,
8,PyrR,False,0.007287423800000001,PyrR,,
26,Mga,False,-0.0067983359,Mga,,
1,CovR-1,False,-0.006347749000000001,CovR,,
12,VicR,False,-0.0045813748,VicR,,
3,Unc_1,False,0.0044570186,,,
16,NrdR,False,-0.004359389,NrdR,,
0,FabT,False,-0.0038911048,FabT,,
40,Unc_12,False,-0.0031484984,,,
10,Unc_2,False,0.0005086526,,,
