k,name,in_iM,gene_weight,regulator,function,category
32,Unc_11,False,0.048568494600000005,,,
10,Unc_2,False,0.0321754982,,,
12,VicR,False,0.030487341600000002,VicR,,
35,YwzG,False,0.025210272000000002,YwzG,,
11,Unc_3,False,-0.025201172,,,
40,Unc_12,False,-0.0211622337,,,
24,Unc_8,False,-0.020435972,,,
14,Unc_4,False,0.019682618000000002,,,
18,PurR,False,-0.018891948500000002,PurR,,
33,Galactose,False,0.0183037174,,,
15,NanR,False,-0.0181838642,NanR,,
23,SLS,False,-0.0173548795,,,
27,Unc_10,False,-0.017176606100000002,,,
29,MalR2,False,0.0160773439,MalR2,,
21,CcpA-2,False,-0.0159374275,CcpA,,
19,Unc_6,False,-0.0158009188,,,
3,Unc_1,False,0.015253178400000001,,,
17,Unc_5,False,0.0146774152,,,
9,MalR,False,-0.014438819,MalR,,
41,SLO,False,-0.0128214087,,,
38,SpeB,False,0.0108268418,,,
34,Transport-1,False,-0.0105030101,,,
28,CovR-2,False,0.0093018945,CovR,,
26,Mga,False,-0.0089589173,Mga,,
1,CovR-1,False,-0.008487980400000001,CovR,,
20,Unc_7,False,-0.0080751629,,,
2,Phage_1-1,False,-0.0078510086,Phage_1,,
8,PyrR,False,0.0075105083000000005,PyrR,,
6,Rgg,False,-0.0071098018,Rgg,,
37,Phage_3-2,False,-0.0066064655,Phage_3,,
0,FabT,False,-0.0066042461,FabT,,
31,Phage_2-3,False,0.0043165358,Phage_2,,
30,Phage_3-1,False,-0.0039280732,Phage_3,,
4,GlnR,False,-0.0031748403,GlnR,,
39,Transport-2,False,-0.0030791239000000003,,,
16,NrdR,False,0.0027432571000000003,NrdR,,
22,Phage_2-2,False,0.0024754408,Phage_2,,
13,Phage_1-2,False,0.0021429551000000002,Phage_1,,
36,HrcA,False,0.0009396165000000001,HrcA,,
7,Phage_2-1,False,-0.0007918620000000001,Phage_2,,
5,CcpA-1,False,-0.0003676811,CcpA,,
25,Unc_9,False,-8.67191e-05,,,
