k,name,in_iM,gene_weight,regulator,function,category
36,HrcA,False,-0.0334453283,HrcA,,
30,Phage_3-1,False,-0.0210387966,Phage_3,,
12,VicR,False,0.0199855387,VicR,,
20,Unc_7,False,-0.019757628000000003,,,
19,Unc_6,False,-0.0190854981,,,
18,PurR,False,0.0172582491,PurR,,
38,SpeB,False,-0.016056047900000002,,,
8,PyrR,False,-0.014893495900000001,PyrR,,
32,Unc_11,False,-0.0147852907,,,
35,YwzG,False,0.0138803711,YwzG,,
10,Unc_2,False,-0.0137323892,,,
34,Transport-1,False,0.0126438816,,,
37,Phage_3-2,False,0.0121803359,Phage_3,,
25,Unc_9,False,-0.0099790268,,,
3,Unc_1,False,-0.0095194328,,,
39,Transport-2,False,-0.0094015989,,,
26,Mga,False,0.0089055805,Mga,,
0,FabT,False,0.008276018000000001,FabT,,
1,CovR-1,False,-0.0082154359,CovR,,
4,GlnR,False,0.0080612892,GlnR,,
31,Phage_2-3,False,0.008022295,Phage_2,,
9,MalR,False,-0.0073663876000000005,MalR,,
41,SLO,False,-0.007360533000000001,,,
24,Unc_8,False,-0.007056105500000001,,,
28,CovR-2,False,0.0064834021000000006,CovR,,
17,Unc_5,False,-0.0064354201,,,
5,CcpA-1,False,0.0054300126,CcpA,,
23,SLS,False,0.0047849906000000005,,,
11,Unc_3,False,-0.0045293785,,,
40,Unc_12,False,-0.003802151,,,
13,Phage_1-2,False,-0.0035998178000000002,Phage_1,,
27,Unc_10,False,0.003548863,,,
7,Phage_2-1,False,0.0032953813,Phage_2,,
21,CcpA-2,False,-0.0025981633000000002,CcpA,,
16,NrdR,False,-0.0023375598,NrdR,,
29,MalR2,False,-0.0020484415,MalR2,,
33,Galactose,False,-0.0013758257,,,
6,Rgg,False,0.0009593115000000001,Rgg,,
14,Unc_4,False,0.0007151194,,,
2,Phage_1-1,False,-0.0004410341,Phage_1,,
15,NanR,False,-0.0003851524,NanR,,
22,Phage_2-2,False,-0.0002363644,Phage_2,,
