k,name,in_iM,gene_weight,regulator,function,category
40,Unc_12,False,0.0308920533,,,
35,YwzG,False,0.0283192006,YwzG,,
19,Unc_6,False,-0.0246788485,,,
4,GlnR,False,-0.0207010514,GlnR,,
15,NanR,False,-0.0192802816,NanR,,
23,SLS,False,-0.0171943111,,,
16,NrdR,False,-0.0160425312,NrdR,,
17,Unc_5,False,-0.015494437500000001,,,
34,Transport-1,False,0.013441826,,,
33,Galactose,False,-0.0133355538,,,
8,PyrR,False,-0.013253722400000001,PyrR,,
26,Mga,False,0.012584466300000001,Mga,,
12,VicR,False,-0.0108452993,VicR,,
24,Unc_8,False,-0.0105004802,,,
32,Unc_11,False,0.009179975600000001,,,
38,SpeB,False,-0.0089578945,,,
0,FabT,False,-0.0089315385,FabT,,
6,Rgg,False,0.0084182183,Rgg,,
27,Unc_10,False,-0.0075096051,,,
1,CovR-1,False,-0.0074175246,CovR,,
13,Phage_1-2,False,-0.0073789028,Phage_1,,
28,CovR-2,False,-0.0073224411,CovR,,
29,MalR2,False,0.006245636200000001,MalR2,,
31,Phage_2-3,False,-0.0058940815,Phage_2,,
21,CcpA-2,False,0.0048278626,CcpA,,
9,MalR,False,-0.0043899623,MalR,,
7,Phage_2-1,False,0.0042973176,Phage_2,,
36,HrcA,False,0.0041762845,HrcA,,
3,Unc_1,False,-0.0039394821,,,
20,Unc_7,False,-0.0038882482,,,
37,Phage_3-2,False,0.0036303437,Phage_3,,
14,Unc_4,False,0.0030493127,,,
25,Unc_9,False,0.0030054771,,,
11,Unc_3,False,0.0026456986,,,
18,PurR,False,-0.0025519563000000003,PurR,,
2,Phage_1-1,False,0.0016388641000000001,Phage_1,,
10,Unc_2,False,-0.0010418653,,,
5,CcpA-1,False,0.0005495869,CcpA,,
39,Transport-2,False,-0.0004504775,,,
41,SLO,False,0.0001760373,,,
30,Phage_3-1,False,0.0001375965,Phage_3,,
22,Phage_2-2,False,-4.5615500000000004e-05,Phage_2,,
