k,name,in_iM,gene_weight,regulator,function,category
24,Unc_8,False,-0.0247287633,,,
10,Unc_2,False,-0.0238399936,,,
40,Unc_12,False,-0.0230185267,,,
32,Unc_11,False,-0.0210151545,,,
11,Unc_3,False,-0.0205616821,,,
12,VicR,False,0.0190028502,VicR,,
20,Unc_7,False,0.0170947352,,,
16,NrdR,False,0.0153255562,NrdR,,
36,HrcA,False,-0.0137171231,HrcA,,
33,Galactose,False,0.0118539614,,,
37,Phage_3-2,False,-0.0114694064,Phage_3,,
31,Phage_2-3,False,-0.0109459143,Phage_2,,
34,Transport-1,False,-0.0103493804,,,
17,Unc_5,False,-0.0096524846,,,
21,CcpA-2,False,-0.0095152021,CcpA,,
19,Unc_6,False,-0.0092730593,,,
2,Phage_1-1,False,-0.0087957112,Phage_1,,
14,Unc_4,False,-0.008455068000000001,,,
41,SLO,False,0.0078055409000000004,,,
7,Phage_2-1,False,-0.0077886975,Phage_2,,
5,CcpA-1,False,0.0076877734,CcpA,,
4,GlnR,False,-0.007665022400000001,GlnR,,
6,Rgg,False,-0.0074858693000000006,Rgg,,
18,PurR,False,-0.0059498779,PurR,,
13,Phage_1-2,False,-0.0058377636,Phage_1,,
28,CovR-2,False,-0.005404973600000001,CovR,,
25,Unc_9,False,0.0052506362,,,
0,FabT,False,-0.0048220784,FabT,,
29,MalR2,False,-0.0037741802000000003,MalR2,,
22,Phage_2-2,False,0.0033716804000000003,Phage_2,,
9,MalR,False,-0.0030957330000000003,MalR,,
23,SLS,False,0.0029523674,,,
35,YwzG,False,-0.0027243431,YwzG,,
39,Transport-2,False,0.0021458571,,,
1,CovR-1,False,0.0014743348000000002,CovR,,
26,Mga,False,-0.0012519236,Mga,,
15,NanR,False,-0.0009506884,NanR,,
30,Phage_3-1,False,0.0008006512000000001,Phage_3,,
3,Unc_1,False,-0.0007893647,,,
27,Unc_10,False,-0.0007475133,,,
8,PyrR,False,0.0006699199,PyrR,,
38,SpeB,False,6.8859000000000004e-06,,,
