k,name,in_iM,gene_weight,regulator,function,category
11,Unc_3,False,-0.0469585703,,,
40,Unc_12,False,0.0422697397,,,
32,Unc_11,False,-0.0379466829,,,
20,Unc_7,False,-0.0352884921,,,
0,FabT,False,0.0321467345,FabT,,
10,Unc_2,False,0.0297973711,,,
35,YwzG,False,-0.026303296,YwzG,,
16,NrdR,False,-0.0232888181,NrdR,,
36,HrcA,False,-0.0231244034,HrcA,,
9,MalR,False,-0.022412860200000002,MalR,,
39,Transport-2,False,-0.0189847138,,,
4,GlnR,False,-0.0189440291,GlnR,,
41,SLO,False,0.018704245300000002,,,
37,Phage_3-2,False,0.0186834794,Phage_3,,
15,NanR,False,0.0184241597,NanR,,
3,Unc_1,False,-0.0180602566,,,
27,Unc_10,False,0.0180241467,,,
34,Transport-1,False,0.0164691766,,,
22,Phage_2-2,False,0.0162294134,Phage_2,,
21,CcpA-2,False,-0.014103317300000001,CcpA,,
12,VicR,False,0.0108749365,VicR,,
33,Galactose,False,0.0086562144,,,
29,MalR2,False,-0.008366916700000001,MalR2,,
18,PurR,False,-0.0075595415,PurR,,
19,Unc_6,False,0.006441803,,,
2,Phage_1-1,False,-0.0045998193,Phage_1,,
13,Phage_1-2,False,-0.0045753951,Phage_1,,
14,Unc_4,False,-0.0041155242,,,
28,CovR-2,False,-0.0040731825000000004,CovR,,
26,Mga,False,-0.0034668971,Mga,,
25,Unc_9,False,0.0025383746,,,
30,Phage_3-1,False,-0.002253596,Phage_3,,
1,CovR-1,False,0.0022349997,CovR,,
24,Unc_8,False,-0.00214404,,,
5,CcpA-1,False,0.0015835796,CcpA,,
7,Phage_2-1,False,-0.0011462652000000001,Phage_2,,
17,Unc_5,False,-0.0010771713000000001,,,
23,SLS,False,-0.0010515331000000001,,,
6,Rgg,False,-0.0010057336,Rgg,,
8,PyrR,False,0.000893373,PyrR,,
31,Phage_2-3,False,-0.0008270204000000001,Phage_2,,
38,SpeB,False,0.00024091260000000001,,,
