k,name,in_iM,gene_weight,regulator,function,category
20,Unc_7,False,-0.023999983500000002,,,
11,Unc_3,False,0.0167304817,,,
27,Unc_10,False,0.0166256141,,,
9,MalR,False,-0.0163326,MalR,,
17,Unc_5,False,-0.014064939700000001,,,
39,Transport-2,False,0.0138854522,,,
38,SpeB,False,-0.0136786571,,,
34,Transport-1,False,-0.0129922664,,,
40,Unc_12,False,-0.012521437100000001,,,
32,Unc_11,False,-0.012302796000000001,,,
16,NrdR,False,-0.0120904249,NrdR,,
24,Unc_8,False,-0.0116105092,,,
12,VicR,False,-0.0111900614,VicR,,
25,Unc_9,False,-0.0110274744,,,
30,Phage_3-1,False,-0.011007406800000001,Phage_3,,
5,CcpA-1,False,-0.0109986022,CcpA,,
10,Unc_2,False,-0.0102200087,,,
22,Phage_2-2,False,-0.009229133700000001,Phage_2,,
15,NanR,False,-0.0086831691,NanR,,
29,MalR2,False,-0.0081471753,MalR2,,
35,YwzG,False,-0.0080389047,YwzG,,
41,SLO,False,-0.0071308832,,,
18,PurR,False,0.0064813993,PurR,,
36,HrcA,False,0.0061277593000000005,HrcA,,
21,CcpA-2,False,0.0057572209,CcpA,,
19,Unc_6,False,-0.0052024349000000004,,,
37,Phage_3-2,False,-0.0049363415,Phage_3,,
14,Unc_4,False,0.0046694949000000005,,,
3,Unc_1,False,-0.004221549000000001,,,
8,PyrR,False,-0.0039312585,PyrR,,
4,GlnR,False,0.0034187482,GlnR,,
7,Phage_2-1,False,-0.0032059173,Phage_2,,
13,Phage_1-2,False,-0.0031195248,Phage_1,,
28,CovR-2,False,-0.002946694,CovR,,
23,SLS,False,-0.0025253203000000003,,,
6,Rgg,False,-0.0023980364000000002,Rgg,,
26,Mga,False,0.0013451717,Mga,,
31,Phage_2-3,False,-0.0012925689,Phage_2,,
0,FabT,False,0.0007505583,FabT,,
33,Galactose,False,0.0007310976,,,
1,CovR-1,False,-0.0002598704,CovR,,
2,Phage_1-1,False,-0.0002541743,Phage_1,,
