k,name,in_iM,gene_weight,regulator,function,category
9,MalR,True,0.2043877519,MalR,,
34,Transport-1,False,0.0521874955,,,
10,Unc_2,False,0.0402427006,,,
3,Unc_1,False,-0.0379756276,,,
28,CovR-2,False,0.0309410393,CovR,,
20,Unc_7,False,-0.027535221800000002,,,
40,Unc_12,False,-0.0271501383,,,
14,Unc_4,False,-0.0254960882,,,
37,Phage_3-2,False,0.0242420234,Phage_3,,
26,Mga,False,0.021976287400000002,Mga,,
21,CcpA-2,False,-0.021094380200000002,CcpA,,
8,PyrR,False,-0.0191654354,PyrR,,
2,Phage_1-1,False,0.0190535689,Phage_1,,
11,Unc_3,False,0.017918916400000002,,,
19,Unc_6,False,-0.0163801703,,,
31,Phage_2-3,False,-0.0156039618,Phage_2,,
4,GlnR,False,0.0155715811,GlnR,,
16,NrdR,False,-0.014803428300000001,NrdR,,
22,Phage_2-2,False,0.0143836234,Phage_2,,
41,SLO,False,0.0139541182,,,
32,Unc_11,False,0.0138405096,,,
36,HrcA,False,0.0122850583,HrcA,,
1,CovR-1,False,-0.0105680206,CovR,,
18,PurR,False,0.0098963842,PurR,,
6,Rgg,False,-0.008286113000000001,Rgg,,
7,Phage_2-1,False,-0.0082148675,Phage_2,,
38,SpeB,False,0.007672557700000001,,,
0,FabT,False,0.0071237023000000005,FabT,,
13,Phage_1-2,False,-0.0069960840000000005,Phage_1,,
35,YwzG,False,-0.0068861937,YwzG,,
27,Unc_10,False,-0.0062256916,,,
17,Unc_5,False,0.0061936773,,,
15,NanR,False,-0.0057561555,NanR,,
29,MalR2,False,0.0056760777000000005,MalR2,,
33,Galactose,False,0.0055937219,,,
25,Unc_9,False,0.0049518771,,,
23,SLS,False,-0.0047573244,,,
39,Transport-2,False,-0.0038988011,,,
30,Phage_3-1,False,0.0038428548,Phage_3,,
5,CcpA-1,False,-0.0018815064000000002,CcpA,,
24,Unc_8,False,-0.0012157525,,,
12,VicR,False,0.0009953590000000001,VicR,,
