k,name,in_iM,gene_weight,regulator,function,category
20,Unc_7,False,-0.023757367300000002,,,
36,HrcA,False,0.021521845600000002,HrcA,,
26,Mga,False,-0.0208832967,Mga,,
10,Unc_2,False,0.020305757100000002,,,
24,Unc_8,False,-0.0178223691,,,
27,Unc_10,False,-0.0164692599,,,
38,SpeB,False,-0.0156821723,,,
29,MalR2,False,-0.013782550800000001,MalR2,,
22,Phage_2-2,False,-0.0133615677,Phage_2,,
12,VicR,False,-0.0118299557,VicR,,
25,Unc_9,False,-0.010536074000000001,,,
39,Transport-2,False,-0.0097904423,,,
32,Unc_11,False,0.0096102371,,,
15,NanR,False,0.0095574343,NanR,,
35,YwzG,False,-0.0095239088,YwzG,,
33,Galactose,False,0.0090678291,,,
5,CcpA-1,False,-0.008463652,CcpA,,
28,CovR-2,False,-0.007980326900000001,CovR,,
11,Unc_3,False,-0.0075730804,,,
14,Unc_4,False,-0.0072745029,,,
2,Phage_1-1,False,-0.0071478263,Phage_1,,
0,FabT,False,-0.0069305406,FabT,,
7,Phage_2-1,False,-0.0068137517000000005,Phage_2,,
1,CovR-1,False,-0.0063707763,CovR,,
37,Phage_3-2,False,-0.0063702927,Phage_3,,
16,NrdR,False,0.0058182649,NrdR,,
41,SLO,False,0.0057256167,,,
18,PurR,False,-0.0051389046,PurR,,
17,Unc_5,False,0.0049677057,,,
40,Unc_12,False,0.0045610067,,,
9,MalR,False,-0.0042043572,MalR,,
13,Phage_1-2,False,-0.0036795625,Phage_1,,
23,SLS,False,-0.0033590563,,,
34,Transport-1,False,0.003323728,,,
21,CcpA-2,False,0.0032196935,CcpA,,
31,Phage_2-3,False,-0.0025229107,Phage_2,,
6,Rgg,False,0.0024821675,Rgg,,
19,Unc_6,False,-0.0020855988,,,
8,PyrR,False,0.0017491198,PyrR,,
4,GlnR,False,-0.0012007293,GlnR,,
30,Phage_3-1,False,0.0011539193,Phage_3,,
3,Unc_1,False,0.0006315515,,,
