k,name,in_iM,gene_weight,regulator,function,category
36,HrcA,False,-0.021628084500000002,HrcA,,
10,Unc_2,False,-0.020692708,,,
24,Unc_8,False,-0.019370387700000002,,,
37,Phage_3-2,False,-0.0177190469,Phage_3,,
40,Unc_12,False,-0.016447157,,,
22,Phage_2-2,False,-0.015862459000000002,Phage_2,,
27,Unc_10,False,-0.0150841598,,,
11,Unc_3,False,-0.014703653700000001,,,
16,NrdR,False,0.0146822583,NrdR,,
17,Unc_5,False,0.0137627336,,,
35,YwzG,False,-0.013680839200000001,YwzG,,
21,CcpA-2,False,-0.0120314975,CcpA,,
8,PyrR,False,-0.009500535400000001,PyrR,,
34,Transport-1,False,0.0091077968,,,
14,Unc_4,False,0.0083353205,,,
26,Mga,False,0.0082397488,Mga,,
32,Unc_11,False,-0.0076643609,,,
30,Phage_3-1,False,-0.0076245016,Phage_3,,
23,SLS,False,0.0072773243000000005,,,
13,Phage_1-2,False,-0.0067198062,Phage_1,,
33,Galactose,False,0.0060787462,,,
4,GlnR,False,0.006054374,GlnR,,
6,Rgg,False,-0.0058099442,Rgg,,
28,CovR-2,False,-0.0056642918,CovR,,
41,SLO,False,0.0054985563000000005,,,
3,Unc_1,False,-0.005489172400000001,,,
25,Unc_9,False,-0.0052033556,,,
39,Transport-2,False,-0.0048815346,,,
5,CcpA-1,False,-0.0044519798,CcpA,,
9,MalR,False,0.0039670658,MalR,,
0,FabT,False,0.0039273689,FabT,,
2,Phage_1-1,False,-0.0038333929,Phage_1,,
7,Phage_2-1,False,-0.0033154539,Phage_2,,
18,PurR,False,0.0033098135,PurR,,
20,Unc_7,False,0.0029215013,,,
31,Phage_2-3,False,-0.0027939641,Phage_2,,
12,VicR,False,-0.0024264337,VicR,,
29,MalR2,False,-0.0015237057,MalR2,,
38,SpeB,False,-0.0011342067,,,
15,NanR,False,0.0010300288,NanR,,
1,CovR-1,False,0.0005948185000000001,CovR,,
19,Unc_6,False,-0.0003297077,,,
