k,name,in_iM,gene_weight,regulator,function,category
29,MalR2,False,-0.0328411305,MalR2,,
24,Unc_8,False,0.0320731641,,,
11,Unc_3,False,-0.023423204000000003,,,
10,Unc_2,False,-0.0190740119,,,
41,SLO,False,-0.0185363397,,,
36,HrcA,False,-0.016696615,HrcA,,
3,Unc_1,False,-0.0131587111,,,
0,FabT,False,0.0130061514,FabT,,
30,Phage_3-1,False,-0.0123236578,Phage_3,,
35,YwzG,False,0.0114343294,YwzG,,
33,Galactose,False,-0.0114065459,,,
26,Mga,False,0.0094630063,Mga,,
21,CcpA-2,False,-0.008905933900000001,CcpA,,
22,Phage_2-2,False,-0.0073676707000000004,Phage_2,,
39,Transport-2,False,-0.0073108649,,,
20,Unc_7,False,0.0071084627,,,
19,Unc_6,False,0.0070706185000000005,,,
17,Unc_5,False,0.007057935600000001,,,
1,CovR-1,False,0.0062057342,CovR,,
23,SLS,False,0.0058469964,,,
4,GlnR,False,-0.0053771945,GlnR,,
14,Unc_4,False,-0.0046616216000000005,,,
18,PurR,False,-0.0040313464,PurR,,
38,SpeB,False,0.0036880363,,,
31,Phage_2-3,False,0.0036655089,Phage_2,,
2,Phage_1-1,False,-0.0036144083,Phage_1,,
13,Phage_1-2,False,-0.0034142208,Phage_1,,
34,Transport-1,False,0.0033926737,,,
12,VicR,False,-0.0029450178,VicR,,
7,Phage_2-1,False,0.0027289994,Phage_2,,
32,Unc_11,False,0.0020124071,,,
15,NanR,False,0.0018992512,NanR,,
40,Unc_12,False,-0.0014481135,,,
27,Unc_10,False,-0.0014350055,,,
28,CovR-2,False,-0.0010298637,CovR,,
16,NrdR,False,0.0009463142,NrdR,,
5,CcpA-1,False,-0.0006609427,CcpA,,
37,Phage_3-2,False,0.0004972024,Phage_3,,
8,PyrR,False,-0.0004784309,PyrR,,
9,MalR,False,-0.0003884063,MalR,,
25,Unc_9,False,-0.0002572403,,,
6,Rgg,False,-9.955290000000001e-05,Rgg,,
