k,name,in_iM,gene_weight,regulator,function,category
1,CovR-1,True,-0.127422124,CovR,,
28,CovR-2,True,-0.0721817341,CovR,,
32,Unc_11,False,0.0438292672,,,
17,Unc_5,False,-0.0411317417,,,
37,Phage_3-2,False,0.0405533991,Phage_3,,
15,NanR,False,0.035555204800000004,NanR,,
10,Unc_2,False,0.0345063618,,,
39,Transport-2,False,0.0316236335,,,
12,VicR,False,-0.0301526499,VicR,,
8,PyrR,False,0.023555299800000002,PyrR,,
21,CcpA-2,False,-0.0229526109,CcpA,,
16,NrdR,False,0.020552491000000003,NrdR,,
35,YwzG,False,0.0196793577,YwzG,,
40,Unc_12,False,-0.0175008179,,,
41,SLO,False,0.0170805482,,,
22,Phage_2-2,False,-0.0137156094,Phage_2,,
19,Unc_6,False,-0.012816734100000001,,,
29,MalR2,False,0.0125730482,MalR2,,
18,PurR,False,-0.0124776094,PurR,,
4,GlnR,False,-0.0120727636,GlnR,,
7,Phage_2-1,False,-0.0108529964,Phage_2,,
20,Unc_7,False,0.0106883289,,,
24,Unc_8,False,0.0086094425,,,
6,Rgg,False,-0.007948489100000001,Rgg,,
3,Unc_1,False,0.0075245474000000005,,,
26,Mga,False,-0.0072697686000000004,Mga,,
5,CcpA-1,False,0.0072357815,CcpA,,
33,Galactose,False,0.0065392985,,,
30,Phage_3-1,False,-0.0061696437000000005,Phage_3,,
0,FabT,False,-0.00531171,FabT,,
38,SpeB,False,-0.0051447316,,,
25,Unc_9,False,0.0038452331,,,
27,Unc_10,False,-0.0033511108000000003,,,
9,MalR,False,-0.0033453704,MalR,,
36,HrcA,False,-0.0030257691000000002,HrcA,,
2,Phage_1-1,False,0.0028857277,Phage_1,,
34,Transport-1,False,0.0026946508,,,
13,Phage_1-2,False,0.0019069014,Phage_1,,
31,Phage_2-3,False,0.0008756959,Phage_2,,
23,SLS,False,0.0007807272,,,
11,Unc_3,False,0.0007150533,,,
14,Unc_4,False,0.0002638139,,,
