k,name,in_iM,gene_weight,regulator,function,category
4,GlnR,False,0.014860938800000001,GlnR,,
9,MalR,False,-0.0144520298,MalR,,
3,Unc_1,False,-0.0116674892,,,
33,Galactose,False,-0.011392399000000001,,,
18,PurR,False,-0.0112237931,PurR,,
7,Phage_2-1,False,-0.0107513034,Phage_2,,
5,CcpA-1,False,-0.0101276245,CcpA,,
23,SLS,False,-0.010100752900000001,,,
19,Unc_6,False,0.0098671257,,,
12,VicR,False,-0.009774754200000001,VicR,,
31,Phage_2-3,False,-0.0096878521,Phage_2,,
1,CovR-1,False,-0.008945797200000001,CovR,,
40,Unc_12,False,-0.0087652817,,,
32,Unc_11,False,-0.008367232,,,
11,Unc_3,False,-0.0069922168,,,
24,Unc_8,False,-0.0067995152,,,
25,Unc_9,False,-0.0067439913,,,
35,YwzG,False,0.0066279765000000004,YwzG,,
29,MalR2,False,-0.0064397383,MalR2,,
28,CovR-2,False,-0.005788548,CovR,,
8,PyrR,False,-0.005697422000000001,PyrR,,
10,Unc_2,False,0.005640519300000001,,,
37,Phage_3-2,False,0.0056215505,Phage_3,,
13,Phage_1-2,False,-0.0054966404,Phage_1,,
2,Phage_1-1,False,-0.0053698965000000005,Phage_1,,
17,Unc_5,False,0.003770644,,,
15,NanR,False,-0.0035916956,NanR,,
39,Transport-2,False,0.0034620504,,,
30,Phage_3-1,False,0.0024345842,Phage_3,,
14,Unc_4,False,-0.0022801885,,,
34,Transport-1,False,-0.0021986085,,,
22,Phage_2-2,False,-0.0021147728000000003,Phage_2,,
26,Mga,False,-0.0020988322,Mga,,
0,FabT,False,-0.0019068137,FabT,,
20,Unc_7,False,0.0018533029000000001,,,
16,NrdR,False,0.0017968072000000002,NrdR,,
6,Rgg,False,-0.0017769175,Rgg,,
41,SLO,False,0.0015939175,,,
36,HrcA,False,-0.0011136728,HrcA,,
21,CcpA-2,False,-0.0004709825,CcpA,,
27,Unc_10,False,-0.0001000657,,,
38,SpeB,False,-5.07264e-05,,,
