k,name,in_iM,gene_weight,regulator,function,category
20,Unc_7,False,-0.0298730935,,,
5,CcpA-1,False,-0.0197541667,CcpA,,
17,Unc_5,False,0.0179354323,,,
10,Unc_2,False,-0.0144534046,,,
12,VicR,False,-0.0135649106,VicR,,
33,Galactose,False,-0.0132642022,,,
26,Mga,False,0.012228666000000001,Mga,,
35,YwzG,False,0.0118239047,YwzG,,
37,Phage_3-2,False,0.0116581802,Phage_3,,
19,Unc_6,False,-0.0110671226,,,
16,NrdR,False,0.0108735097,NrdR,,
27,Unc_10,False,-0.010131009600000001,,,
2,Phage_1-1,False,-0.0092454344,Phage_1,,
30,Phage_3-1,False,-0.0089464146,Phage_3,,
39,Transport-2,False,-0.0089089315,,,
40,Unc_12,False,-0.0086611262,,,
28,CovR-2,False,-0.0086374713,CovR,,
18,PurR,False,-0.0084999969,PurR,,
0,FabT,False,0.008480779,FabT,,
11,Unc_3,False,-0.0074018719,,,
25,Unc_9,False,-0.0072263496,,,
8,PyrR,False,-0.0064690081000000005,PyrR,,
14,Unc_4,False,0.0055733052,,,
41,SLO,False,0.0054539374,,,
4,GlnR,False,0.0037370652,GlnR,,
32,Unc_11,False,-0.0035190676,,,
15,NanR,False,0.0030096355000000003,NanR,,
9,MalR,False,0.0027283179,MalR,,
34,Transport-1,False,0.0024902310000000003,,,
7,Phage_2-1,False,0.0023066379,Phage_2,,
21,CcpA-2,False,-0.0023009481,CcpA,,
23,SLS,False,-0.0021927347000000002,,,
22,Phage_2-2,False,0.0021798105,Phage_2,,
38,SpeB,False,0.0020828071,,,
31,Phage_2-3,False,-0.0020108233000000002,Phage_2,,
24,Unc_8,False,-0.0014048015,,,
3,Unc_1,False,0.0012247701,,,
36,HrcA,False,0.0011465434,HrcA,,
6,Rgg,False,0.0005823546,Rgg,,
13,Phage_1-2,False,0.0003142719,Phage_1,,
29,MalR2,False,0.00029800190000000003,MalR2,,
1,CovR-1,False,-0.0002225993,CovR,,
