k,name,in_iM,gene_weight,regulator,function,category
22,Phage_2-2,False,0.0832929755,Phage_2,,
18,PurR,False,-0.0690339241,PurR,,
23,SLS,False,0.0564129348,,,
7,Phage_2-1,False,-0.0391166119,Phage_2,,
38,SpeB,False,0.038536754,,,
33,Galactose,False,-0.032912312900000004,,,
20,Unc_7,False,-0.0310946822,,,
3,Unc_1,False,-0.0308740833,,,
37,Phage_3-2,False,-0.029470108000000002,Phage_3,,
30,Phage_3-1,False,0.0293840913,Phage_3,,
25,Unc_9,False,0.0286723636,,,
9,MalR,False,-0.0273730382,MalR,,
17,Unc_5,False,0.0234905582,,,
32,Unc_11,False,-0.0174754446,,,
24,Unc_8,False,-0.017388208500000002,,,
28,CovR-2,False,-0.0170097343,CovR,,
11,Unc_3,False,0.0168142784,,,
2,Phage_1-1,False,0.0153011572,Phage_1,,
5,CcpA-1,False,-0.0138506249,CcpA,,
14,Unc_4,False,0.0128157136,,,
19,Unc_6,False,-0.0116523083,,,
1,CovR-1,False,0.011174145100000001,CovR,,
21,CcpA-2,False,-0.011167604900000001,CcpA,,
34,Transport-1,False,0.0102636405,,,
40,Unc_12,False,0.0098726045,,,
31,Phage_2-3,False,-0.0095761127,Phage_2,,
10,Unc_2,False,-0.0087312224,,,
35,YwzG,False,-0.0077485341,YwzG,,
36,HrcA,False,-0.0061879458000000005,HrcA,,
15,NanR,False,0.0055553945000000006,NanR,,
13,Phage_1-2,False,-0.0046386481,Phage_1,,
29,MalR2,False,-0.0043728775000000004,MalR2,,
26,Mga,False,0.0043648546,Mga,,
12,VicR,False,0.003950313400000001,VicR,,
41,SLO,False,0.0036453549000000003,,,
8,PyrR,False,0.0033892579,PyrR,,
0,FabT,False,-0.0027302922,FabT,,
4,GlnR,False,0.0027302472,GlnR,,
27,Unc_10,False,0.0021724035,,,
16,NrdR,False,-0.0012219236,NrdR,,
6,Rgg,False,0.0010695471,Rgg,,
39,Transport-2,False,0.0001587994,,,
