k,name,in_iM,gene_weight,regulator,function,category
32,Unc_11,False,0.0786349645,,,
24,Unc_8,False,0.0407396703,,,
20,Unc_7,False,0.027754229800000002,,,
11,Unc_3,False,0.0207241048,,,
39,Transport-2,False,0.0193883798,,,
12,VicR,False,0.0170323192,VicR,,
25,Unc_9,False,0.0157737908,,,
35,YwzG,False,-0.013795529,YwzG,,
36,HrcA,False,-0.0132109125,HrcA,,
8,PyrR,False,0.0126754719,PyrR,,
4,GlnR,False,-0.0125663962,GlnR,,
27,Unc_10,False,-0.012313204000000001,,,
33,Galactose,False,0.011620672,,,
16,NrdR,False,-0.011466329400000001,NrdR,,
23,SLS,False,-0.0102993854,,,
14,Unc_4,False,-0.0102268131,,,
5,CcpA-1,False,-0.0089966368,CcpA,,
17,Unc_5,False,0.0084305119,,,
41,SLO,False,-0.0080647976,,,
7,Phage_2-1,False,0.0078548672,Phage_2,,
21,CcpA-2,False,-0.007228178300000001,CcpA,,
40,Unc_12,False,-0.0058074688,,,
29,MalR2,False,-0.0055542263,MalR2,,
2,Phage_1-1,False,-0.0051295861,Phage_1,,
6,Rgg,False,-0.0045727354,Rgg,,
34,Transport-1,False,0.0044633761,,,
10,Unc_2,False,0.0041458566,,,
22,Phage_2-2,False,-0.0038862346000000003,Phage_2,,
37,Phage_3-2,False,-0.0037645446,Phage_3,,
1,CovR-1,False,-0.0032218437,CovR,,
19,Unc_6,False,-0.0031766150000000003,,,
0,FabT,False,0.0029515802,FabT,,
28,CovR-2,False,0.0029146023,CovR,,
26,Mga,False,-0.0028113744000000003,Mga,,
13,Phage_1-2,False,0.0026399996000000003,Phage_1,,
18,PurR,False,-0.0023524293,PurR,,
3,Unc_1,False,0.0020492099,,,
31,Phage_2-3,False,0.0018841925,Phage_2,,
38,SpeB,False,0.001477446,,,
9,MalR,False,0.0013601857,MalR,,
30,Phage_3-1,False,-0.0010607457000000001,Phage_3,,
15,NanR,False,0.0007534644,NanR,,
