k,name,in_iM,gene_weight,regulator,function,category
36,HrcA,False,0.0831735093,HrcA,,
16,NrdR,False,0.0390258055,NrdR,,
20,Unc_7,False,-0.030164182,,,
41,SLO,False,0.0228164631,,,
27,Unc_10,False,-0.0227259005,,,
39,Transport-2,False,0.022384088,,,
15,NanR,False,0.022312826,NanR,,
40,Unc_12,False,0.0217877939,,,
30,Phage_3-1,False,-0.020168045500000002,Phage_3,,
25,Unc_9,False,0.019846741,,,
34,Transport-1,False,0.0197198533,,,
24,Unc_8,False,-0.017854443,,,
3,Unc_1,False,0.017641946500000002,,,
14,Unc_4,False,-0.0174351966,,,
22,Phage_2-2,False,-0.017277187,Phage_2,,
8,PyrR,False,-0.0137941233,PyrR,,
9,MalR,False,0.012398177600000001,MalR,,
38,SpeB,False,0.0120186022,,,
28,CovR-2,False,-0.0118525398,CovR,,
12,VicR,False,0.0116890568,VicR,,
21,CcpA-2,False,-0.0105073551,CcpA,,
11,Unc_3,False,-0.0102462724,,,
31,Phage_2-3,False,-0.009679471,Phage_2,,
4,GlnR,False,-0.0096490505,GlnR,,
5,CcpA-1,False,0.0094916927,CcpA,,
29,MalR2,False,-0.0091717913,MalR2,,
37,Phage_3-2,False,-0.0091350113,Phage_3,,
10,Unc_2,False,-0.0072739263000000005,,,
35,YwzG,False,-0.0069104273,YwzG,,
26,Mga,False,0.0063609014000000005,Mga,,
0,FabT,False,-0.0059852920000000006,FabT,,
6,Rgg,False,-0.0046198655000000005,Rgg,,
7,Phage_2-1,False,-0.003956826,Phage_2,,
32,Unc_11,False,0.0022068723,,,
18,PurR,False,-0.0016670773,PurR,,
19,Unc_6,False,-0.0015658604,,,
13,Phage_1-2,False,0.001302411,Phage_1,,
23,SLS,False,0.0011905962,,,
2,Phage_1-1,False,-0.0011453377,Phage_1,,
33,Galactose,False,0.0010688594,,,
1,CovR-1,False,-0.0008321310000000001,CovR,,
17,Unc_5,False,0.0004918186,,,
