k,name,in_iM,gene_weight,regulator,function,category
20,Unc_7,False,-0.021969311000000002,,,
5,CcpA-1,False,-0.0190458989,CcpA,,
38,SpeB,False,-0.0169832168,,,
9,MalR,False,-0.0167552655,MalR,,
30,Phage_3-1,False,-0.0157536978,Phage_3,,
17,Unc_5,False,-0.0149818819,,,
28,CovR-2,False,0.014830149800000001,CovR,,
3,Unc_1,False,0.0136861762,,,
41,SLO,False,0.013352650300000001,,,
32,Unc_11,False,-0.013274363400000001,,,
27,Unc_10,False,-0.012707018300000001,,,
33,Galactose,False,-0.012333604100000001,,,
24,Unc_8,False,-0.010862241600000001,,,
0,FabT,False,-0.0093801275,FabT,,
8,PyrR,False,-0.0093284523,PyrR,,
11,Unc_3,False,0.0089490792,,,
18,PurR,False,0.0089304299,PurR,,
25,Unc_9,False,0.0079352871,,,
4,GlnR,False,-0.0077768955,GlnR,,
10,Unc_2,False,0.0060202923000000005,,,
40,Unc_12,False,-0.0054769324000000005,,,
16,NrdR,False,-0.0054422851,NrdR,,
23,SLS,False,0.0052780213000000005,,,
2,Phage_1-1,False,-0.0052462477000000006,Phage_1,,
26,Mga,False,0.0048528359000000005,Mga,,
34,Transport-1,False,-0.0048334753,,,
29,MalR2,False,-0.0038901359,MalR2,,
22,Phage_2-2,False,-0.0038576773,Phage_2,,
15,NanR,False,-0.0036009073,NanR,,
19,Unc_6,False,-0.0035963487000000003,,,
37,Phage_3-2,False,-0.0030913009000000003,Phage_3,,
21,CcpA-2,False,-0.0030529195,CcpA,,
36,HrcA,False,0.0028571454000000003,HrcA,,
7,Phage_2-1,False,-0.0027561817,Phage_2,,
1,CovR-1,False,0.0023369126000000002,CovR,,
13,Phage_1-2,False,0.0019682169,Phage_1,,
35,YwzG,False,-0.0019332014,YwzG,,
14,Unc_4,False,0.0014250205,,,
31,Phage_2-3,False,0.0012114219,Phage_2,,
39,Transport-2,False,-0.0010574224,,,
12,VicR,False,-0.0007113933,VicR,,
6,Rgg,False,-0.0005236182000000001,Rgg,,
