k,name,in_iM,gene_weight,regulator,function,category
20,Unc_7,False,-0.0454137437,,,
14,Unc_4,False,-0.0300059419,,,
15,NanR,False,-0.0233086622,NanR,,
25,Unc_9,False,-0.0232492398,,,
17,Unc_5,False,0.0211285007,,,
8,PyrR,False,-0.016343973300000002,PyrR,,
31,Phage_2-3,False,0.0159255279,Phage_2,,
26,Mga,False,-0.014588423000000001,Mga,,
11,Unc_3,False,-0.0143773547,,,
29,MalR2,False,-0.01394273,MalR2,,
12,VicR,False,-0.0132593975,VicR,,
16,NrdR,False,0.0131170565,NrdR,,
40,Unc_12,False,-0.0105115739,,,
5,CcpA-1,False,0.0105082052,CcpA,,
0,FabT,False,0.0102918721,FabT,,
37,Phage_3-2,False,0.009604605700000001,Phage_3,,
2,Phage_1-1,False,-0.0090382563,Phage_1,,
19,Unc_6,False,0.0089605465,,,
21,CcpA-2,False,0.008279607000000001,CcpA,,
24,Unc_8,False,0.008190860900000001,,,
22,Phage_2-2,False,0.007797679300000001,Phage_2,,
35,YwzG,False,-0.0074113987,YwzG,,
33,Galactose,False,0.007379117300000001,,,
9,MalR,False,0.007141492300000001,MalR,,
27,Unc_10,False,-0.0052077696,,,
6,Rgg,False,-0.0050176702,Rgg,,
28,CovR-2,False,-0.0047889031,CovR,,
13,Phage_1-2,False,-0.0047572013000000005,Phage_1,,
7,Phage_2-1,False,-0.0045614853,Phage_2,,
3,Unc_1,False,-0.0038504148,,,
23,SLS,False,-0.0038148974,,,
34,Transport-1,False,0.0035562629,,,
1,CovR-1,False,-0.0032637769000000002,CovR,,
32,Unc_11,False,-0.0030842480000000004,,,
30,Phage_3-1,False,0.0027572259,Phage_3,,
41,SLO,False,0.0027165768,,,
38,SpeB,False,0.0026993245,,,
36,HrcA,False,-0.0016756412000000001,HrcA,,
39,Transport-2,False,0.0014964857000000001,,,
10,Unc_2,False,0.0014530324,,,
4,GlnR,False,-0.0006821832,GlnR,,
18,PurR,False,0.0002509011,PurR,,
