k,name,in_iM,gene_weight,regulator,function,category
2,Phage_1-1,True,0.1767555583,Phage_1,,
37,Phage_3-2,True,-0.09458635060000001,Phage_3,,
31,Phage_2-3,True,-0.0666126595,Phage_2,,
34,Transport-1,False,0.0568103852,,,
25,Unc_9,False,-0.035662484700000004,,,
18,PurR,False,-0.031897551600000004,PurR,,
29,MalR2,False,0.027774296900000002,MalR2,,
35,YwzG,False,0.0242186404,YwzG,,
14,Unc_4,False,0.0231198851,,,
27,Unc_10,False,-0.022268647500000002,,,
41,SLO,False,0.0183243274,,,
40,Unc_12,False,0.0164903079,,,
26,Mga,False,-0.015909301,Mga,,
0,FabT,False,-0.013988256800000001,FabT,,
24,Unc_8,False,0.0132124775,,,
36,HrcA,False,0.012741186100000001,HrcA,,
5,CcpA-1,False,-0.0126248913,CcpA,,
28,CovR-2,False,-0.0118475794,CovR,,
20,Unc_7,False,-0.0117620977,,,
21,CcpA-2,False,-0.0112960308,CcpA,,
3,Unc_1,False,0.0106093464,,,
7,Phage_2-1,False,0.0097267256,Phage_2,,
6,Rgg,False,0.0094278769,Rgg,,
23,SLS,False,-0.008837948,,,
9,MalR,False,0.0063363421000000005,MalR,,
22,Phage_2-2,False,-0.0056712157,Phage_2,,
11,Unc_3,False,-0.0055232635,,,
38,SpeB,False,-0.0055217697,,,
16,NrdR,False,-0.005317234200000001,NrdR,,
8,PyrR,False,-0.0041859807,PyrR,,
19,Unc_6,False,-0.0039425642,,,
13,Phage_1-2,False,-0.0039261156,Phage_1,,
39,Transport-2,False,-0.0036844083000000002,,,
4,GlnR,False,-0.0034512541,GlnR,,
33,Galactose,False,0.0028953416000000003,,,
10,Unc_2,False,-0.0025232176,,,
1,CovR-1,False,0.0024662625,CovR,,
12,VicR,False,0.0017021786000000001,VicR,,
17,Unc_5,False,-0.0016199917000000001,,,
30,Phage_3-1,False,-0.0010095423,Phage_3,,
15,NanR,False,-0.0007099044,NanR,,
32,Unc_11,False,-0.00025445350000000003,,,
