k,name,in_iM,gene_weight,regulator,function,category
19,Unc_6,False,0.0490776646,,,
39,Transport-2,False,-0.0396599073,,,
35,YwzG,False,0.0335947579,YwzG,,
12,VicR,False,0.031158879,VicR,,
11,Unc_3,False,-0.029863928600000002,,,
1,CovR-1,False,0.0296687929,CovR,,
41,SLO,False,0.0268480884,,,
23,SLS,False,-0.0235371207,,,
40,Unc_12,False,0.0234588787,,,
28,CovR-2,False,-0.0222478478,CovR,,
29,MalR2,False,0.0203517263,MalR2,,
27,Unc_10,False,-0.0190443379,,,
6,Rgg,False,-0.0175310636,Rgg,,
25,Unc_9,False,0.015505629100000001,,,
26,Mga,False,-0.014883048000000001,Mga,,
18,PurR,False,-0.0140199021,PurR,,
32,Unc_11,False,0.0126877094,,,
16,NrdR,False,0.012400954,NrdR,,
3,Unc_1,False,0.0121867435,,,
36,HrcA,False,-0.0117578032,HrcA,,
2,Phage_1-1,False,0.0112617519,Phage_1,,
10,Unc_2,False,0.011145963,,,
17,Unc_5,False,-0.011009404,,,
15,NanR,False,0.0105254057,NanR,,
21,CcpA-2,False,0.0103660904,CcpA,,
22,Phage_2-2,False,-0.0103452124,Phage_2,,
31,Phage_2-3,False,-0.009652223000000001,Phage_2,,
9,MalR,False,0.0083166874,MalR,,
24,Unc_8,False,-0.0080925449,,,
14,Unc_4,False,0.0058768698,,,
7,Phage_2-1,False,-0.0053306448,Phage_2,,
13,Phage_1-2,False,-0.0044229788,Phage_1,,
20,Unc_7,False,0.0037530491,,,
8,PyrR,False,-0.0035239660000000003,PyrR,,
37,Phage_3-2,False,-0.0030710041,Phage_3,,
33,Galactose,False,-0.0023625786,,,
38,SpeB,False,-0.0021601042,,,
0,FabT,False,-0.002152129,FabT,,
5,CcpA-1,False,0.0021039017000000003,CcpA,,
4,GlnR,False,0.0017100125,GlnR,,
30,Phage_3-1,False,0.0016076637,Phage_3,,
34,Transport-1,False,-0.0007177511,,,
