k,name,in_iM,gene_weight,regulator,function,category
26,Mga,True,-0.0829192078,Mga,,
19,Unc_6,False,-0.0341810812,,,
36,HrcA,False,0.027555020200000002,HrcA,,
20,Unc_7,False,-0.0252647337,,,
9,MalR,False,0.0251557915,MalR,,
7,Phage_2-1,False,-0.0195063471,Phage_2,,
24,Unc_8,False,-0.0191047735,,,
33,Galactose,False,0.0189981634,,,
27,Unc_10,False,-0.0185622994,,,
41,SLO,False,-0.0177969122,,,
0,FabT,False,-0.0176468471,FabT,,
17,Unc_5,False,-0.0176230063,,,
14,Unc_4,False,-0.0167868446,,,
23,SLS,False,0.0166934163,,,
12,VicR,False,0.015006298000000001,VicR,,
40,Unc_12,False,-0.014941953000000001,,,
8,PyrR,False,0.0142758928,PyrR,,
25,Unc_9,False,0.013610083,,,
21,CcpA-2,False,-0.013293335600000001,CcpA,,
5,CcpA-1,False,0.0130875899,CcpA,,
1,CovR-1,False,-0.0124021687,CovR,,
10,Unc_2,False,-0.011086298900000001,,,
3,Unc_1,False,0.0107869753,,,
30,Phage_3-1,False,-0.0106522557,Phage_3,,
38,SpeB,False,0.0105936837,,,
11,Unc_3,False,-0.0103517541,,,
39,Transport-2,False,0.008513632200000001,,,
34,Transport-1,False,0.0082801726,,,
31,Phage_2-3,False,0.0072565796,Phage_2,,
15,NanR,False,-0.0071518387000000004,NanR,,
18,PurR,False,-0.006468406800000001,PurR,,
22,Phage_2-2,False,-0.0062087673,Phage_2,,
29,MalR2,False,0.0049281009,MalR2,,
2,Phage_1-1,False,-0.0047722138,Phage_1,,
28,CovR-2,False,-0.0042558691,CovR,,
6,Rgg,False,0.0035232168000000003,Rgg,,
13,Phage_1-2,False,-0.0032144726,Phage_1,,
32,Unc_11,False,0.002541083,,,
16,NrdR,False,-0.0013453900000000001,NrdR,,
35,YwzG,False,-0.0013452071,YwzG,,
37,Phage_3-2,False,0.0012218269,Phage_3,,
4,GlnR,False,0.0007078478,GlnR,,
