k,name,in_iM,gene_weight,regulator,function,category
41,SLO,False,-0.0349602262,,,
20,Unc_7,False,0.0343782944,,,
32,Unc_11,False,-0.0330275564,,,
0,FabT,False,-0.0324177858,FabT,,
4,GlnR,False,0.0273989572,GlnR,,
35,YwzG,False,-0.027303211600000002,YwzG,,
38,SpeB,False,-0.0180112662,,,
6,Rgg,False,-0.0179287737,Rgg,,
5,CcpA-1,False,-0.0178915715,CcpA,,
23,SLS,False,-0.014177048000000001,,,
33,Galactose,False,-0.012312847600000001,,,
19,Unc_6,False,0.0117785085,,,
16,NrdR,False,-0.0112501551,NrdR,,
29,MalR2,False,0.0111889564,MalR2,,
31,Phage_2-3,False,-0.010934284300000001,Phage_2,,
9,MalR,False,0.0107347825,MalR,,
17,Unc_5,False,-0.010695313500000001,,,
2,Phage_1-1,False,-0.0105053908,Phage_1,,
3,Unc_1,False,0.010502560400000001,,,
10,Unc_2,False,-0.0095296952,,,
36,HrcA,False,-0.009500781600000001,HrcA,,
27,Unc_10,False,-0.0091735063,,,
22,Phage_2-2,False,0.0081850698,Phage_2,,
12,VicR,False,0.008114955,VicR,,
34,Transport-1,False,-0.0075061445,,,
37,Phage_3-2,False,-0.0073461065,Phage_3,,
15,NanR,False,0.0070706407,NanR,,
39,Transport-2,False,-0.0059730537000000005,,,
14,Unc_4,False,-0.0050043926,,,
28,CovR-2,False,-0.0048362993,CovR,,
24,Unc_8,False,0.004784746,,,
40,Unc_12,False,0.0041936167000000005,,,
18,PurR,False,-0.0036896872,PurR,,
26,Mga,False,-0.0035912049,Mga,,
1,CovR-1,False,0.0026696741,CovR,,
13,Phage_1-2,False,-0.0024559986000000002,Phage_1,,
8,PyrR,False,-0.0024412073,PyrR,,
21,CcpA-2,False,-0.0022283710000000003,CcpA,,
7,Phage_2-1,False,-0.0016723488,Phage_2,,
11,Unc_3,False,-0.0009231668000000001,,,
30,Phage_3-1,False,0.0008179341,Phage_3,,
25,Unc_9,False,-5.01765e-05,,,
