k,name,in_iM,gene_weight,regulator,function,category
28,CovR-2,True,0.21418873030000002,CovR,,
1,CovR-1,True,0.0767851017,CovR,,
14,Unc_4,False,-0.0665961339,,,
17,Unc_5,False,-0.0494529224,,,
31,Phage_2-3,False,-0.0462669999,Phage_2,,
32,Unc_11,False,0.0457545793,,,
16,NrdR,False,0.0383083613,NrdR,,
34,Transport-1,False,0.038012256200000004,,,
24,Unc_8,False,-0.034043334700000004,,,
15,NanR,False,-0.028806675400000002,NanR,,
9,MalR,False,0.025533125400000002,MalR,,
37,Phage_3-2,False,0.0255051499,Phage_3,,
38,SpeB,False,-0.0226754792,,,
23,SLS,False,-0.0211619779,,,
7,Phage_2-1,False,0.0197858977,Phage_2,,
0,FabT,False,-0.0191855324,FabT,,
25,Unc_9,False,0.017290261600000002,,,
4,GlnR,False,-0.0158452515,GlnR,,
2,Phage_1-1,False,0.0150886934,Phage_1,,
20,Unc_7,False,-0.0149873286,,,
18,PurR,False,-0.0144019846,PurR,,
19,Unc_6,False,0.0118158802,,,
40,Unc_12,False,-0.0117327765,,,
41,SLO,False,-0.010992126500000001,,,
5,CcpA-1,False,0.010404881000000001,CcpA,,
11,Unc_3,False,-0.009713802300000001,,,
27,Unc_10,False,-0.0093321406,,,
12,VicR,False,0.0089996745,VicR,,
22,Phage_2-2,False,-0.0078504653,Phage_2,,
8,PyrR,False,0.0067178386000000005,PyrR,,
33,Galactose,False,-0.0064552407,,,
39,Transport-2,False,0.0064124776,,,
10,Unc_2,False,0.005742115000000001,,,
6,Rgg,False,0.0046471541,Rgg,,
13,Phage_1-2,False,0.0028657544,Phage_1,,
26,Mga,False,-0.0015861025,Mga,,
29,MalR2,False,-0.0012927299000000001,MalR2,,
30,Phage_3-1,False,0.0009035929,Phage_3,,
3,Unc_1,False,-0.0003474843,,,
35,YwzG,False,0.0003307871,YwzG,,
36,HrcA,False,-0.0001633734,HrcA,,
21,CcpA-2,False,-1.82505e-05,CcpA,,
