k,name,in_iM,gene_weight,regulator,function,category
17,Unc_5,False,-0.0293964399,,,
33,Galactose,False,0.018681064100000002,,,
27,Unc_10,False,0.0185137322,,,
39,Transport-2,False,0.0166061246,,,
32,Unc_11,False,0.0151738575,,,
14,Unc_4,False,-0.0127611752,,,
38,SpeB,False,-0.0122764352,,,
9,MalR,False,-0.0118826531,MalR,,
3,Unc_1,False,0.0106483474,,,
40,Unc_12,False,-0.010401147500000001,,,
21,CcpA-2,False,-0.0090194954,CcpA,,
1,CovR-1,False,0.008776257400000001,CovR,,
35,YwzG,False,0.008768242800000001,YwzG,,
26,Mga,False,-0.008483253500000001,Mga,,
18,PurR,False,0.007267086900000001,PurR,,
7,Phage_2-1,False,0.0069031498,Phage_2,,
23,SLS,False,0.0063469085,,,
25,Unc_9,False,0.0056878527,,,
15,NanR,False,-0.0051254741,NanR,,
20,Unc_7,False,-0.0050443249,,,
0,FabT,False,0.0048943342,FabT,,
28,CovR-2,False,-0.0048426931,CovR,,
10,Unc_2,False,0.0047095447,,,
29,MalR2,False,0.0045799151,MalR2,,
4,GlnR,False,0.0044671492,GlnR,,
16,NrdR,False,0.0042360499,NrdR,,
22,Phage_2-2,False,-0.0041317353,Phage_2,,
11,Unc_3,False,0.0038608123,,,
2,Phage_1-1,False,-0.0037549508000000002,Phage_1,,
5,CcpA-1,False,0.0033463082,CcpA,,
36,HrcA,False,-0.0030001195,HrcA,,
8,PyrR,False,0.0026518802,PyrR,,
30,Phage_3-1,False,0.0026405251,Phage_3,,
6,Rgg,False,-0.0025382252,Rgg,,
31,Phage_2-3,False,-0.0018011587,Phage_2,,
34,Transport-1,False,-0.0017227136,,,
37,Phage_3-2,False,-0.0016314479000000002,Phage_3,,
19,Unc_6,False,-0.0016244539,,,
41,SLO,False,-0.0013111989,,,
13,Phage_1-2,False,-0.0008383793,Phage_1,,
24,Unc_8,False,0.0007426754000000001,,,
12,VicR,False,0.000561879,VicR,,
