k,name,in_iM,gene_weight,regulator,function,category
34,Transport-1,False,0.0596860924,,,
24,Unc_8,False,0.0299809776,,,
10,Unc_2,False,-0.0269998293,,,
32,Unc_11,False,0.0244642387,,,
18,PurR,False,0.0207661861,PurR,,
14,Unc_4,False,0.0188762412,,,
8,PyrR,False,0.0168924857,PyrR,,
15,NanR,False,-0.0168254626,NanR,,
12,VicR,False,0.016688126600000002,VicR,,
35,YwzG,False,0.0164928396,YwzG,,
4,GlnR,False,0.014578146600000001,GlnR,,
33,Galactose,False,0.0136949739,,,
21,CcpA-2,False,-0.012453843800000001,CcpA,,
16,NrdR,False,0.0109502731,NrdR,,
0,FabT,False,0.0107708477,FabT,,
7,Phage_2-1,False,0.0102082644,Phage_2,,
30,Phage_3-1,False,-0.0093670223,Phage_3,,
17,Unc_5,False,0.0091598812,,,
11,Unc_3,False,-0.0090890949,,,
1,CovR-1,False,0.0081640642,CovR,,
25,Unc_9,False,-0.0073640483,,,
6,Rgg,False,-0.0070450791000000006,Rgg,,
5,CcpA-1,False,-0.0069819502,CcpA,,
40,Unc_12,False,-0.0065890691,,,
39,Transport-2,False,-0.005475087500000001,,,
26,Mga,False,-0.004805633100000001,Mga,,
9,MalR,False,-0.004610137,MalR,,
28,CovR-2,False,0.0035624889000000002,CovR,,
41,SLO,False,-0.0035409653,,,
31,Phage_2-3,False,0.0029087055000000003,Phage_2,,
19,Unc_6,False,0.0025966928,,,
3,Unc_1,False,0.0024907709,,,
23,SLS,False,-0.0020404788,,,
2,Phage_1-1,False,0.0019463121,Phage_1,,
20,Unc_7,False,0.0017337707000000002,,,
37,Phage_3-2,False,-0.0014593914000000001,Phage_3,,
36,HrcA,False,0.0014328641,HrcA,,
29,MalR2,False,-0.0010176054000000001,MalR2,,
22,Phage_2-2,False,-0.0003712176,Phage_2,,
38,SpeB,False,0.0003099891,,,
13,Phage_1-2,False,0.0003042289,Phage_1,,
27,Unc_10,False,5.724000000000001e-06,,,
