k,name,in_iM,gene_weight,regulator,function,category
30,Phage_3-1,True,0.1522433839,Phage_3,,
22,Phage_2-2,True,-0.09392383430000001,Phage_2,,
41,SLO,False,-0.06964907370000001,,,
19,Unc_6,False,0.0518518714,,,
3,Unc_1,False,-0.0444417453,,,
16,NrdR,False,0.0440805689,NrdR,,
35,YwzG,False,-0.041678482100000004,YwzG,,
20,Unc_7,False,0.0345769171,,,
37,Phage_3-2,False,-0.0328404623,Phage_3,,
25,Unc_9,False,0.031630410500000004,,,
1,CovR-1,False,0.0312546494,CovR,,
38,SpeB,False,0.0263714481,,,
36,HrcA,False,-0.0259611119,HrcA,,
14,Unc_4,False,-0.0228751362,,,
4,GlnR,False,-0.0217936379,GlnR,,
34,Transport-1,False,0.0213684212,,,
7,Phage_2-1,False,-0.0196281593,Phage_2,,
26,Mga,False,0.0186017295,Mga,,
6,Rgg,False,0.017703510500000002,Rgg,,
18,PurR,False,-0.0176356617,PurR,,
40,Unc_12,False,-0.0170986874,,,
0,FabT,False,-0.015173211300000001,FabT,,
27,Unc_10,False,-0.0149647313,,,
32,Unc_11,False,-0.014074662100000001,,,
8,PyrR,False,0.0134603202,PyrR,,
5,CcpA-1,False,0.0131436313,CcpA,,
15,NanR,False,-0.012142635700000001,NanR,,
31,Phage_2-3,False,0.0114978424,Phage_2,,
2,Phage_1-1,False,0.0100942563,Phage_1,,
12,VicR,False,-0.0097489575,VicR,,
29,MalR2,False,-0.0096013728,MalR2,,
33,Galactose,False,-0.009259988200000001,,,
11,Unc_3,False,0.0085305124,,,
24,Unc_8,False,0.0076900959,,,
39,Transport-2,False,0.0070221185000000005,,,
21,CcpA-2,False,-0.0063465635,CcpA,,
17,Unc_5,False,0.0055251789,,,
9,MalR,False,0.004054107,MalR,,
13,Phage_1-2,False,-0.0036708905,Phage_1,,
10,Unc_2,False,0.0024913663,,,
23,SLS,False,-0.001417979,,,
28,CovR-2,False,-0.0004259396,CovR,,
