k,name,in_iM,gene_weight,regulator,function,category
31,Phage_2-3,True,0.24953913590000001,Phage_2,,
36,HrcA,False,-0.027674686,HrcA,,
11,Unc_3,False,-0.0262515403,,,
34,Transport-1,False,-0.024213445700000003,,,
9,MalR,False,-0.021477677900000002,MalR,,
16,NrdR,False,-0.0198357291,NrdR,,
3,Unc_1,False,-0.01600218,,,
22,Phage_2-2,False,-0.0157199433,Phage_2,,
10,Unc_2,False,0.015115023200000001,,,
18,PurR,False,-0.0144847202,PurR,,
23,SLS,False,-0.013970248800000001,,,
1,CovR-1,False,-0.0133107455,CovR,,
40,Unc_12,False,0.0122971161,,,
5,CcpA-1,False,-0.0122447298,CcpA,,
7,Phage_2-1,False,0.0111330253,Phage_2,,
6,Rgg,False,-0.0106056194,Rgg,,
35,YwzG,False,-0.010298402600000001,YwzG,,
26,Mga,False,-0.0099782584,Mga,,
12,VicR,False,-0.0094549556,VicR,,
8,PyrR,False,-0.0083369501,PyrR,,
4,GlnR,False,-0.0082938328,GlnR,,
30,Phage_3-1,False,-0.0081406019,Phage_3,,
39,Transport-2,False,0.0078370835,,,
37,Phage_3-2,False,0.007348878200000001,Phage_3,,
14,Unc_4,False,0.0066667436,,,
15,NanR,False,0.0060137283,NanR,,
2,Phage_1-1,False,0.0058932756,Phage_1,,
21,CcpA-2,False,-0.0056732262,CcpA,,
20,Unc_7,False,-0.0050213934,,,
13,Phage_1-2,False,0.0049441969,Phage_1,,
25,Unc_9,False,-0.004814752,,,
19,Unc_6,False,-0.0040437597,,,
33,Galactose,False,0.0037683032000000003,,,
24,Unc_8,False,-0.0034630974,,,
17,Unc_5,False,-0.0029233712,,,
27,Unc_10,False,-0.0026370209,,,
41,SLO,False,-0.0024552002,,,
29,MalR2,False,0.0018771762,MalR2,,
28,CovR-2,False,0.0015157214,CovR,,
0,FabT,False,0.0013946229,FabT,,
38,SpeB,False,0.0008740387000000001,,,
32,Unc_11,False,0.0003102064,,,
