k,name,in_iM,gene_weight,regulator,function,category
18,PurR,True,0.1821940609,PurR,,
4,GlnR,False,-0.059308856300000004,GlnR,,
33,Galactose,False,-0.0475890671,,,
20,Unc_7,False,-0.0339315195,,,
31,Phage_2-3,False,-0.0314686199,Phage_2,,
34,Transport-1,False,-0.031147493600000003,,,
32,Unc_11,False,0.0286650949,,,
8,PyrR,False,0.0272907502,PyrR,,
35,YwzG,False,0.026425817100000002,YwzG,,
14,Unc_4,False,-0.026329787,,,
39,Transport-2,False,0.021922692100000002,,,
38,SpeB,False,0.0215107589,,,
5,CcpA-1,False,0.0197628232,CcpA,,
27,Unc_10,False,-0.0194083792,,,
40,Unc_12,False,-0.0176511936,,,
26,Mga,False,0.0171405643,Mga,,
16,NrdR,False,0.016616917800000002,NrdR,,
36,HrcA,False,0.0140534756,HrcA,,
19,Unc_6,False,-0.0136599674,,,
10,Unc_2,False,-0.0098340402,,,
12,VicR,False,-0.009193226700000001,VicR,,
1,CovR-1,False,-0.0088637957,CovR,,
23,SLS,False,-0.0079609438,,,
28,CovR-2,False,-0.007809047600000001,CovR,,
3,Unc_1,False,0.0074687451,,,
41,SLO,False,-0.0064735785,,,
2,Phage_1-1,False,-0.0062236586,Phage_1,,
6,Rgg,False,0.0051649874,Rgg,,
30,Phage_3-1,False,0.0050894892,Phage_3,,
37,Phage_3-2,False,0.0050182661,Phage_3,,
29,MalR2,False,0.0049507602,MalR2,,
9,MalR,False,-0.0045983737,MalR,,
7,Phage_2-1,False,0.0044274756,Phage_2,,
22,Phage_2-2,False,-0.0038042767000000003,Phage_2,,
25,Unc_9,False,0.0035083842000000003,,,
21,CcpA-2,False,0.0032569945,CcpA,,
11,Unc_3,False,0.0031495506000000003,,,
24,Unc_8,False,0.0020102504,,,
0,FabT,False,0.0015143433000000001,FabT,,
15,NanR,False,0.0014553575,NanR,,
17,Unc_5,False,0.0008796096,,,
13,Phage_1-2,False,-0.0008683851,Phage_1,,
