k,name,in_iM,gene_weight,regulator,function,category
11,Unc_3,False,-0.0368686696,,,
0,FabT,False,0.021778639000000002,FabT,,
20,Unc_7,False,-0.0190296106,,,
34,Transport-1,False,-0.0161759931,,,
4,GlnR,False,-0.015251253000000001,GlnR,,
9,MalR,False,0.013185583300000001,MalR,,
17,Unc_5,False,0.012513565400000001,,,
12,VicR,False,-0.0124012852,VicR,,
23,SLS,False,-0.0116502776,,,
24,Unc_8,False,0.010468827600000001,,,
1,CovR-1,False,-0.0104499087,CovR,,
39,Transport-2,False,-0.0099515255,,,
18,PurR,False,-0.0094615793,PurR,,
27,Unc_10,False,-0.0094222409,,,
15,NanR,False,0.0088904274,NanR,,
5,CcpA-1,False,0.007971273400000001,CcpA,,
30,Phage_3-1,False,-0.0074940433,Phage_3,,
36,HrcA,False,-0.0072636488,HrcA,,
16,NrdR,False,0.0070540216,NrdR,,
37,Phage_3-2,False,0.0068251809,Phage_3,,
41,SLO,False,0.0067988976,,,
33,Galactose,False,-0.0059644613,,,
13,Phage_1-2,False,-0.0056888762,Phage_1,,
7,Phage_2-1,False,-0.0054473026,Phage_2,,
10,Unc_2,False,-0.0053311747,,,
14,Unc_4,False,-0.0044771137,,,
22,Phage_2-2,False,-0.0040627902,Phage_2,,
40,Unc_12,False,0.0037216785,,,
28,CovR-2,False,-0.00370182,CovR,,
26,Mga,False,0.003427008,Mga,,
2,Phage_1-1,False,0.0030883325000000002,Phage_1,,
31,Phage_2-3,False,-0.0030487125,Phage_2,,
21,CcpA-2,False,0.0029544333,CcpA,,
19,Unc_6,False,0.0027679158,,,
6,Rgg,False,-0.0026656068,Rgg,,
8,PyrR,False,0.0023279441000000002,PyrR,,
35,YwzG,False,0.0016190053,YwzG,,
25,Unc_9,False,-0.0014749214,,,
29,MalR2,False,-0.001236745,MalR2,,
32,Unc_11,False,0.001226965,,,
38,SpeB,False,-0.0011869105,,,
3,Unc_1,False,0.0002289789,,,
