k,name,in_iM,gene_weight,regulator,function,category
10,Unc_2,False,0.0484496711,,,
40,Unc_12,False,0.0413299566,,,
12,VicR,False,-0.040613927,VicR,,
33,Galactose,False,0.0357754649,,,
16,NrdR,False,-0.0290904818,NrdR,,
26,Mga,False,-0.0289160141,Mga,,
4,GlnR,False,0.0247626567,GlnR,,
8,PyrR,False,0.0244170924,PyrR,,
31,Phage_2-3,False,0.0234891895,Phage_2,,
14,Unc_4,False,0.0214306371,,,
29,MalR2,False,-0.020448329,MalR2,,
19,Unc_6,False,0.0202952637,,,
27,Unc_10,False,-0.0192496625,,,
15,NanR,False,0.0175210607,NanR,,
0,FabT,False,-0.0159586627,FabT,,
25,Unc_9,False,-0.015944242100000002,,,
2,Phage_1-1,False,-0.0157155978,Phage_1,,
39,Transport-2,False,0.0148095168,,,
34,Transport-1,False,0.014383174700000001,,,
5,CcpA-1,False,-0.0133167612,CcpA,,
21,CcpA-2,False,-0.011708733,CcpA,,
18,PurR,False,0.0108171928,PurR,,
20,Unc_7,False,-0.010342043700000001,,,
22,Phage_2-2,False,0.0098242872,Phage_2,,
30,Phage_3-1,False,-0.009451195,Phage_3,,
32,Unc_11,False,0.0093505211,,,
9,MalR,False,0.0080076212,MalR,,
23,SLS,False,0.007952576000000001,,,
3,Unc_1,False,0.0076004387,,,
41,SLO,False,0.0075823769,,,
7,Phage_2-1,False,-0.0075090054,Phage_2,,
11,Unc_3,False,0.0060899877000000005,,,
28,CovR-2,False,-0.00605837,CovR,,
36,HrcA,False,0.0057924168,HrcA,,
1,CovR-1,False,-0.004611366,CovR,,
35,YwzG,False,-0.0043977452,YwzG,,
24,Unc_8,False,0.0038929639,,,
13,Phage_1-2,False,-0.0029724472,Phage_1,,
37,Phage_3-2,False,0.0025220850000000003,Phage_3,,
38,SpeB,False,-0.0018596752000000002,,,
6,Rgg,False,0.0018254235,Rgg,,
17,Unc_5,False,-0.0013864766,,,
