k,name,in_iM,gene_weight,regulator,function,category
33,Galactose,True,0.1895787374,,,
39,Transport-2,True,0.0974736689,,,
26,Mga,True,0.0907429024,Mga,,
34,Transport-1,True,0.06814739,,,
1,CovR-1,False,-0.047978113100000004,CovR,,
27,Unc_10,False,-0.0383578533,,,
41,SLO,False,0.0317328008,,,
37,Phage_3-2,False,0.0309318563,Phage_3,,
9,MalR,False,0.0308702648,MalR,,
24,Unc_8,False,0.030616808800000003,,,
0,FabT,False,0.0295020891,FabT,,
21,CcpA-2,False,0.028886098000000002,CcpA,,
23,SLS,False,-0.0285564346,,,
3,Unc_1,False,0.026522682500000002,,,
35,YwzG,False,0.0234832157,YwzG,,
14,Unc_4,False,0.0212077199,,,
8,PyrR,False,-0.0198724966,PyrR,,
4,GlnR,False,-0.0198062802,GlnR,,
7,Phage_2-1,False,0.01946693,Phage_2,,
15,NanR,False,0.0162657285,NanR,,
30,Phage_3-1,False,-0.015127987,Phage_3,,
2,Phage_1-1,False,0.013328120300000001,Phage_1,,
25,Unc_9,False,-0.0126599729,,,
6,Rgg,False,-0.012098485,Rgg,,
17,Unc_5,False,-0.0113866491,,,
32,Unc_11,False,-0.0108111969,,,
38,SpeB,False,-0.008337836500000001,,,
13,Phage_1-2,False,-0.008214320800000001,Phage_1,,
18,PurR,False,-0.008060209,PurR,,
40,Unc_12,False,-0.0078913206,,,
29,MalR2,False,0.0078826577,MalR2,,
36,HrcA,False,0.0076036192,HrcA,,
19,Unc_6,False,-0.007171396700000001,,,
11,Unc_3,False,0.0070808024,,,
28,CovR-2,False,0.006358684000000001,CovR,,
16,NrdR,False,-0.006029979,NrdR,,
5,CcpA-1,False,-0.005934851200000001,CcpA,,
31,Phage_2-3,False,0.0056662492,Phage_2,,
12,VicR,False,-0.0047857637,VicR,,
20,Unc_7,False,0.0032310903,,,
22,Phage_2-2,False,-0.0025990218000000002,Phage_2,,
10,Unc_2,False,0.0013212871,,,
