k,name,in_iM,gene_weight,regulator,function,category
20,Unc_7,False,-0.0714545495,,,
32,Unc_11,False,0.059081094300000005,,,
3,Unc_1,False,0.0498819288,,,
10,Unc_2,False,-0.0337246775,,,
12,VicR,False,0.0279570887,VicR,,
24,Unc_8,False,0.0226566216,,,
34,Transport-1,False,-0.0224048324,,,
37,Phage_3-2,False,-0.0191576097,Phage_3,,
4,GlnR,False,-0.018423018000000003,GlnR,,
8,PyrR,False,-0.0183531987,PyrR,,
26,Mga,False,-0.0182517468,Mga,,
11,Unc_3,False,0.017505602800000002,,,
1,CovR-1,False,0.0170544963,CovR,,
6,Rgg,False,-0.0169578123,Rgg,,
23,SLS,False,-0.0154190275,,,
29,MalR2,False,-0.0148986976,MalR2,,
38,SpeB,False,-0.0136172558,,,
27,Unc_10,False,-0.0125865114,,,
18,PurR,False,0.012430672700000001,PurR,,
17,Unc_5,False,-0.011718700700000001,,,
9,MalR,False,0.0108454958,MalR,,
35,YwzG,False,0.0105898408,YwzG,,
19,Unc_6,False,-0.0085362523,,,
14,Unc_4,False,-0.008455728000000001,,,
15,NanR,False,-0.0082221338,NanR,,
39,Transport-2,False,-0.0079932341,,,
13,Phage_1-2,False,-0.0079566285,Phage_1,,
28,CovR-2,False,-0.0073390218000000005,CovR,,
2,Phage_1-1,False,-0.0069711525,Phage_1,,
33,Galactose,False,-0.0065990958,,,
7,Phage_2-1,False,-0.0065364344,Phage_2,,
25,Unc_9,False,0.0050021598,,,
16,NrdR,False,-0.0047810937,NrdR,,
31,Phage_2-3,False,-0.004751020700000001,Phage_2,,
22,Phage_2-2,False,-0.0045378250000000005,Phage_2,,
30,Phage_3-1,False,0.0032054669,Phage_3,,
40,Unc_12,False,-0.0032019042000000003,,,
36,HrcA,False,-0.0029708092,HrcA,,
41,SLO,False,-0.0027222487000000003,,,
0,FabT,False,-0.0026645054000000003,FabT,,
5,CcpA-1,False,-0.0013308701,CcpA,,
21,CcpA-2,False,-0.00020548460000000001,CcpA,,
