k,name,in_iM,gene_weight,regulator,function,category
2,Phage_1-1,True,0.16045496480000002,Phage_1,,
37,Phage_3-2,False,-0.0336868722,Phage_3,,
40,Unc_12,False,-0.025653218300000002,,,
39,Transport-2,False,0.021577313900000002,,,
26,Mga,False,0.0203156496,Mga,,
22,Phage_2-2,False,0.0198568868,Phage_2,,
18,PurR,False,-0.0182409335,PurR,,
15,NanR,False,-0.0181868243,NanR,,
12,VicR,False,-0.016608882000000002,VicR,,
6,Rgg,False,0.0165458778,Rgg,,
7,Phage_2-1,False,-0.0164337851,Phage_2,,
25,Unc_9,False,-0.0140623251,,,
35,YwzG,False,0.013311969100000001,YwzG,,
19,Unc_6,False,-0.0127426718,,,
3,Unc_1,False,0.012514925900000001,,,
31,Phage_2-3,False,-0.012413664900000001,Phage_2,,
29,MalR2,False,0.0122475425,MalR2,,
41,SLO,False,-0.0120237311,,,
14,Unc_4,False,-0.010877024,,,
34,Transport-1,False,0.009960794,,,
32,Unc_11,False,0.0093694885,,,
9,MalR,False,-0.008599421000000001,MalR,,
33,Galactose,False,0.0083351112,,,
10,Unc_2,False,-0.0078190733,,,
21,CcpA-2,False,-0.0073656169,CcpA,,
24,Unc_8,False,-0.0070912159,,,
5,CcpA-1,False,-0.0067418127000000005,CcpA,,
1,CovR-1,False,0.0065333246,CovR,,
4,GlnR,False,-0.0052536233,GlnR,,
28,CovR-2,False,-0.0051869309,CovR,,
27,Unc_10,False,0.0045185904,,,
30,Phage_3-1,False,0.0042575681,Phage_3,,
20,Unc_7,False,0.0040481479,,,
17,Unc_5,False,-0.0033225822,,,
0,FabT,False,0.0032564451,FabT,,
11,Unc_3,False,0.0028897438,,,
16,NrdR,False,-0.0026572041000000003,NrdR,,
23,SLS,False,-0.0026396598,,,
8,PyrR,False,0.0025301458,PyrR,,
13,Phage_1-2,False,0.0023487563,Phage_1,,
38,SpeB,False,0.0016980302,,,
36,HrcA,False,0.00034736900000000004,HrcA,,
