k,name,in_iM,gene_weight,regulator,function,category
27,Unc_10,True,0.0949996318,,,
41,SLO,False,0.041866395800000004,,,
22,Phage_2-2,False,-0.0348958973,Phage_2,,
11,Unc_3,False,-0.0284489277,,,
20,Unc_7,False,0.024937731100000003,,,
31,Phage_2-3,False,-0.021813681300000002,Phage_2,,
32,Unc_11,False,0.021737155100000002,,,
37,Phage_3-2,False,-0.021038713400000002,Phage_3,,
26,Mga,False,0.017344826900000002,Mga,,
4,GlnR,False,0.017048517000000003,GlnR,,
25,Unc_9,False,0.014701918100000001,,,
3,Unc_1,False,0.0144619291,,,
33,Galactose,False,-0.0138274799,,,
23,SLS,False,-0.0126754233,,,
12,VicR,False,-0.0118621824,VicR,,
5,CcpA-1,False,-0.011355671500000001,CcpA,,
19,Unc_6,False,0.0107510934,,,
39,Transport-2,False,-0.0102373254,,,
10,Unc_2,False,0.0094909968,,,
21,CcpA-2,False,-0.0087791012,CcpA,,
35,YwzG,False,-0.0087375856,YwzG,,
17,Unc_5,False,-0.0084391547,,,
16,NrdR,False,0.0080612261,NrdR,,
28,CovR-2,False,0.0077235579000000006,CovR,,
1,CovR-1,False,-0.0074822719,CovR,,
18,PurR,False,0.007383616700000001,PurR,,
7,Phage_2-1,False,-0.0071449875,Phage_2,,
15,NanR,False,0.0069019324000000005,NanR,,
40,Unc_12,False,-0.0067352697,,,
6,Rgg,False,-0.006484623100000001,Rgg,,
29,MalR2,False,-0.0058708717,MalR2,,
30,Phage_3-1,False,0.0058525577,Phage_3,,
13,Phage_1-2,False,-0.0049879123,Phage_1,,
36,HrcA,False,0.0047879701,HrcA,,
2,Phage_1-1,False,0.0047574633000000005,Phage_1,,
9,MalR,False,0.0044768175,MalR,,
14,Unc_4,False,0.0039498549,,,
34,Transport-1,False,-0.0031830591000000003,,,
0,FabT,False,-0.0031809446,FabT,,
24,Unc_8,False,0.0011031462,,,
38,SpeB,False,-0.0009491522,,,
8,PyrR,False,-4.651e-06,PyrR,,
