k,name,in_iM,gene_weight,regulator,function,category
16,NrdR,False,0.054643882500000004,NrdR,,
39,Transport-2,False,-0.0375321099,,,
29,MalR2,False,0.0285993893,MalR2,,
19,Unc_6,False,-0.0246643345,,,
15,NanR,False,-0.0246436005,NanR,,
37,Phage_3-2,False,0.0239229797,Phage_3,,
36,HrcA,False,0.0238784254,HrcA,,
23,SLS,False,-0.0200453597,,,
10,Unc_2,False,-0.0193830295,,,
1,CovR-1,False,-0.0169060133,CovR,,
27,Unc_10,False,-0.0161907454,,,
5,CcpA-1,False,0.0156493066,CcpA,,
7,Phage_2-1,False,-0.0140906828,Phage_2,,
11,Unc_3,False,-0.0131829363,,,
3,Unc_1,False,-0.0127664023,,,
38,SpeB,False,-0.0127213012,,,
25,Unc_9,False,-0.0096702967,,,
17,Unc_5,False,-0.0096639362,,,
34,Transport-1,False,0.0093582105,,,
32,Unc_11,False,0.008846175500000001,,,
12,VicR,False,0.0086969751,VicR,,
8,PyrR,False,-0.008345533300000001,PyrR,,
31,Phage_2-3,False,-0.0081892603,Phage_2,,
35,YwzG,False,-0.0076649139000000005,YwzG,,
41,SLO,False,0.007426723400000001,,,
4,GlnR,False,0.007186776200000001,GlnR,,
20,Unc_7,False,-0.006421080500000001,,,
18,PurR,False,-0.0059452762,PurR,,
30,Phage_3-1,False,0.0057736631000000005,Phage_3,,
21,CcpA-2,False,0.0053659551,CcpA,,
40,Unc_12,False,-0.0051494708,,,
24,Unc_8,False,-0.0037580282,,,
22,Phage_2-2,False,0.0037217812,Phage_2,,
2,Phage_1-1,False,-0.0037065342,Phage_1,,
14,Unc_4,False,0.0036038174,,,
26,Mga,False,-0.003036022,Mga,,
28,CovR-2,False,-0.0023567354,CovR,,
6,Rgg,False,-0.0021790001,Rgg,,
0,FabT,False,-0.0011977725000000001,FabT,,
13,Phage_1-2,False,0.0011496134,Phage_1,,
9,MalR,False,-0.0005369957,MalR,,
33,Galactose,False,0.00046058110000000003,,,
