k,name,in_iM,gene_weight,regulator,function,category
1,CovR-1,False,0.0431058953,CovR,,
40,Unc_12,False,-0.0333986785,,,
30,Phage_3-1,False,-0.0270721652,Phage_3,,
0,FabT,False,0.024863099000000003,FabT,,
39,Transport-2,False,-0.021485441100000002,,,
36,HrcA,False,-0.0213946205,HrcA,,
24,Unc_8,False,-0.0202699309,,,
25,Unc_9,False,0.0178384457,,,
15,NanR,False,0.0175904851,NanR,,
19,Unc_6,False,0.017183924,,,
34,Transport-1,False,-0.0166770064,,,
32,Unc_11,False,-0.0160127873,,,
21,CcpA-2,False,-0.0146613409,CcpA,,
12,VicR,False,-0.0142831937,VicR,,
14,Unc_4,False,0.0141676635,,,
33,Galactose,False,0.013532143000000002,,,
17,Unc_5,False,-0.0135255982,,,
29,MalR2,False,-0.0116720482,MalR2,,
13,Phage_1-2,False,-0.011573676500000001,Phage_1,,
11,Unc_3,False,-0.0108602374,,,
28,CovR-2,False,0.0101824836,CovR,,
23,SLS,False,0.009245827,,,
37,Phage_3-2,False,0.0082585629,Phage_3,,
35,YwzG,False,0.0076977086,YwzG,,
27,Unc_10,False,-0.0076671288,,,
2,Phage_1-1,False,0.0069611409,Phage_1,,
4,GlnR,False,0.0068210755,GlnR,,
8,PyrR,False,0.0057929259,PyrR,,
18,PurR,False,-0.0052720188,PurR,,
9,MalR,False,-0.0045125996,MalR,,
31,Phage_2-3,False,0.0043570471,Phage_2,,
41,SLO,False,0.0037712995000000003,,,
22,Phage_2-2,False,-0.0032598997,Phage_2,,
5,CcpA-1,False,-0.0031889141,CcpA,,
16,NrdR,False,0.0030871306,NrdR,,
3,Unc_1,False,0.0028108546,,,
38,SpeB,False,-0.002634445,,,
6,Rgg,False,0.0005767610000000001,Rgg,,
26,Mga,False,-0.00047355140000000003,Mga,,
10,Unc_2,False,-0.00040398990000000003,,,
7,Phage_2-1,False,-0.0003363849,Phage_2,,
20,Unc_7,False,-0.00029610330000000003,,,
