k,name,in_iM,gene_weight,regulator,function,category
29,MalR2,False,-0.0203863227,MalR2,,
23,SLS,False,-0.019398545,,,
35,YwzG,False,-0.0177720484,YwzG,,
32,Unc_11,False,-0.016126091000000002,,,
3,Unc_1,False,-0.0158861258,,,
34,Transport-1,False,-0.0146776783,,,
37,Phage_3-2,False,-0.0133015359,Phage_3,,
11,Unc_3,False,0.0131699268,,,
5,CcpA-1,False,-0.012018661,CcpA,,
26,Mga,False,-0.0116413682,Mga,,
38,SpeB,False,-0.011428159200000001,,,
8,PyrR,False,-0.0111113704,PyrR,,
30,Phage_3-1,False,-0.0103807237,Phage_3,,
0,FabT,False,-0.0100371411,FabT,,
40,Unc_12,False,0.009726822900000001,,,
36,HrcA,False,0.0094499631,HrcA,,
14,Unc_4,False,-0.0094457628,,,
15,NanR,False,0.0091222331,NanR,,
24,Unc_8,False,-0.0087555237,,,
2,Phage_1-1,False,-0.0086170699,Phage_1,,
25,Unc_9,False,0.0077006032,,,
10,Unc_2,False,-0.0075130478,,,
9,MalR,False,-0.006650704,MalR,,
19,Unc_6,False,-0.0065612089000000005,,,
27,Unc_10,False,-0.0053847364,,,
18,PurR,False,0.004641184400000001,PurR,,
12,VicR,False,-0.0041423801,VicR,,
22,Phage_2-2,False,-0.0041287881,Phage_2,,
41,SLO,False,-0.0040359617,,,
20,Unc_7,False,-0.0038020731,,,
39,Transport-2,False,-0.0036216819,,,
6,Rgg,False,-0.0028521477,Rgg,,
31,Phage_2-3,False,-0.0026470379,Phage_2,,
28,CovR-2,False,-0.0025799631000000003,CovR,,
1,CovR-1,False,-0.0016614214,CovR,,
7,Phage_2-1,False,0.0015400241000000001,Phage_2,,
17,Unc_5,False,0.0013810573,,,
21,CcpA-2,False,0.0013000998000000001,CcpA,,
13,Phage_1-2,False,0.00041275810000000003,Phage_1,,
16,NrdR,False,0.00039646690000000003,NrdR,,
33,Galactose,False,-0.0002266553,,,
4,GlnR,False,-0.0001533759,GlnR,,
