k,name,in_iM,gene_weight,regulator,function,category
40,Unc_12,False,-0.0458128092,,,
4,GlnR,False,0.039345988900000003,GlnR,,
12,VicR,False,-0.0384821113,VicR,,
21,CcpA-2,False,0.0350687561,CcpA,,
20,Unc_7,False,-0.021489503400000002,,,
33,Galactose,False,-0.021047526100000002,,,
25,Unc_9,False,-0.0170854558,,,
17,Unc_5,False,0.0162869606,,,
18,PurR,False,0.015529493600000001,PurR,,
32,Unc_11,False,-0.013767317400000001,,,
27,Unc_10,False,-0.0115114252,,,
34,Transport-1,False,0.011451373,,,
16,NrdR,False,-0.0100167027,NrdR,,
8,PyrR,False,0.0081996731,PyrR,,
14,Unc_4,False,-0.0074214155,,,
15,NanR,False,-0.0064030492,NanR,,
39,Transport-2,False,0.0060058729000000005,,,
36,HrcA,False,0.0055845988,HrcA,,
5,CcpA-1,False,0.0052636762,CcpA,,
38,SpeB,False,-0.0050316384,,,
10,Unc_2,False,-0.0047974458,,,
1,CovR-1,False,0.004583439,CovR,,
22,Phage_2-2,False,-0.0039640345000000006,Phage_2,,
3,Unc_1,False,0.0035153364,,,
23,SLS,False,-0.0031138928000000003,,,
6,Rgg,False,0.0027502408,Rgg,,
24,Unc_8,False,-0.0026374557,,,
37,Phage_3-2,False,0.0025290685,Phage_3,,
9,MalR,False,-0.0022996242,MalR,,
0,FabT,False,0.0021581736,FabT,,
19,Unc_6,False,0.0021111345,,,
13,Phage_1-2,False,-0.0018968577,Phage_1,,
2,Phage_1-1,False,-0.0016514772,Phage_1,,
35,YwzG,False,0.001296628,YwzG,,
31,Phage_2-3,False,0.001092637,Phage_2,,
7,Phage_2-1,False,0.0009387263000000001,Phage_2,,
30,Phage_3-1,False,-0.0006917902,Phage_3,,
26,Mga,False,0.0006904013,Mga,,
28,CovR-2,False,-0.0006829757000000001,CovR,,
11,Unc_3,False,0.0006460507,,,
41,SLO,False,0.0004674923,,,
29,MalR2,False,-8.84671e-05,MalR2,,
