k,name,in_iM,gene_weight,regulator,function,category
27,Unc_10,True,0.1683485899,,,
33,Galactose,True,0.11266261940000001,,,
18,PurR,True,0.0945621111,PurR,,
21,CcpA-2,True,0.07852192620000001,CcpA,,
22,Phage_2-2,False,-0.050860463200000004,Phage_2,,
31,Phage_2-3,False,0.0503559128,Phage_2,,
24,Unc_8,False,-0.0462601861,,,
30,Phage_3-1,False,0.0426935908,Phage_3,,
25,Unc_9,False,-0.0369132108,,,
16,NrdR,False,0.0366185739,NrdR,,
3,Unc_1,False,0.034284867000000004,,,
23,SLS,False,0.030436496900000002,,,
19,Unc_6,False,-0.030263686100000003,,,
41,SLO,False,0.0269040597,,,
35,YwzG,False,-0.0231962137,YwzG,,
26,Mga,False,-0.0218760026,Mga,,
29,MalR2,False,0.0195222842,MalR2,,
1,CovR-1,False,0.0189479613,CovR,,
12,VicR,False,0.0187728399,VicR,,
14,Unc_4,False,0.017877111,,,
37,Phage_3-2,False,-0.016549307000000003,Phage_3,,
5,CcpA-1,False,-0.0158590617,CcpA,,
10,Unc_2,False,-0.014978790700000001,,,
7,Phage_2-1,False,0.010714708100000001,Phage_2,,
28,CovR-2,False,0.0104719075,CovR,,
11,Unc_3,False,-0.0096629824,,,
39,Transport-2,False,-0.0092337226,,,
38,SpeB,False,0.008596011,,,
15,NanR,False,0.0085358,NanR,,
6,Rgg,False,-0.0077141236,Rgg,,
36,HrcA,False,-0.007601849000000001,HrcA,,
4,GlnR,False,-0.0074818469,GlnR,,
13,Phage_1-2,False,-0.0073189925000000005,Phage_1,,
17,Unc_5,False,-0.0065050153,,,
9,MalR,False,0.0063540869,MalR,,
8,PyrR,False,-0.0055390289,PyrR,,
40,Unc_12,False,-0.0052928651,,,
34,Transport-1,False,-0.00473512,,,
20,Unc_7,False,-0.0045470485,,,
2,Phage_1-1,False,0.0026524014,Phage_1,,
0,FabT,False,0.001259314,FabT,,
32,Unc_11,False,-9.400930000000001e-05,,,
