k,name,in_iM,gene_weight,regulator,function,category
7,Phage_2-1,True,0.0602087757,Phage_2,,
16,NrdR,False,-0.0422641905,NrdR,,
41,SLO,False,0.031864928,,,
29,MalR2,False,-0.0266144224,MalR2,,
10,Unc_2,False,0.0255270586,,,
37,Phage_3-2,False,0.024336474900000002,Phage_3,,
4,GlnR,False,0.0213902363,GlnR,,
11,Unc_3,False,-0.0207764592,,,
19,Unc_6,False,0.0187906987,,,
20,Unc_7,False,-0.0185547077,,,
26,Mga,False,0.0176391384,Mga,,
15,NanR,False,0.017489201700000002,NanR,,
24,Unc_8,False,-0.0170723752,,,
22,Phage_2-2,False,-0.0159998009,Phage_2,,
18,PurR,False,-0.0153131451,PurR,,
38,SpeB,False,0.014648563500000001,,,
31,Phage_2-3,False,-0.014514677,Phage_2,,
2,Phage_1-1,False,0.0140359742,Phage_1,,
40,Unc_12,False,0.0136407066,,,
35,YwzG,False,-0.013032558900000001,YwzG,,
25,Unc_9,False,0.0127340024,,,
14,Unc_4,False,0.0113732587,,,
6,Rgg,False,-0.0113663183,Rgg,,
32,Unc_11,False,0.0113625253,,,
39,Transport-2,False,-0.010763364000000001,,,
3,Unc_1,False,-0.0097376115,,,
8,PyrR,False,-0.0096705243,PyrR,,
0,FabT,False,-0.0089024006,FabT,,
30,Phage_3-1,False,0.0081508187,Phage_3,,
9,MalR,False,0.0079420476,MalR,,
33,Galactose,False,0.0065765274000000006,,,
5,CcpA-1,False,0.0060847178,CcpA,,
17,Unc_5,False,-0.0051017383,,,
23,SLS,False,0.0049837472,,,
34,Transport-1,False,-0.0040252008,,,
27,Unc_10,False,-0.0035542355,,,
21,CcpA-2,False,0.0028260990000000003,CcpA,,
28,CovR-2,False,0.0024678313000000003,CovR,,
12,VicR,False,-0.0021905966,VicR,,
13,Phage_1-2,False,-0.0020626651,Phage_1,,
36,HrcA,False,-0.0018640679000000002,HrcA,,
1,CovR-1,False,0.0004147957,CovR,,
