k,name,in_iM,gene_weight,regulator,function,category
5,CcpA-1,True,0.1609363744,CcpA,,
15,NanR,False,0.0737918397,NanR,,
25,Unc_9,False,-0.0468789877,,,
38,SpeB,False,0.0431853654,,,
16,NrdR,False,-0.039958503,NrdR,,
9,MalR,False,-0.033154727,MalR,,
36,HrcA,False,0.0314238469,HrcA,,
23,SLS,False,0.0313784192,,,
1,CovR-1,False,-0.0219988728,CovR,,
24,Unc_8,False,0.0212097168,,,
8,PyrR,False,-0.021020339000000002,PyrR,,
3,Unc_1,False,-0.018539201300000002,,,
40,Unc_12,False,-0.0171027749,,,
29,MalR2,False,0.0152052763,MalR2,,
10,Unc_2,False,-0.0146798052,,,
27,Unc_10,False,-0.014551461600000001,,,
30,Phage_3-1,False,0.0138379273,Phage_3,,
20,Unc_7,False,-0.012718077000000001,,,
32,Unc_11,False,0.012495176200000001,,,
28,CovR-2,False,0.0118688399,CovR,,
18,PurR,False,-0.0105288202,PurR,,
31,Phage_2-3,False,-0.0092483706,Phage_2,,
4,GlnR,False,-0.0090895418,GlnR,,
7,Phage_2-1,False,-0.0081793396,Phage_2,,
26,Mga,False,-0.0078662768,Mga,,
21,CcpA-2,False,-0.0063540367,CcpA,,
33,Galactose,False,0.0055866225,,,
14,Unc_4,False,0.0052362342,,,
19,Unc_6,False,0.0046768783,,,
22,Phage_2-2,False,-0.0037250964,Phage_2,,
17,Unc_5,False,0.0030726119,,,
12,VicR,False,-0.0027589686000000003,VicR,,
34,Transport-1,False,-0.0020762638,,,
41,SLO,False,0.0019056452000000002,,,
2,Phage_1-1,False,-0.0015600059,Phage_1,,
13,Phage_1-2,False,-0.0013556473,Phage_1,,
39,Transport-2,False,0.001242698,,,
11,Unc_3,False,0.0006985739000000001,,,
37,Phage_3-2,False,-0.0005061517000000001,Phage_3,,
0,FabT,False,0.00025127170000000004,FabT,,
35,YwzG,False,0.0002180929,YwzG,,
6,Rgg,False,8.96332e-05,Rgg,,
