k,name,in_iM,gene_weight,regulator,function,category
36,HrcA,True,0.1900475576,HrcA,,
25,Unc_9,False,0.0360487888,,,
33,Galactose,False,0.0356252502,,,
14,Unc_4,False,0.0348782444,,,
37,Phage_3-2,False,0.027731271000000002,Phage_3,,
5,CcpA-1,False,0.0232751094,CcpA,,
4,GlnR,False,0.0220853048,GlnR,,
22,Phage_2-2,False,0.019386463,Phage_2,,
20,Unc_7,False,-0.018467816,,,
6,Rgg,False,-0.017291246700000002,Rgg,,
26,Mga,False,0.017217831200000002,Mga,,
15,NanR,False,-0.0149881291,NanR,,
35,YwzG,False,0.0148544508,YwzG,,
30,Phage_3-1,False,0.014715477000000001,Phage_3,,
7,Phage_2-1,False,0.0143296706,Phage_2,,
19,Unc_6,False,0.0141327979,,,
17,Unc_5,False,-0.0137691472,,,
23,SLS,False,-0.013708554900000001,,,
41,SLO,False,-0.012241872,,,
34,Transport-1,False,-0.0107514764,,,
13,Phage_1-2,False,-0.0104365282,Phage_1,,
27,Unc_10,False,0.008993730200000001,,,
16,NrdR,False,0.0087412748,NrdR,,
18,PurR,False,0.0086324978,PurR,,
29,MalR2,False,0.008521945500000001,MalR2,,
21,CcpA-2,False,0.008348844900000001,CcpA,,
39,Transport-2,False,-0.0080978251,,,
1,CovR-1,False,-0.0079636069,CovR,,
28,CovR-2,False,0.007418373000000001,CovR,,
24,Unc_8,False,0.007224815900000001,,,
31,Phage_2-3,False,-0.007171834100000001,Phage_2,,
40,Unc_12,False,-0.0069940996,,,
3,Unc_1,False,-0.0059823697,,,
0,FabT,False,-0.0056579655,FabT,,
38,SpeB,False,-0.0052045374000000005,,,
12,VicR,False,-0.0031117479,VicR,,
9,MalR,False,0.0024206303,MalR,,
8,PyrR,False,0.0023677223,PyrR,,
2,Phage_1-1,False,0.0023490326000000002,Phage_1,,
32,Unc_11,False,0.0007523316000000001,,,
10,Unc_2,False,0.00044897510000000004,,,
11,Unc_3,False,0.000438901,,,
