k,name,in_iM,gene_weight,regulator,function,category
3,Unc_1,True,0.0892822707,,,
6,Rgg,True,-0.0684750881,Rgg,,
7,Phage_2-1,True,-0.0666875349,Phage_2,,
13,Phage_1-2,True,-0.0326547949,Phage_1,,
17,Unc_5,False,0.075900931,,,
41,SLO,False,0.0626177752,,,
8,PyrR,False,-0.0432641065,PyrR,,
0,FabT,False,0.0427507852,FabT,,
4,GlnR,False,0.0411953144,GlnR,,
1,CovR-1,False,-0.0273699032,CovR,,
12,VicR,False,0.0271984777,VicR,,
30,Phage_3-1,False,-0.0270251159,Phage_3,,
22,Phage_2-2,False,0.026879188800000002,Phage_2,,
25,Unc_9,False,-0.0255318447,,,
40,Unc_12,False,0.025039699800000002,,,
15,NanR,False,-0.022488329,NanR,,
16,NrdR,False,-0.022231100900000002,NrdR,,
27,Unc_10,False,-0.0217607529,,,
34,Transport-1,False,-0.018352432800000002,,,
9,MalR,False,-0.017507626800000002,MalR,,
28,CovR-2,False,0.015961018,CovR,,
23,SLS,False,-0.0152954323,,,
19,Unc_6,False,-0.0151837219,,,
32,Unc_11,False,0.0151147361,,,
33,Galactose,False,-0.0146135442,,,
31,Phage_2-3,False,-0.0139083303,Phage_2,,
26,Mga,False,-0.0128983375,Mga,,
11,Unc_3,False,-0.0126611425,,,
21,CcpA-2,False,-0.008886880100000001,CcpA,,
14,Unc_4,False,-0.008874225900000001,,,
37,Phage_3-2,False,-0.0065824606,Phage_3,,
10,Unc_2,False,0.0060969602,,,
29,MalR2,False,0.0053391819,MalR2,,
35,YwzG,False,0.0045500181,YwzG,,
5,CcpA-1,False,-0.0028584329,CcpA,,
39,Transport-2,False,0.0025701396,,,
20,Unc_7,False,0.0024878176,,,
2,Phage_1-1,False,0.002329977,Phage_1,,
18,PurR,False,0.0014421036000000001,PurR,,
38,SpeB,False,0.0012138014,,,
24,Unc_8,False,0.0011021048,,,
36,HrcA,False,0.0003005858,HrcA,,
