k,name,in_iM,gene_weight,regulator,function,category
18,PurR,False,-0.027311353700000002,PurR,,
10,Unc_2,False,-0.0229186078,,,
23,SLS,False,-0.0220297256,,,
9,MalR,False,-0.017289331300000002,MalR,,
27,Unc_10,False,-0.016967764700000002,,,
5,CcpA-1,False,-0.0152336841,CcpA,,
16,NrdR,False,0.0141467858,NrdR,,
31,Phage_2-3,False,-0.012381109500000001,Phage_2,,
3,Unc_1,False,-0.0106504795,,,
25,Unc_9,False,-0.010086685000000001,,,
37,Phage_3-2,False,0.0092896282,Phage_3,,
22,Phage_2-2,False,0.0086852593,Phage_2,,
30,Phage_3-1,False,-0.0083095964,Phage_3,,
26,Mga,False,-0.0079918777,Mga,,
17,Unc_5,False,-0.0070831712,,,
33,Galactose,False,0.0065294561,,,
14,Unc_4,False,-0.0065198823,,,
2,Phage_1-1,False,-0.0063750735,Phage_1,,
13,Phage_1-2,False,-0.0063295861,Phage_1,,
24,Unc_8,False,-0.0062852626,,,
40,Unc_12,False,0.0058952812000000005,,,
28,CovR-2,False,-0.0057518172,CovR,,
15,NanR,False,0.0055577324,NanR,,
20,Unc_7,False,-0.0050058157,,,
38,SpeB,False,-0.004939523,,,
39,Transport-2,False,0.0044722393,,,
0,FabT,False,-0.0043503302,FabT,,
32,Unc_11,False,-0.0042618974,,,
41,SLO,False,-0.0036869618,,,
7,Phage_2-1,False,0.0034134492000000003,Phage_2,,
8,PyrR,False,0.0030233983,PyrR,,
34,Transport-1,False,-0.0030136653,,,
11,Unc_3,False,-0.0025266409,,,
6,Rgg,False,-0.0020731939,Rgg,,
1,CovR-1,False,-0.0020352507,CovR,,
19,Unc_6,False,-0.0018519608,,,
4,GlnR,False,0.0013573789,GlnR,,
12,VicR,False,0.0009302497,VicR,,
36,HrcA,False,0.0007972528,HrcA,,
29,MalR2,False,-0.0007803377,MalR2,,
21,CcpA-2,False,0.0007378357000000001,CcpA,,
35,YwzG,False,0.00048377740000000004,YwzG,,
