k,name,in_iM,gene_weight,regulator,function,category
40,Unc_12,False,0.0730448199,,,
10,Unc_2,False,-0.0383200925,,,
41,SLO,False,0.028591115,,,
25,Unc_9,False,0.022778728800000002,,,
27,Unc_10,False,-0.0226189753,,,
30,Phage_3-1,False,-0.0224936146,Phage_3,,
35,YwzG,False,0.0216742517,YwzG,,
14,Unc_4,False,-0.017153072800000002,,,
12,VicR,False,0.016660656700000002,VicR,,
16,NrdR,False,0.0163474777,NrdR,,
32,Unc_11,False,-0.0161981319,,,
8,PyrR,False,0.013925006600000001,PyrR,,
38,SpeB,False,-0.0114198787,,,
5,CcpA-1,False,-0.0114064516,CcpA,,
17,Unc_5,False,-0.0107675367,,,
0,FabT,False,0.0107327221,FabT,,
21,CcpA-2,False,0.0091609776,CcpA,,
20,Unc_7,False,-0.0087837524,,,
13,Phage_1-2,False,-0.0087636386,Phage_1,,
7,Phage_2-1,False,-0.0086364786,Phage_2,,
1,CovR-1,False,-0.0084995107,CovR,,
34,Transport-1,False,-0.0068933733,,,
33,Galactose,False,-0.006679488000000001,,,
29,MalR2,False,0.006575432500000001,MalR2,,
36,HrcA,False,0.0057407153,HrcA,,
19,Unc_6,False,0.0057165861000000005,,,
9,MalR,False,-0.0053455682,MalR,,
28,CovR-2,False,-0.0051647453,CovR,,
3,Unc_1,False,-0.0050504944,,,
23,SLS,False,0.0049107326,,,
37,Phage_3-2,False,0.0046956684,Phage_3,,
15,NanR,False,0.004549219,NanR,,
26,Mga,False,-0.0041567487,Mga,,
24,Unc_8,False,0.0040130216000000005,,,
39,Transport-2,False,-0.0034941015,,,
4,GlnR,False,-0.0030614721,GlnR,,
22,Phage_2-2,False,0.0029848059,Phage_2,,
6,Rgg,False,-0.0025633752,Rgg,,
11,Unc_3,False,-0.0013020723000000001,,,
2,Phage_1-1,False,0.0012247387,Phage_1,,
18,PurR,False,0.0009938158,PurR,,
31,Phage_2-3,False,0.00041561800000000003,Phage_2,,
