k,name,in_iM,gene_weight,regulator,function,category
27,Unc_10,True,0.1040679533,,,
36,HrcA,False,0.044153361200000005,HrcA,,
17,Unc_5,False,-0.0372486589,,,
10,Unc_2,False,-0.0333083327,,,
24,Unc_8,False,0.020661618200000002,,,
21,CcpA-2,False,-0.019079535800000002,CcpA,,
19,Unc_6,False,0.018836513000000003,,,
18,PurR,False,0.0169971374,PurR,,
39,Transport-2,False,-0.016515160600000002,,,
22,Phage_2-2,False,0.016441012,Phage_2,,
15,NanR,False,0.014965033,NanR,,
6,Rgg,False,0.014633023200000001,Rgg,,
32,Unc_11,False,0.0136263348,,,
0,FabT,False,0.013035278,FabT,,
34,Transport-1,False,0.0124106383,,,
8,PyrR,False,0.011216558500000001,PyrR,,
40,Unc_12,False,-0.010621533,,,
33,Galactose,False,-0.008946363,,,
12,VicR,False,-0.008613093700000001,VicR,,
13,Phage_1-2,False,-0.0084013306,Phage_1,,
41,SLO,False,0.0083316302,,,
31,Phage_2-3,False,0.0078428354,Phage_2,,
25,Unc_9,False,-0.0074697896,,,
9,MalR,False,0.0070759141000000005,MalR,,
5,CcpA-1,False,0.0067589864,CcpA,,
16,NrdR,False,-0.0060199321,NrdR,,
4,GlnR,False,0.0053267665,GlnR,,
23,SLS,False,0.0053006361000000005,,,
1,CovR-1,False,0.005196574000000001,CovR,,
29,MalR2,False,-0.0051498964,MalR2,,
38,SpeB,False,-0.004998057,,,
26,Mga,False,0.0047077107,Mga,,
2,Phage_1-1,False,0.0034794876,Phage_1,,
20,Unc_7,False,-0.00273979,,,
7,Phage_2-1,False,-0.0018227818000000002,Phage_2,,
11,Unc_3,False,-0.0015237414,,,
30,Phage_3-1,False,-0.0013981629,Phage_3,,
37,Phage_3-2,False,-0.0007298157,Phage_3,,
3,Unc_1,False,0.0006137613,,,
14,Unc_4,False,-0.0005741761000000001,,,
28,CovR-2,False,0.00034627620000000003,CovR,,
35,YwzG,False,0.0002771961,YwzG,,
