k,name,in_iM,gene_weight,regulator,function,category
40,Unc_12,False,-0.048447823200000004,,,
41,SLO,False,-0.026159225600000002,,,
35,YwzG,False,-0.0225192523,YwzG,,
25,Unc_9,False,0.0199317221,,,
16,NrdR,False,0.019286138300000002,NrdR,,
17,Unc_5,False,0.0186900127,,,
14,Unc_4,False,0.0167924473,,,
36,HrcA,False,0.0159033846,HrcA,,
26,Mga,False,-0.0151112248,Mga,,
10,Unc_2,False,-0.014839933500000001,,,
22,Phage_2-2,False,-0.0142912533,Phage_2,,
32,Unc_11,False,0.0130877765,,,
11,Unc_3,False,-0.0126367977,,,
33,Galactose,False,-0.012363688500000001,,,
24,Unc_8,False,0.0101570403,,,
3,Unc_1,False,-0.009246945000000001,,,
6,Rgg,False,-0.0087633799,Rgg,,
19,Unc_6,False,-0.0085231151,,,
38,SpeB,False,0.0076738322,,,
5,CcpA-1,False,-0.0074346557,CcpA,,
21,CcpA-2,False,-0.0072918516000000004,CcpA,,
29,MalR2,False,-0.007272348400000001,MalR2,,
28,CovR-2,False,0.00604953,CovR,,
31,Phage_2-3,False,-0.0059016916,Phage_2,,
30,Phage_3-1,False,-0.005767561300000001,Phage_3,,
9,MalR,False,-0.0053333286,MalR,,
8,PyrR,False,0.005271459300000001,PyrR,,
27,Unc_10,False,-0.005261308100000001,,,
0,FabT,False,0.005251414,FabT,,
37,Phage_3-2,False,0.0048906686,Phage_3,,
7,Phage_2-1,False,-0.0047762745,Phage_2,,
39,Transport-2,False,0.0041707006000000005,,,
23,SLS,False,-0.0039705232,,,
34,Transport-1,False,-0.0034462993,,,
18,PurR,False,-0.0030361445,PurR,,
13,Phage_1-2,False,0.0028672759,Phage_1,,
15,NanR,False,-0.0026004349000000003,NanR,,
4,GlnR,False,-0.0025481761,GlnR,,
2,Phage_1-1,False,-0.001950799,Phage_1,,
1,CovR-1,False,0.0016597752000000001,CovR,,
20,Unc_7,False,-0.0006882669000000001,,,
12,VicR,False,1.10258e-05,VicR,,
