k,name,in_iM,gene_weight,regulator,function,category
20,Unc_7,False,-0.0334774658,,,
25,Unc_9,False,-0.0262190222,,,
10,Unc_2,False,0.0261979432,,,
33,Galactose,False,0.0260137725,,,
17,Unc_5,False,0.0248392584,,,
9,MalR,False,-0.023429061600000002,MalR,,
23,SLS,False,-0.022405196800000002,,,
11,Unc_3,False,-0.0206640061,,,
26,Mga,False,-0.0205617389,Mga,,
30,Phage_3-1,False,-0.0194375891,Phage_3,,
38,SpeB,False,-0.019035849400000002,,,
34,Transport-1,False,-0.0181301757,,,
40,Unc_12,False,-0.0170308941,,,
1,CovR-1,False,-0.0161938599,CovR,,
12,VicR,False,0.0156165989,VicR,,
35,YwzG,False,-0.012113974500000001,YwzG,,
0,FabT,False,0.011848195700000001,FabT,,
24,Unc_8,False,0.0118031378,,,
29,MalR2,False,-0.0113888387,MalR2,,
2,Phage_1-1,False,-0.011155077000000001,Phage_1,,
27,Unc_10,False,-0.0108634005,,,
18,PurR,False,-0.010733414600000001,PurR,,
7,Phage_2-1,False,-0.0103079169,Phage_2,,
22,Phage_2-2,False,0.009526900500000001,Phage_2,,
8,PyrR,False,0.0087652379,PyrR,,
5,CcpA-1,False,0.0076797286000000005,CcpA,,
15,NanR,False,0.007648261000000001,NanR,,
3,Unc_1,False,-0.006949641,,,
4,GlnR,False,0.00590518,GlnR,,
21,CcpA-2,False,-0.0058660018,CcpA,,
14,Unc_4,False,-0.0058348464000000004,,,
19,Unc_6,False,-0.0051565271,,,
16,NrdR,False,0.0050196987,NrdR,,
6,Rgg,False,-0.0042975651,Rgg,,
13,Phage_1-2,False,-0.0038823452000000002,Phage_1,,
39,Transport-2,False,-0.002506346,,,
28,CovR-2,False,-0.0019233999999999998,CovR,,
41,SLO,False,-0.0018622522,,,
32,Unc_11,False,0.0017515045,,,
37,Phage_3-2,False,-0.0015204621,Phage_3,,
31,Phage_2-3,False,-0.0011195125,Phage_2,,
36,HrcA,False,0.0007546037,HrcA,,
