k,name,in_iM,gene_weight,regulator,function,category
10,Unc_2,False,0.045296476100000004,,,
11,Unc_3,False,0.0385795543,,,
12,VicR,False,-0.0352603292,VicR,,
27,Unc_10,False,0.0264047474,,,
37,Phage_3-2,False,-0.0225758483,Phage_3,,
23,SLS,False,-0.0212318739,,,
5,CcpA-1,False,-0.0210431747,CcpA,,
33,Galactose,False,0.019770497300000002,,,
16,NrdR,False,-0.0178103094,NrdR,,
20,Unc_7,False,-0.0176222109,,,
40,Unc_12,False,0.0175116137,,,
41,SLO,False,0.0170893614,,,
29,MalR2,False,-0.016964119700000002,MalR2,,
7,Phage_2-1,False,-0.0136653283,Phage_2,,
17,Unc_5,False,-0.0129901336,,,
0,FabT,False,-0.0128870018,FabT,,
25,Unc_9,False,-0.0125235828,,,
18,PurR,False,-0.0124675624,PurR,,
32,Unc_11,False,-0.010950298,,,
35,YwzG,False,0.0106233859,YwzG,,
6,Rgg,False,0.009979191200000001,Rgg,,
3,Unc_1,False,-0.008191576400000001,,,
15,NanR,False,-0.0069587142000000005,NanR,,
22,Phage_2-2,False,-0.006832892,Phage_2,,
21,CcpA-2,False,-0.0066946702,CcpA,,
36,HrcA,False,-0.0061208797,HrcA,,
9,MalR,False,-0.0056407566000000004,MalR,,
4,GlnR,False,0.0055811357,GlnR,,
8,PyrR,False,0.0052979962,PyrR,,
2,Phage_1-1,False,-0.005260438,Phage_1,,
1,CovR-1,False,-0.0048778722,CovR,,
38,SpeB,False,0.0048021334,,,
31,Phage_2-3,False,-0.0045004746,Phage_2,,
34,Transport-1,False,-0.0040273348,,,
14,Unc_4,False,0.0032885156000000003,,,
28,CovR-2,False,-0.0030546521,CovR,,
13,Phage_1-2,False,-0.0030154073,Phage_1,,
39,Transport-2,False,-0.0026786187,,,
30,Phage_3-1,False,-0.0022797266,Phage_3,,
26,Mga,False,-0.0013106318,Mga,,
24,Unc_8,False,-0.0003175071,,,
19,Unc_6,False,-1.45767e-05,,,
