k,name,in_iM,gene_weight,regulator,function,category
2,Phage_1-1,True,-0.12021922480000001,Phage_1,,
13,Phage_1-2,True,0.09393357570000001,Phage_1,,
12,VicR,False,0.061150162300000005,VicR,,
16,NrdR,False,-0.0543464925,NrdR,,
24,Unc_8,False,-0.0527551645,,,
37,Phage_3-2,False,0.0503209076,Phage_3,,
41,SLO,False,-0.0433501088,,,
4,GlnR,False,0.0411514356,GlnR,,
32,Unc_11,False,-0.0366156741,,,
40,Unc_12,False,0.031824154,,,
15,NanR,False,-0.0311540134,NanR,,
34,Transport-1,False,-0.0309827653,,,
35,YwzG,False,0.030048942300000003,YwzG,,
5,CcpA-1,False,-0.0286953422,CcpA,,
11,Unc_3,False,0.0269534931,,,
36,HrcA,False,0.0254669974,HrcA,,
3,Unc_1,False,0.0242582629,,,
9,MalR,False,-0.0236080423,MalR,,
17,Unc_5,False,-0.0193334626,,,
21,CcpA-2,False,-0.0182622373,CcpA,,
22,Phage_2-2,False,0.0171142331,Phage_2,,
33,Galactose,False,0.0166983048,,,
7,Phage_2-1,False,-0.0148913802,Phage_2,,
27,Unc_10,False,0.0144555412,,,
31,Phage_2-3,False,0.0141004657,Phage_2,,
23,SLS,False,-0.0140491233,,,
29,MalR2,False,0.0132757567,MalR2,,
19,Unc_6,False,0.0132328837,,,
10,Unc_2,False,-0.0117672286,,,
1,CovR-1,False,0.008580414,CovR,,
18,PurR,False,0.008282407700000001,PurR,,
0,FabT,False,0.0081127487,FabT,,
8,PyrR,False,-0.007535122000000001,PyrR,,
39,Transport-2,False,-0.0064393767,,,
25,Unc_9,False,-0.0063264886,,,
30,Phage_3-1,False,-0.0049992718,Phage_3,,
26,Mga,False,-0.0041791422,Mga,,
20,Unc_7,False,0.0036749625,,,
14,Unc_4,False,-0.0029499588,,,
28,CovR-2,False,0.0019819599,CovR,,
38,SpeB,False,-0.0005189820000000001,,,
6,Rgg,False,0.00045048930000000004,Rgg,,
