k,name,in_iM,gene_weight,regulator,function,category
10,Unc_2,False,0.0300496893,,,
39,Transport-2,False,0.0258600003,,,
17,Unc_5,False,0.0255718238,,,
3,Unc_1,False,-0.0199317437,,,
20,Unc_7,False,-0.017102287100000002,,,
11,Unc_3,False,0.0155122803,,,
24,Unc_8,False,-0.0148769316,,,
18,PurR,False,-0.0127834136,PurR,,
8,PyrR,False,-0.012277499800000001,PyrR,,
19,Unc_6,False,-0.011107553400000001,,,
1,CovR-1,False,-0.0109029572,CovR,,
40,Unc_12,False,-0.0107438398,,,
32,Unc_11,False,-0.010561318,,,
12,VicR,False,0.0099908054,VicR,,
41,SLO,False,0.0095682634,,,
22,Phage_2-2,False,0.0083027919,Phage_2,,
28,CovR-2,False,-0.0082426157,CovR,,
9,MalR,False,-0.0072709029,MalR,,
35,YwzG,False,-0.007226602800000001,YwzG,,
26,Mga,False,-0.0064580858,Mga,,
36,HrcA,False,-0.006310137,HrcA,,
29,MalR2,False,-0.0062413188,MalR2,,
38,SpeB,False,-0.0054944665000000005,,,
2,Phage_1-1,False,-0.0054057883000000004,Phage_1,,
15,NanR,False,-0.0053600911000000005,NanR,,
4,GlnR,False,-0.0050059961,GlnR,,
23,SLS,False,-0.0048526921,,,
14,Unc_4,False,0.0046148625000000006,,,
13,Phage_1-2,False,-0.0041329437,Phage_1,,
27,Unc_10,False,-0.0041294948,,,
21,CcpA-2,False,0.0039788445,CcpA,,
6,Rgg,False,-0.0038501430000000003,Rgg,,
0,FabT,False,0.0030184926,FabT,,
33,Galactose,False,-0.0024748882000000002,,,
30,Phage_3-1,False,-0.0016906158,Phage_3,,
31,Phage_2-3,False,-0.0011559437,Phage_2,,
25,Unc_9,False,0.0007024451,,,
5,CcpA-1,False,0.0006139835,CcpA,,
16,NrdR,False,-0.0004816808,NrdR,,
7,Phage_2-1,False,0.0002984512,Phage_2,,
37,Phage_3-2,False,-7.261e-05,Phage_3,,
34,Transport-1,False,-6.34288e-05,,,
