k,name,in_iM,gene_weight,regulator,function,category
11,Unc_3,False,-0.0514250797,,,
5,CcpA-1,False,-0.0343989051,CcpA,,
32,Unc_11,False,0.0249274407,,,
20,Unc_7,False,0.0174938136,,,
17,Unc_5,False,-0.0173192635,,,
0,FabT,False,0.0167412345,FabT,,
15,NanR,False,-0.0158351708,NanR,,
14,Unc_4,False,-0.0157173383,,,
24,Unc_8,False,0.0156345051,,,
22,Phage_2-2,False,-0.0155770435,Phage_2,,
41,SLO,False,0.012829541600000001,,,
9,MalR,False,-0.012170193800000001,MalR,,
36,HrcA,False,0.0117029092,HrcA,,
27,Unc_10,False,-0.009049,,,
39,Transport-2,False,-0.008910947800000001,,,
2,Phage_1-1,False,-0.008761184600000001,Phage_1,,
40,Unc_12,False,0.0084337115,,,
31,Phage_2-3,False,-0.0083395606,Phage_2,,
26,Mga,False,0.0079112614,Mga,,
3,Unc_1,False,0.0076017684,,,
8,PyrR,False,-0.0071130456,PyrR,,
18,PurR,False,-0.007038724200000001,PurR,,
1,CovR-1,False,-0.006681148400000001,CovR,,
30,Phage_3-1,False,0.006457365400000001,Phage_3,,
16,NrdR,False,-0.005067073,NrdR,,
25,Unc_9,False,-0.0050520659,,,
19,Unc_6,False,0.0047500329,,,
6,Rgg,False,0.0046554675000000005,Rgg,,
28,CovR-2,False,0.0039843003,CovR,,
13,Phage_1-2,False,-0.0035554682,Phage_1,,
12,VicR,False,0.0032340669,VicR,,
38,SpeB,False,-0.0027926992,,,
7,Phage_2-1,False,0.0022599587,Phage_2,,
33,Galactose,False,0.0020032775,,,
37,Phage_3-2,False,0.0017883727000000001,Phage_3,,
21,CcpA-2,False,-0.0017864675,CcpA,,
34,Transport-1,False,0.0017802540000000002,,,
23,SLS,False,0.0016394546,,,
10,Unc_2,False,-0.0012315968,,,
4,GlnR,False,0.0009112235,GlnR,,
29,MalR2,False,-0.0008498917,MalR2,,
35,YwzG,False,0.0007367403,YwzG,,
