k,name,in_iM,gene_weight,regulator,function,category
23,SLS,False,-0.0623757486,,,
5,CcpA-1,False,0.049326204900000004,CcpA,,
1,CovR-1,False,-0.0464721094,CovR,,
8,PyrR,False,0.042237315500000004,PyrR,,
22,Phage_2-2,False,0.034469212900000004,Phage_2,,
3,Unc_1,False,0.031464680700000004,,,
20,Unc_7,False,0.030175040900000002,,,
16,NrdR,False,0.0274834669,NrdR,,
9,MalR,False,0.023717695900000002,MalR,,
2,Phage_1-1,False,-0.0222556899,Phage_1,,
25,Unc_9,False,-0.0210386329,,,
36,HrcA,False,0.0199423796,HrcA,,
30,Phage_3-1,False,-0.0196262227,Phage_3,,
31,Phage_2-3,False,0.0192821054,Phage_2,,
33,Galactose,False,-0.016082291500000002,,,
17,Unc_5,False,0.015067775200000001,,,
19,Unc_6,False,-0.014615152800000001,,,
12,VicR,False,0.014018472,VicR,,
37,Phage_3-2,False,-0.0138599688,Phage_3,,
15,NanR,False,0.0134894036,NanR,,
0,FabT,False,0.012516432800000001,FabT,,
35,YwzG,False,0.0118320058,YwzG,,
18,PurR,False,-0.011136195500000001,PurR,,
24,Unc_8,False,-0.0107597352,,,
41,SLO,False,0.0098060113,,,
10,Unc_2,False,0.008142877100000001,,,
26,Mga,False,0.0075346517000000005,Mga,,
34,Transport-1,False,-0.0073699571,,,
6,Rgg,False,-0.0073308664,Rgg,,
4,GlnR,False,0.007318198000000001,GlnR,,
7,Phage_2-1,False,-0.007225327100000001,Phage_2,,
39,Transport-2,False,-0.0063518079,,,
32,Unc_11,False,0.0061469134000000005,,,
14,Unc_4,False,-0.0058366237,,,
21,CcpA-2,False,0.0056307302000000005,CcpA,,
28,CovR-2,False,0.0054830112,CovR,,
27,Unc_10,False,-0.0038096323,,,
29,MalR2,False,-0.002000411,MalR2,,
38,SpeB,False,0.0016150415,,,
13,Phage_1-2,False,-0.0012844607,Phage_1,,
40,Unc_12,False,-0.0007532611,,,
11,Unc_3,False,4.3078700000000005e-05,,,
