k,name,in_iM,gene_weight,regulator,function,category
35,YwzG,False,0.037051371300000004,YwzG,,
9,MalR,False,-0.035824992300000004,MalR,,
33,Galactose,False,-0.0315077576,,,
41,SLO,False,0.0284043985,,,
39,Transport-2,False,0.0282036121,,,
19,Unc_6,False,0.026817553,,,
26,Mga,False,0.025698440200000002,Mga,,
10,Unc_2,False,-0.0219241152,,,
22,Phage_2-2,False,0.0218541353,Phage_2,,
31,Phage_2-3,False,0.0198634853,Phage_2,,
40,Unc_12,False,-0.0187030132,,,
37,Phage_3-2,False,0.0182694905,Phage_3,,
1,CovR-1,False,0.0175466638,CovR,,
29,MalR2,False,-0.017273269,MalR2,,
5,CcpA-1,False,-0.0167566188,CcpA,,
2,Phage_1-1,False,-0.0165707061,Phage_1,,
28,CovR-2,False,0.0158851121,CovR,,
23,SLS,False,0.0146084273,,,
20,Unc_7,False,0.0142218777,,,
24,Unc_8,False,-0.0130943078,,,
6,Rgg,False,0.0127115571,Rgg,,
38,SpeB,False,0.0122396338,,,
21,CcpA-2,False,0.0114266795,CcpA,,
3,Unc_1,False,-0.011219553200000001,,,
4,GlnR,False,0.010536226400000001,GlnR,,
16,NrdR,False,-0.010499132000000001,NrdR,,
7,Phage_2-1,False,-0.010318138900000001,Phage_2,,
12,VicR,False,0.0101389255,VicR,,
25,Unc_9,False,0.0094806308,,,
36,HrcA,False,0.0092497485,HrcA,,
18,PurR,False,-0.0088096161,PurR,,
30,Phage_3-1,False,-0.0070924944000000005,Phage_3,,
15,NanR,False,-0.0054843195,NanR,,
11,Unc_3,False,-0.0051054559,,,
0,FabT,False,0.0047647204,FabT,,
14,Unc_4,False,-0.0042212057,,,
8,PyrR,False,-0.0037662037000000003,PyrR,,
32,Unc_11,False,0.0025295621,,,
34,Transport-1,False,-0.0013009331,,,
17,Unc_5,False,0.001265803,,,
27,Unc_10,False,0.0007664374,,,
13,Phage_1-2,False,6.80914e-05,Phage_1,,
