k,name,in_iM,gene_weight,regulator,function,category
12,VicR,False,-0.0375033461,VicR,,
35,YwzG,False,-0.0350878475,YwzG,,
23,SLS,False,0.0295949821,,,
32,Unc_11,False,0.0271387427,,,
27,Unc_10,False,-0.0230215554,,,
4,GlnR,False,-0.0196262423,GlnR,,
36,HrcA,False,-0.0179992616,HrcA,,
21,CcpA-2,False,0.0174286675,CcpA,,
16,NrdR,False,0.0173530161,NrdR,,
40,Unc_12,False,-0.0172810201,,,
5,CcpA-1,False,0.0167464399,CcpA,,
22,Phage_2-2,False,-0.0163405372,Phage_2,,
33,Galactose,False,-0.013101409000000001,,,
41,SLO,False,-0.0130853306,,,
31,Phage_2-3,False,-0.0130590572,Phage_2,,
2,Phage_1-1,False,0.0125423136,Phage_1,,
10,Unc_2,False,0.0121623986,,,
20,Unc_7,False,-0.0119891002,,,
37,Phage_3-2,False,0.0118594327,Phage_3,,
19,Unc_6,False,-0.0117197026,,,
39,Transport-2,False,-0.0112727733,,,
17,Unc_5,False,0.010896703800000001,,,
8,PyrR,False,0.0101577092,PyrR,,
30,Phage_3-1,False,-0.0091258933,Phage_3,,
28,CovR-2,False,0.0086816432,CovR,,
25,Unc_9,False,-0.0085158505,,,
0,FabT,False,-0.007844780400000001,FabT,,
34,Transport-1,False,-0.0071096614,,,
14,Unc_4,False,-0.0067672273,,,
29,MalR2,False,0.0065657729,MalR2,,
18,PurR,False,0.0054604082,PurR,,
6,Rgg,False,-0.0050252546,Rgg,,
24,Unc_8,False,-0.0050242354,,,
7,Phage_2-1,False,0.0050050408,Phage_2,,
1,CovR-1,False,-0.004154864,CovR,,
13,Phage_1-2,False,-0.00366919,Phage_1,,
38,SpeB,False,0.0033029858000000003,,,
11,Unc_3,False,-0.0030994883,,,
3,Unc_1,False,-0.0022971320000000003,,,
26,Mga,False,0.0016168133,Mga,,
15,NanR,False,0.001192249,NanR,,
9,MalR,False,0.0004418103,MalR,,
