k,name,in_iM,gene_weight,regulator,function,category
11,Unc_3,False,0.06274992900000001,,,
16,NrdR,False,0.042449809500000005,NrdR,,
14,Unc_4,False,-0.0364392529,,,
3,Unc_1,False,-0.0328189011,,,
34,Transport-1,False,0.0316419911,,,
18,PurR,False,-0.0315552539,PurR,,
41,SLO,False,0.030119604100000003,,,
39,Transport-2,False,0.0286404991,,,
12,VicR,False,-0.026454477400000002,VicR,,
38,SpeB,False,0.0209287394,,,
10,Unc_2,False,-0.0204844779,,,
0,FabT,False,-0.019931386500000002,FabT,,
35,YwzG,False,-0.019720493800000002,YwzG,,
9,MalR,False,0.017669173,MalR,,
13,Phage_1-2,False,-0.0167735715,Phage_1,,
15,NanR,False,0.016278415,NanR,,
19,Unc_6,False,-0.014333347100000001,,,
17,Unc_5,False,0.013298589900000001,,,
8,PyrR,False,-0.011491351200000001,PyrR,,
36,HrcA,False,-0.0111841579,HrcA,,
6,Rgg,False,-0.0100266224,Rgg,,
32,Unc_11,False,-0.009937795900000001,,,
28,CovR-2,False,-0.0092724473,CovR,,
37,Phage_3-2,False,-0.008834861900000001,Phage_3,,
4,GlnR,False,0.0079302732,GlnR,,
24,Unc_8,False,-0.0066019505,,,
20,Unc_7,False,-0.0063282748,,,
30,Phage_3-1,False,0.006230570600000001,Phage_3,,
7,Phage_2-1,False,0.0054410327,Phage_2,,
25,Unc_9,False,0.0054130217,,,
21,CcpA-2,False,-0.0046329848,CcpA,,
5,CcpA-1,False,-0.0043741073,CcpA,,
40,Unc_12,False,0.0037789543000000003,,,
26,Mga,False,0.0033500327,Mga,,
33,Galactose,False,-0.0032979948,,,
31,Phage_2-3,False,-0.0028664296,Phage_2,,
27,Unc_10,False,0.0026598457,,,
22,Phage_2-2,False,0.0024931696,Phage_2,,
1,CovR-1,False,-0.002340249,CovR,,
2,Phage_1-1,False,0.0003280143,Phage_1,,
29,MalR2,False,0.0003119786,MalR2,,
23,SLS,False,-0.000155821,,,
