k,name,in_iM,gene_weight,regulator,function,category
14,Unc_4,False,-0.0301638182,,,
11,Unc_3,False,0.027869682200000002,,,
20,Unc_7,False,-0.0223798847,,,
27,Unc_10,False,0.021158968900000002,,,
24,Unc_8,False,-0.0200072292,,,
40,Unc_12,False,-0.0175404995,,,
32,Unc_11,False,-0.0144721662,,,
35,YwzG,False,0.0142807114,YwzG,,
22,Phage_2-2,False,-0.0131937548,Phage_2,,
16,NrdR,False,-0.012910468100000001,NrdR,,
8,PyrR,False,-0.0122917958,PyrR,,
41,SLO,False,0.0113810764,,,
36,HrcA,False,-0.0097932608,HrcA,,
33,Galactose,False,-0.007601755700000001,,,
19,Unc_6,False,-0.0065159649,,,
3,Unc_1,False,-0.0064771361,,,
10,Unc_2,False,0.006357775,,,
34,Transport-1,False,-0.0060372765,,,
0,FabT,False,-0.0057169075,FabT,,
2,Phage_1-1,False,-0.0056480667,Phage_1,,
38,SpeB,False,0.005347017700000001,,,
29,MalR2,False,-0.0052305886,MalR2,,
21,CcpA-2,False,-0.0050076861,CcpA,,
30,Phage_3-1,False,-0.0036019850000000003,Phage_3,,
6,Rgg,False,0.0032811135,Rgg,,
31,Phage_2-3,False,-0.0031484806,Phage_2,,
5,CcpA-1,False,0.0029136759,CcpA,,
15,NanR,False,0.0025159947,NanR,,
17,Unc_5,False,0.0023873974,,,
28,CovR-2,False,-0.0023602163,CovR,,
9,MalR,False,-0.0021686852,MalR,,
12,VicR,False,0.0021293759,VicR,,
37,Phage_3-2,False,-0.0019317166,Phage_3,,
13,Phage_1-2,False,0.0016986231,Phage_1,,
39,Transport-2,False,0.0016118575000000001,,,
4,GlnR,False,-0.0013495134,GlnR,,
25,Unc_9,False,0.0010404251,,,
18,PurR,False,-0.0007343981000000001,PurR,,
23,SLS,False,-0.0005903528,,,
26,Mga,False,-0.000254678,Mga,,
1,CovR-1,False,-0.0001792129,CovR,,
7,Phage_2-1,False,-0.000137035,Phage_2,,
