k,name,in_iM,gene_weight,regulator,function,category
37,Phage_3-2,True,-0.1367565905,Phage_3,,
2,Phage_1-1,True,0.049647743300000005,Phage_1,,
14,Unc_4,False,-0.0558177783,,,
29,MalR2,False,0.053225022600000005,MalR2,,
3,Unc_1,False,-0.0467351993,,,
23,SLS,False,0.0442818242,,,
30,Phage_3-1,False,0.041323667,Phage_3,,
16,NrdR,False,0.0337174036,NrdR,,
31,Phage_2-3,False,0.0320215962,Phage_2,,
38,SpeB,False,-0.0313950105,,,
7,Phage_2-1,False,-0.0313582452,Phage_2,,
9,MalR,False,-0.0298045953,MalR,,
27,Unc_10,False,0.0269261605,,,
18,PurR,False,0.0262553544,PurR,,
12,VicR,False,-0.025132984100000002,VicR,,
34,Transport-1,False,0.0191906432,,,
21,CcpA-2,False,-0.018925896600000002,CcpA,,
22,Phage_2-2,False,-0.018635468500000002,Phage_2,,
11,Unc_3,False,-0.018059386,,,
24,Unc_8,False,0.0168483202,,,
6,Rgg,False,-0.0160756754,Rgg,,
25,Unc_9,False,0.0158363139,,,
8,PyrR,False,0.0157817732,PyrR,,
17,Unc_5,False,0.0119828191,,,
36,HrcA,False,-0.0111653618,HrcA,,
35,YwzG,False,-0.0109629576,YwzG,,
19,Unc_6,False,0.0109262538,,,
1,CovR-1,False,-0.0104420999,CovR,,
26,Mga,False,-0.0082394804,Mga,,
39,Transport-2,False,-0.0074411842,,,
0,FabT,False,-0.0066987869,FabT,,
5,CcpA-1,False,0.0064175142,CcpA,,
33,Galactose,False,0.0061886568,,,
10,Unc_2,False,0.0057024881,,,
20,Unc_7,False,0.0053526867,,,
15,NanR,False,-0.0051630605,NanR,,
13,Phage_1-2,False,0.0037200082,Phage_1,,
41,SLO,False,-0.0023478038,,,
4,GlnR,False,-0.0023308679000000002,GlnR,,
40,Unc_12,False,-0.0020056693,,,
28,CovR-2,False,-0.0012235388,CovR,,
32,Unc_11,False,0.0003172197,,,
