k,name,in_iM,gene_weight,regulator,function,category
36,HrcA,False,-0.056440037400000004,HrcA,,
26,Mga,False,0.053876716500000005,Mga,,
9,MalR,False,0.0451507687,MalR,,
33,Galactose,False,-0.0435967515,,,
18,PurR,False,-0.0344540948,PurR,,
32,Unc_11,False,-0.0334770404,,,
20,Unc_7,False,0.0328770029,,,
5,CcpA-1,False,0.0309340239,CcpA,,
22,Phage_2-2,False,0.0307788789,Phage_2,,
11,Unc_3,False,0.028268461800000002,,,
27,Unc_10,False,0.028058634000000002,,,
23,SLS,False,0.0236162816,,,
12,VicR,False,-0.0221210986,VicR,,
37,Phage_3-2,False,0.0218126183,Phage_3,,
31,Phage_2-3,False,0.0215241702,Phage_2,,
16,NrdR,False,0.0211365473,NrdR,,
25,Unc_9,False,-0.0187125165,,,
0,FabT,False,0.0181453152,FabT,,
13,Phage_1-2,False,-0.0175843569,Phage_1,,
14,Unc_4,False,0.0161857355,,,
40,Unc_12,False,-0.015641493200000002,,,
24,Unc_8,False,-0.0155455459,,,
19,Unc_6,False,0.015141988,,,
15,NanR,False,0.0141843786,NanR,,
30,Phage_3-1,False,0.0139589647,Phage_3,,
6,Rgg,False,0.0116479211,Rgg,,
1,CovR-1,False,-0.010966988,CovR,,
29,MalR2,False,-0.0109466335,MalR2,,
39,Transport-2,False,-0.010711941800000001,,,
2,Phage_1-1,False,-0.0105829615,Phage_1,,
4,GlnR,False,-0.0078340428,GlnR,,
41,SLO,False,0.0056978311,,,
17,Unc_5,False,-0.0044255862000000005,,,
28,CovR-2,False,0.0040361403,CovR,,
10,Unc_2,False,-0.0040131540000000005,,,
8,PyrR,False,0.0022789164,PyrR,,
7,Phage_2-1,False,-0.0019742792,Phage_2,,
35,YwzG,False,0.0017116387000000002,YwzG,,
38,SpeB,False,0.0014351299000000001,,,
34,Transport-1,False,0.0012946531,,,
3,Unc_1,False,0.0012597737,,,
21,CcpA-2,False,0.0003847926,CcpA,,
