k,name,in_iM,gene_weight,regulator,function,category
11,Unc_3,False,0.07421605170000001,,,
35,YwzG,False,-0.0431650588,YwzG,,
27,Unc_10,False,-0.0349856175,,,
24,Unc_8,False,0.032015927,,,
16,NrdR,False,0.028484347900000002,NrdR,,
19,Unc_6,False,0.027638629100000003,,,
36,HrcA,False,-0.0270368271,HrcA,,
18,PurR,False,0.0268650053,PurR,,
10,Unc_2,False,0.022285881400000002,,,
34,Transport-1,False,-0.0213287723,,,
40,Unc_12,False,0.0202154787,,,
17,Unc_5,False,0.0199577059,,,
29,MalR2,False,0.0193202551,MalR2,,
32,Unc_11,False,0.0170797606,,,
2,Phage_1-1,False,0.016944089500000002,Phage_1,,
33,Galactose,False,0.016704446,,,
13,Phage_1-2,False,-0.0153355643,Phage_1,,
7,Phage_2-1,False,0.0147127759,Phage_2,,
1,CovR-1,False,-0.0120218593,CovR,,
20,Unc_7,False,0.0112565385,,,
41,SLO,False,0.0106330135,,,
5,CcpA-1,False,0.0104146696,CcpA,,
12,VicR,False,0.0103533574,VicR,,
39,Transport-2,False,-0.0092040229,,,
37,Phage_3-2,False,0.0083116219,Phage_3,,
26,Mga,False,0.0077691239,Mga,,
28,CovR-2,False,0.0072105294,CovR,,
0,FabT,False,0.0062531903,FabT,,
9,MalR,False,-0.0057335043,MalR,,
3,Unc_1,False,-0.0055373548,,,
4,GlnR,False,0.0054620575,GlnR,,
21,CcpA-2,False,0.0053353109,CcpA,,
6,Rgg,False,-0.0042491007,Rgg,,
15,NanR,False,-0.004207507,NanR,,
31,Phage_2-3,False,-0.0035234854,Phage_2,,
22,Phage_2-2,False,-0.0035007183,Phage_2,,
14,Unc_4,False,-0.0026973534,,,
8,PyrR,False,0.0020040971,PyrR,,
30,Phage_3-1,False,-0.0012145669000000001,Phage_3,,
38,SpeB,False,0.00035892400000000005,,,
23,SLS,False,0.00022544320000000002,,,
25,Unc_9,False,0.0002235871,,,
