k,name,in_iM,gene_weight,regulator,function,category
25,Unc_9,True,0.11895326510000001,,,
27,Unc_10,False,0.05216707600000001,,,
5,CcpA-1,False,-0.026998682200000002,CcpA,,
16,NrdR,False,0.0254803634,NrdR,,
36,HrcA,False,0.025412932500000002,HrcA,,
40,Unc_12,False,-0.0253192491,,,
14,Unc_4,False,0.024985445300000002,,,
10,Unc_2,False,-0.0246462078,,,
4,GlnR,False,-0.0242987828,GlnR,,
9,MalR,False,0.0241462616,MalR,,
6,Rgg,False,-0.0230433614,Rgg,,
32,Unc_11,False,-0.022849476900000002,,,
19,Unc_6,False,-0.0204004499,,,
26,Mga,False,0.0172670052,Mga,,
39,Transport-2,False,-0.0169424616,,,
3,Unc_1,False,-0.0166776959,,,
11,Unc_3,False,-0.0159679836,,,
35,YwzG,False,0.0142241517,YwzG,,
31,Phage_2-3,False,-0.014089098900000001,Phage_2,,
41,SLO,False,-0.013129838900000001,,,
18,PurR,False,-0.0130855918,PurR,,
0,FabT,False,0.0124088188,FabT,,
34,Transport-1,False,0.0112671688,,,
33,Galactose,False,0.0105231804,,,
8,PyrR,False,0.0103663737,PyrR,,
13,Phage_1-2,False,-0.0096235505,Phage_1,,
23,SLS,False,0.0083365669,,,
38,SpeB,False,0.0083204043,,,
2,Phage_1-1,False,0.0074408749,Phage_1,,
30,Phage_3-1,False,0.0074247111,Phage_3,,
28,CovR-2,False,0.0074126942,CovR,,
1,CovR-1,False,0.0072020701,CovR,,
7,Phage_2-1,False,0.0062296744,Phage_2,,
21,CcpA-2,False,0.0051229877000000005,CcpA,,
22,Phage_2-2,False,0.0036002340000000003,Phage_2,,
12,VicR,False,-0.0032787486,VicR,,
15,NanR,False,-0.0030797399,NanR,,
24,Unc_8,False,-0.002403348,,,
17,Unc_5,False,0.0015849091,,,
37,Phage_3-2,False,0.0012331776,Phage_3,,
20,Unc_7,False,-0.001053151,,,
29,MalR2,False,0.0005409125,MalR2,,
