k,name,in_iM,gene_weight,regulator,function,category
32,Unc_11,False,-0.0336448229,,,
10,Unc_2,False,-0.0235361276,,,
34,Transport-1,False,0.023434547700000002,,,
40,Unc_12,False,0.0184481757,,,
2,Phage_1-1,False,-0.016387542,Phage_1,,
17,Unc_5,False,0.0162071144,,,
21,CcpA-2,False,-0.0154143497,CcpA,,
5,CcpA-1,False,-0.013317029800000001,CcpA,,
39,Transport-2,False,-0.012546032300000001,,,
29,MalR2,False,-0.012541280200000001,MalR2,,
23,SLS,False,-0.0124077634,,,
18,PurR,False,-0.011427396900000001,PurR,,
4,GlnR,False,-0.0112027557,GlnR,,
16,NrdR,False,0.010333849800000001,NrdR,,
20,Unc_7,False,-0.010037647200000001,,,
19,Unc_6,False,-0.0098362867,,,
27,Unc_10,False,-0.009614338,,,
7,Phage_2-1,False,-0.0092950791,Phage_2,,
0,FabT,False,0.0081594871,FabT,,
3,Unc_1,False,0.0079797236,,,
36,HrcA,False,-0.0078766756,HrcA,,
15,NanR,False,0.0075739796,NanR,,
28,CovR-2,False,-0.0071229565,CovR,,
38,SpeB,False,0.0069044472,,,
25,Unc_9,False,-0.0058466599000000005,,,
22,Phage_2-2,False,0.0058039821000000005,Phage_2,,
11,Unc_3,False,-0.0057588907,,,
14,Unc_4,False,0.005600941000000001,,,
30,Phage_3-1,False,-0.0055832315,Phage_3,,
24,Unc_8,False,0.0054868087,,,
35,YwzG,False,0.0050924558,YwzG,,
33,Galactose,False,0.0043697455,,,
31,Phage_2-3,False,0.0034663056,Phage_2,,
6,Rgg,False,-0.0025178117000000002,Rgg,,
26,Mga,False,0.0020005594,Mga,,
12,VicR,False,-0.0011634881,VicR,,
8,PyrR,False,-0.001025295,PyrR,,
1,CovR-1,False,0.0009121355000000001,CovR,,
41,SLO,False,0.0009061465,,,
37,Phage_3-2,False,0.0009002343000000001,Phage_3,,
9,MalR,False,0.0007092673000000001,MalR,,
13,Phage_1-2,False,-0.0004751207,Phage_1,,
