k,name,in_iM,gene_weight,regulator,function,category
24,Unc_8,False,0.0622473303,,,
11,Unc_3,False,0.0423137927,,,
25,Unc_9,False,-0.0256806946,,,
0,FabT,False,-0.025529543000000002,FabT,,
10,Unc_2,False,0.0241295215,,,
33,Galactose,False,0.023932413200000002,,,
14,Unc_4,False,-0.0189915149,,,
21,CcpA-2,False,-0.0166273961,CcpA,,
34,Transport-1,False,-0.0163158275,,,
40,Unc_12,False,0.0160984568,,,
12,VicR,False,0.0159544033,VicR,,
36,HrcA,False,0.0152759139,HrcA,,
23,SLS,False,-0.014059710500000001,,,
17,Unc_5,False,-0.0139763931,,,
2,Phage_1-1,False,-0.013783713500000001,Phage_1,,
19,Unc_6,False,-0.012737067900000001,,,
29,MalR2,False,-0.0122013467,MalR2,,
37,Phage_3-2,False,-0.0112584432,Phage_3,,
35,YwzG,False,-0.008743851,YwzG,,
16,NrdR,False,0.0085862366,NrdR,,
38,SpeB,False,0.0084661474,,,
4,GlnR,False,0.007954189700000001,GlnR,,
20,Unc_7,False,0.0075835977,,,
3,Unc_1,False,0.0072712955,,,
22,Phage_2-2,False,-0.0066174869,Phage_2,,
13,Phage_1-2,False,-0.0062222635,Phage_1,,
18,PurR,False,-0.005951665300000001,PurR,,
15,NanR,False,-0.0053682133,NanR,,
7,Phage_2-1,False,-0.0051430911,Phage_2,,
28,CovR-2,False,-0.0047927372,CovR,,
41,SLO,False,0.0041408707,,,
5,CcpA-1,False,-0.0039223633,CcpA,,
30,Phage_3-1,False,0.0032603083,Phage_3,,
1,CovR-1,False,-0.0031876114,CovR,,
32,Unc_11,False,0.0030248202,,,
8,PyrR,False,0.0018822437,PyrR,,
39,Transport-2,False,0.0017954751,,,
9,MalR,False,0.0015892955,MalR,,
6,Rgg,False,-0.0015835925000000002,Rgg,,
27,Unc_10,False,0.0012474091000000001,,,
26,Mga,False,0.0003721039,Mga,,
31,Phage_2-3,False,-0.000299602,Phage_2,,
