k,name,in_iM,gene_weight,regulator,function,category
10,Unc_2,False,0.0307973785,,,
24,Unc_8,False,-0.026360141,,,
32,Unc_11,False,-0.018853969800000002,,,
27,Unc_10,False,-0.017543693500000002,,,
19,Unc_6,False,0.016505786,,,
12,VicR,False,0.0161920342,VicR,,
41,SLO,False,0.015105341900000001,,,
3,Unc_1,False,0.014892656700000001,,,
8,PyrR,False,-0.013351820200000001,PyrR,,
5,CcpA-1,False,-0.012345477300000001,CcpA,,
36,HrcA,False,0.0122911107,HrcA,,
29,MalR2,False,-0.0121107005,MalR2,,
22,Phage_2-2,False,-0.0114214063,Phage_2,,
16,NrdR,False,-0.0108914587,NrdR,,
9,MalR,False,-0.0100548306,MalR,,
18,PurR,False,-0.0098921467,PurR,,
6,Rgg,False,0.008950593100000001,Rgg,,
26,Mga,False,0.0087464606,Mga,,
15,NanR,False,-0.0085073197,NanR,,
34,Transport-1,False,0.0084867464,,,
13,Phage_1-2,False,-0.007536311,Phage_1,,
2,Phage_1-1,False,-0.007108932300000001,Phage_1,,
39,Transport-2,False,0.0062991214000000005,,,
20,Unc_7,False,0.005859703700000001,,,
14,Unc_4,False,-0.0053066728,,,
0,FabT,False,-0.005147798,FabT,,
11,Unc_3,False,0.0050912515,,,
1,CovR-1,False,-0.0048679214,CovR,,
30,Phage_3-1,False,0.0032270994,Phage_3,,
7,Phage_2-1,False,0.002757364,Phage_2,,
4,GlnR,False,0.0024800125,GlnR,,
23,SLS,False,0.0023015612,,,
38,SpeB,False,-0.0022834203,,,
17,Unc_5,False,-0.0016924956,,,
25,Unc_9,False,-0.0015811738,,,
35,YwzG,False,-0.0014828793,YwzG,,
33,Galactose,False,-0.0014718307,,,
40,Unc_12,False,-0.0012895607,,,
28,CovR-2,False,-0.0011953989,CovR,,
31,Phage_2-3,False,-0.0010134971,Phage_2,,
37,Phage_3-2,False,0.0008348755000000001,Phage_3,,
21,CcpA-2,False,0.000610548,CcpA,,
