k,name,in_iM,gene_weight,regulator,function,category
11,Unc_3,False,-0.025746516100000002,,,
10,Unc_2,False,0.025291242000000002,,,
20,Unc_7,False,0.0243110414,,,
27,Unc_10,False,-0.024107930700000002,,,
36,HrcA,False,0.0213077526,HrcA,,
19,Unc_6,False,0.02113311,,,
33,Galactose,False,-0.0203625835,,,
38,SpeB,False,-0.019293165100000002,,,
26,Mga,False,0.0190967753,Mga,,
22,Phage_2-2,False,0.017778288700000002,Phage_2,,
15,NanR,False,-0.0176491285,NanR,,
21,CcpA-2,False,0.0162671195,CcpA,,
18,PurR,False,0.0158678613,PurR,,
29,MalR2,False,0.0150458219,MalR2,,
3,Unc_1,False,-0.0143259311,,,
14,Unc_4,False,-0.0129316829,,,
4,GlnR,False,-0.012012670100000001,GlnR,,
37,Phage_3-2,False,0.0108320736,Phage_3,,
40,Unc_12,False,0.0106495628,,,
30,Phage_3-1,False,-0.010571736,Phage_3,,
39,Transport-2,False,-0.0104992058,,,
12,VicR,False,-0.0086032529,VicR,,
0,FabT,False,-0.008539155100000001,FabT,,
8,PyrR,False,-0.0085286562,PyrR,,
6,Rgg,False,-0.0075781711,Rgg,,
35,YwzG,False,-0.0071307295,YwzG,,
41,SLO,False,0.0066889393,,,
25,Unc_9,False,0.0061219384000000005,,,
16,NrdR,False,0.0057801204,NrdR,,
32,Unc_11,False,-0.0049422141,,,
7,Phage_2-1,False,-0.0044835007,Phage_2,,
1,CovR-1,False,-0.0044149613,CovR,,
2,Phage_1-1,False,-0.0040658108,Phage_1,,
9,MalR,False,-0.0027276013,MalR,,
17,Unc_5,False,-0.0023768661,,,
31,Phage_2-3,False,0.0022039244,Phage_2,,
28,CovR-2,False,-0.0016837481000000001,CovR,,
5,CcpA-1,False,-0.0016052070000000002,CcpA,,
34,Transport-1,False,0.0013057722,,,
24,Unc_8,False,-0.0012014537000000001,,,
13,Phage_1-2,False,-0.0008747770000000001,Phage_1,,
23,SLS,False,0.0002630422,,,
