k,name,in_iM,gene_weight,regulator,function,category
11,Unc_3,False,-0.0530016446,,,
32,Unc_11,False,0.0387254852,,,
34,Transport-1,False,-0.026814661,,,
17,Unc_5,False,0.0258688379,,,
39,Transport-2,False,-0.0240654271,,,
40,Unc_12,False,-0.0227201975,,,
0,FabT,False,0.0192773067,FabT,,
23,SLS,False,-0.017498380100000002,,,
36,HrcA,False,-0.0174331455,HrcA,,
16,NrdR,False,-0.015758125,NrdR,,
26,Mga,False,0.014274517700000001,Mga,,
24,Unc_8,False,-0.013914088000000002,,,
31,Phage_2-3,False,-0.012890908900000001,Phage_2,,
33,Galactose,False,-0.0128080853,,,
18,PurR,False,-0.012038486800000001,PurR,,
37,Phage_3-2,False,0.0118174839,Phage_3,,
4,GlnR,False,-0.009814754200000001,GlnR,,
25,Unc_9,False,-0.009092524900000001,,,
14,Unc_4,False,0.0090916476,,,
35,YwzG,False,0.0084186026,YwzG,,
22,Phage_2-2,False,0.0079093505,Phage_2,,
28,CovR-2,False,-0.00717835,CovR,,
9,MalR,False,-0.007132565400000001,MalR,,
41,SLO,False,-0.0068044776,,,
27,Unc_10,False,0.006721846300000001,,,
19,Unc_6,False,-0.0052820373,,,
20,Unc_7,False,0.0051183462,,,
10,Unc_2,False,-0.0036260535000000003,,,
1,CovR-1,False,-0.0029427521,CovR,,
38,SpeB,False,0.0029016458000000003,,,
7,Phage_2-1,False,-0.0026188644,Phage_2,,
5,CcpA-1,False,0.0026185885,CcpA,,
15,NanR,False,0.0023152859,NanR,,
2,Phage_1-1,False,-0.0020748769,Phage_1,,
6,Rgg,False,-0.0019284958000000002,Rgg,,
29,MalR2,False,0.0018484735000000002,MalR2,,
3,Unc_1,False,-0.0016802848,,,
30,Phage_3-1,False,0.0014616858,Phage_3,,
13,Phage_1-2,False,-0.0009219236,Phage_1,,
8,PyrR,False,-0.0001773186,PyrR,,
12,VicR,False,2.78365e-05,VicR,,
21,CcpA-2,False,-2.46939e-05,CcpA,,
