k,name,in_iM,gene_weight,regulator,function,category
31,Phage_2-3,True,0.202994369,Phage_2,,
7,Phage_2-1,False,0.048700834900000003,Phage_2,,
15,NanR,False,0.0473870933,NanR,,
40,Unc_12,False,-0.04476926,,,
8,PyrR,False,-0.0393757884,PyrR,,
18,PurR,False,-0.0389967934,PurR,,
41,SLO,False,0.0363255096,,,
39,Transport-2,False,-0.0347206714,,,
0,FabT,False,-0.0343318425,FabT,,
14,Unc_4,False,-0.0343003494,,,
27,Unc_10,False,-0.0342648347,,,
22,Phage_2-2,False,-0.0321877885,Phage_2,,
16,NrdR,False,-0.0292926004,NrdR,,
25,Unc_9,False,-0.0277197296,,,
6,Rgg,False,-0.027159482500000002,Rgg,,
1,CovR-1,False,-0.0251550992,CovR,,
10,Unc_2,False,-0.0218257074,,,
19,Unc_6,False,0.021360781000000002,,,
33,Galactose,False,-0.021216845300000002,,,
36,HrcA,False,-0.020681949800000002,HrcA,,
23,SLS,False,-0.020545897400000002,,,
11,Unc_3,False,0.020267885700000002,,,
28,CovR-2,False,-0.019159092500000002,CovR,,
24,Unc_8,False,0.0189246826,,,
34,Transport-1,False,0.0185331073,,,
20,Unc_7,False,0.0110962864,,,
12,VicR,False,0.0101233799,VicR,,
38,SpeB,False,-0.0099310725,,,
13,Phage_1-2,False,0.009884718300000001,Phage_1,,
21,CcpA-2,False,-0.008117891,CcpA,,
4,GlnR,False,0.007166140400000001,GlnR,,
5,CcpA-1,False,0.0068172285000000004,CcpA,,
35,YwzG,False,0.0065400424,YwzG,,
9,MalR,False,-0.0064087196,MalR,,
17,Unc_5,False,0.0059168777,,,
32,Unc_11,False,-0.0042413485,,,
30,Phage_3-1,False,-0.0024741683,Phage_3,,
2,Phage_1-1,False,-0.0022081146,Phage_1,,
3,Unc_1,False,0.0021359025,,,
29,MalR2,False,-0.0020517019000000003,MalR2,,
26,Mga,False,0.0015252559,Mga,,
37,Phage_3-2,False,-0.000626709,Phage_3,,
