k,name,in_iM,gene_weight,regulator,function,category
26,Mga,True,0.1395366949,Mga,,
18,PurR,False,0.076430887,PurR,,
22,Phage_2-2,False,-0.054859384000000004,Phage_2,,
38,SpeB,False,-0.045780581800000004,,,
17,Unc_5,False,0.0437451125,,,
4,GlnR,False,0.0436323401,GlnR,,
37,Phage_3-2,False,-0.0392108168,Phage_3,,
40,Unc_12,False,-0.0334383079,,,
6,Rgg,False,-0.0334196862,Rgg,,
12,VicR,False,-0.03195962,VicR,,
32,Unc_11,False,-0.031927145000000004,,,
39,Transport-2,False,0.0315982934,,,
7,Phage_2-1,False,-0.023592486200000002,Phage_2,,
28,CovR-2,False,-0.0233118835,CovR,,
31,Phage_2-3,False,-0.0220793068,Phage_2,,
33,Galactose,False,-0.0194163619,,,
2,Phage_1-1,False,0.0189985355,Phage_1,,
5,CcpA-1,False,0.017829396,CcpA,,
21,CcpA-2,False,0.0174243626,CcpA,,
8,PyrR,False,-0.0165115527,PyrR,,
16,NrdR,False,-0.0164941036,NrdR,,
14,Unc_4,False,-0.0160509351,,,
27,Unc_10,False,-0.014895459500000001,,,
35,YwzG,False,0.0127770003,YwzG,,
20,Unc_7,False,0.0122678028,,,
10,Unc_2,False,-0.010876597200000001,,,
29,MalR2,False,-0.0093305165,MalR2,,
1,CovR-1,False,-0.0093292253,CovR,,
24,Unc_8,False,-0.0092858517,,,
15,NanR,False,0.0081730115,NanR,,
36,HrcA,False,0.0080339765,HrcA,,
11,Unc_3,False,-0.007719124000000001,,,
41,SLO,False,0.006958095500000001,,,
34,Transport-1,False,-0.0066885622,,,
19,Unc_6,False,-0.0066669591000000005,,,
13,Phage_1-2,False,-0.0065160025000000005,Phage_1,,
23,SLS,False,-0.0061296268,,,
25,Unc_9,False,-0.0046021109,,,
30,Phage_3-1,False,-0.0040214995,Phage_3,,
3,Unc_1,False,-0.0036854368,,,
0,FabT,False,0.0024399576,FabT,,
9,MalR,False,0.0013949238,MalR,,
