k,name,in_iM,gene_weight,regulator,function,category
40,Unc_12,False,-0.0388787574,,,
14,Unc_4,False,0.0295046521,,,
5,CcpA-1,False,-0.0245563375,CcpA,,
22,Phage_2-2,False,-0.0232736276,Phage_2,,
41,SLO,False,-0.022788266300000002,,,
25,Unc_9,False,0.0212294256,,,
26,Mga,False,-0.0194512478,Mga,,
21,CcpA-2,False,-0.017185784500000002,CcpA,,
35,YwzG,False,-0.0155862097,YwzG,,
27,Unc_10,False,-0.0153703238,,,
15,NanR,False,-0.013821367900000001,NanR,,
12,VicR,False,0.013258139300000001,VicR,,
31,Phage_2-3,False,-0.012701586800000001,Phage_2,,
11,Unc_3,False,0.0117037695,,,
33,Galactose,False,0.0115468043,,,
36,HrcA,False,-0.0109380113,HrcA,,
10,Unc_2,False,0.0107998915,,,
4,GlnR,False,-0.0099994088,GlnR,,
37,Phage_3-2,False,-0.009914566500000001,Phage_3,,
1,CovR-1,False,0.0099121053,CovR,,
6,Rgg,False,-0.0098867539,Rgg,,
39,Transport-2,False,0.0094127693,,,
20,Unc_7,False,0.0093171638,,,
9,MalR,False,-0.0090776095,MalR,,
0,FabT,False,-0.0087592143,FabT,,
34,Transport-1,False,-0.0060749322,,,
17,Unc_5,False,0.0059433811,,,
23,SLS,False,0.0059400628000000006,,,
3,Unc_1,False,-0.0051630056,,,
16,NrdR,False,-0.0047388643,NrdR,,
19,Unc_6,False,-0.0046087891,,,
28,CovR-2,False,0.0042497459,CovR,,
38,SpeB,False,-0.0038488627,,,
24,Unc_8,False,-0.0032782972,,,
2,Phage_1-1,False,-0.0022788729000000002,Phage_1,,
13,Phage_1-2,False,0.0019618168,Phage_1,,
30,Phage_3-1,False,-0.0019330055,Phage_3,,
7,Phage_2-1,False,-0.0017148423000000002,Phage_2,,
29,MalR2,False,-0.0016375268,MalR2,,
18,PurR,False,0.0006310508,PurR,,
32,Unc_11,False,-0.00039271,,,
8,PyrR,False,-0.00036295930000000004,PyrR,,
