k,name,in_iM,gene_weight,regulator,function,category
11,Unc_3,False,0.045343515200000004,,,
41,SLO,False,-0.0387227927,,,
32,Unc_11,False,-0.0291308012,,,
5,CcpA-1,False,-0.0267509374,CcpA,,
1,CovR-1,False,0.0247718156,CovR,,
14,Unc_4,False,0.0234876839,,,
21,CcpA-2,False,-0.0188654819,CcpA,,
30,Phage_3-1,False,0.0184227751,Phage_3,,
20,Unc_7,False,0.0170008374,,,
36,HrcA,False,-0.0160814927,HrcA,,
7,Phage_2-1,False,-0.015204130900000001,Phage_2,,
23,SLS,False,0.0145019997,,,
19,Unc_6,False,0.0141429277,,,
25,Unc_9,False,0.0138033505,,,
37,Phage_3-2,False,0.0124453358,Phage_3,,
2,Phage_1-1,False,-0.0122099741,Phage_1,,
24,Unc_8,False,0.0117292881,,,
10,Unc_2,False,-0.0117231329,,,
39,Transport-2,False,0.0112223153,,,
9,MalR,False,0.010295243400000001,MalR,,
28,CovR-2,False,0.0099635442,CovR,,
18,PurR,False,0.0095704955,PurR,,
12,VicR,False,-0.0087845796,VicR,,
0,FabT,False,0.0078519357,FabT,,
38,SpeB,False,0.007549824,,,
16,NrdR,False,-0.006957266,NrdR,,
27,Unc_10,False,0.005957188600000001,,,
26,Mga,False,-0.0056417296,Mga,,
34,Transport-1,False,0.0055418434,,,
33,Galactose,False,0.0047420574,,,
3,Unc_1,False,-0.0046829737,,,
35,YwzG,False,-0.0038291973,YwzG,,
31,Phage_2-3,False,0.0036090748,Phage_2,,
40,Unc_12,False,0.0036047362,,,
13,Phage_1-2,False,-0.0025921186000000002,Phage_1,,
22,Phage_2-2,False,-0.0017497586000000001,Phage_2,,
17,Unc_5,False,0.0014892147,,,
29,MalR2,False,-0.0009389239,MalR2,,
4,GlnR,False,0.0006755829000000001,GlnR,,
8,PyrR,False,-0.00029399630000000003,PyrR,,
15,NanR,False,0.00024911430000000004,NanR,,
6,Rgg,False,-0.00015889310000000002,Rgg,,
