k,name,in_iM,gene_weight,regulator,function,category
20,Unc_7,False,0.0338602172,,,
14,Unc_4,False,-0.024580121400000002,,,
18,PurR,False,-0.022969957200000002,PurR,,
40,Unc_12,False,-0.021325405500000002,,,
35,YwzG,False,-0.0207027851,YwzG,,
16,NrdR,False,0.0184709636,NrdR,,
5,CcpA-1,False,0.017491607000000003,CcpA,,
11,Unc_3,False,-0.0171840112,,,
39,Transport-2,False,0.0166877036,,,
36,HrcA,False,0.0161970963,HrcA,,
33,Galactose,False,0.013901317500000001,,,
32,Unc_11,False,-0.0134219657,,,
8,PyrR,False,-0.0128803005,PyrR,,
34,Transport-1,False,0.012740199,,,
6,Rgg,False,-0.0126248856,Rgg,,
28,CovR-2,False,-0.0117153367,CovR,,
3,Unc_1,False,-0.011679974000000001,,,
37,Phage_3-2,False,0.0107244607,Phage_3,,
27,Unc_10,False,-0.0102637089,,,
23,SLS,False,-0.010252359,,,
7,Phage_2-1,False,0.0097485599,Phage_2,,
31,Phage_2-3,False,-0.0095154081,Phage_2,,
26,Mga,False,-0.0087040138,Mga,,
21,CcpA-2,False,-0.0086993243,CcpA,,
13,Phage_1-2,False,-0.008141426200000001,Phage_1,,
1,CovR-1,False,-0.0077822111,CovR,,
10,Unc_2,False,0.0070591175,,,
9,MalR,False,0.0066430446,MalR,,
4,GlnR,False,-0.0065989355,GlnR,,
24,Unc_8,False,0.0065044168,,,
22,Phage_2-2,False,-0.0060568255,Phage_2,,
25,Unc_9,False,-0.005963949400000001,,,
0,FabT,False,-0.005386991900000001,FabT,,
29,MalR2,False,0.0053507294,MalR2,,
2,Phage_1-1,False,0.0049732835,Phage_1,,
30,Phage_3-1,False,0.0032224075000000002,Phage_3,,
17,Unc_5,False,-0.0030757399,,,
41,SLO,False,-0.0030399464,,,
15,NanR,False,-0.0028542639,NanR,,
19,Unc_6,False,0.0017385909,,,
38,SpeB,False,-0.0014636022000000001,,,
12,VicR,False,6.910380000000001e-05,VicR,,
