k,name,in_iM,gene_weight,regulator,function,category
40,Unc_12,False,0.0712552481,,,
10,Unc_2,False,-0.037255928,,,
41,SLO,False,0.0354581125,,,
25,Unc_9,False,0.0287224623,,,
30,Phage_3-1,False,-0.0286244977,Phage_3,,
3,Unc_1,False,-0.0263997861,,,
11,Unc_3,False,-0.0242251063,,,
16,NrdR,False,0.020045196,NrdR,,
27,Unc_10,False,-0.0181602596,,,
4,GlnR,False,0.0175806509,GlnR,,
14,Unc_4,False,-0.0142089938,,,
8,PyrR,False,0.0134868929,PyrR,,
21,CcpA-2,False,0.0117274955,CcpA,,
22,Phage_2-2,False,-0.0117125348,Phage_2,,
39,Transport-2,False,0.011023390800000001,,,
38,SpeB,False,-0.0100058442,,,
7,Phage_2-1,False,0.0090961822,Phage_2,,
29,MalR2,False,0.0087577344,MalR2,,
1,CovR-1,False,-0.0085797587,CovR,,
9,MalR,False,-0.0084979702,MalR,,
12,VicR,False,0.0083875452,VicR,,
35,YwzG,False,0.0077782811,YwzG,,
17,Unc_5,False,-0.0073298666,,,
2,Phage_1-1,False,0.0070630603,Phage_1,,
13,Phage_1-2,False,-0.0068431719,Phage_1,,
18,PurR,False,0.00657833,PurR,,
33,Galactose,False,-0.0065625922,,,
24,Unc_8,False,0.0063498389,,,
19,Unc_6,False,-0.0063072668,,,
0,FabT,False,0.005669422,FabT,,
28,CovR-2,False,-0.0052062828,CovR,,
15,NanR,False,0.0039297238,NanR,,
34,Transport-1,False,-0.0038401405000000003,,,
37,Phage_3-2,False,0.0034830108,Phage_3,,
5,CcpA-1,False,0.0029894788,CcpA,,
32,Unc_11,False,-0.0021735697,,,
20,Unc_7,False,-0.0019978013,,,
23,SLS,False,0.0016042327000000002,,,
36,HrcA,False,-0.0015942487,HrcA,,
26,Mga,False,-0.0007104821,Mga,,
31,Phage_2-3,False,-0.0004515089,Phage_2,,
6,Rgg,False,-0.0003525461,Rgg,,
