k,name,in_iM,gene_weight,regulator,function,category
27,Unc_10,True,0.1865833535,,,
11,Unc_3,False,0.0353866942,,,
34,Transport-1,False,-0.0309753436,,,
39,Transport-2,False,0.0293794309,,,
40,Unc_12,False,0.0287088866,,,
9,MalR,False,-0.0286580092,MalR,,
18,PurR,False,-0.0245782994,PurR,,
10,Unc_2,False,0.0226418926,,,
19,Unc_6,False,-0.020430269100000002,,,
35,YwzG,False,0.0197545478,YwzG,,
6,Rgg,False,0.0188223096,Rgg,,
25,Unc_9,False,0.017227184200000002,,,
5,CcpA-1,False,-0.0171281774,CcpA,,
33,Galactose,False,0.0159916409,,,
1,CovR-1,False,0.0158271053,CovR,,
0,FabT,False,-0.0148883053,FabT,,
20,Unc_7,False,0.014818347,,,
17,Unc_5,False,0.0146805411,,,
23,SLS,False,-0.0142763135,,,
21,CcpA-2,False,-0.0137051325,CcpA,,
26,Mga,False,0.0125240699,Mga,,
30,Phage_3-1,False,0.010189890600000001,Phage_3,,
31,Phage_2-3,False,-0.009828199900000001,Phage_2,,
2,Phage_1-1,False,-0.008316478300000001,Phage_1,,
28,CovR-2,False,-0.006628307700000001,CovR,,
29,MalR2,False,0.0062778418,MalR2,,
37,Phage_3-2,False,-0.0060496889,Phage_3,,
15,NanR,False,-0.0046618838,NanR,,
4,GlnR,False,-0.0046454037,GlnR,,
32,Unc_11,False,-0.0044210094,,,
3,Unc_1,False,0.0034797697,,,
12,VicR,False,0.0030422046,VicR,,
41,SLO,False,-0.0021741969,,,
7,Phage_2-1,False,0.0014111081000000001,Phage_2,,
16,NrdR,False,0.0011466261,NrdR,,
24,Unc_8,False,0.0006532769,,,
14,Unc_4,False,0.0006118587,,,
22,Phage_2-2,False,-0.000500712,Phage_2,,
8,PyrR,False,0.00039290390000000004,PyrR,,
13,Phage_1-2,False,0.00034948900000000003,Phage_1,,
36,HrcA,False,0.0003449103,HrcA,,
38,SpeB,False,-0.0001851705,,,
