k,name,in_iM,gene_weight,regulator,function,category
19,Unc_6,False,-0.037496996500000004,,,
15,NanR,False,-0.0359864356,NanR,,
36,HrcA,False,-0.031524599800000004,HrcA,,
35,YwzG,False,-0.0303426897,YwzG,,
12,VicR,False,-0.0208600068,VicR,,
5,CcpA-1,False,0.0157920795,CcpA,,
37,Phage_3-2,False,0.014830613900000001,Phage_3,,
40,Unc_12,False,0.0147629748,,,
3,Unc_1,False,-0.0141344229,,,
27,Unc_10,False,-0.0136470839,,,
33,Galactose,False,0.0121997409,,,
10,Unc_2,False,-0.0121292833,,,
16,NrdR,False,0.0114526051,NrdR,,
13,Phage_1-2,False,-0.0110717026,Phage_1,,
24,Unc_8,False,-0.0097283057,,,
28,CovR-2,False,-0.009220776600000001,CovR,,
22,Phage_2-2,False,0.0085490518,Phage_2,,
1,CovR-1,False,0.008243072,CovR,,
41,SLO,False,0.0077447455000000005,,,
14,Unc_4,False,-0.0076491923000000005,,,
39,Transport-2,False,0.007639746,,,
31,Phage_2-3,False,0.0074835937,Phage_2,,
38,SpeB,False,0.0073317304,,,
11,Unc_3,False,-0.007168945,,,
20,Unc_7,False,-0.006336670700000001,,,
23,SLS,False,-0.0056011219000000004,,,
4,GlnR,False,0.0052087196,GlnR,,
18,PurR,False,-0.0050623683,PurR,,
17,Unc_5,False,0.0049151282000000004,,,
21,CcpA-2,False,-0.0045274281000000005,CcpA,,
25,Unc_9,False,0.0043118495,,,
7,Phage_2-1,False,0.0042696343,Phage_2,,
34,Transport-1,False,-0.0042377643,,,
2,Phage_1-1,False,-0.0025852859,Phage_1,,
32,Unc_11,False,-0.0024052029000000003,,,
8,PyrR,False,-0.002014099,PyrR,,
9,MalR,False,0.0020097473,MalR,,
30,Phage_3-1,False,0.0019213242000000001,Phage_3,,
0,FabT,False,-0.0018344019000000001,FabT,,
29,MalR2,False,0.0018065081,MalR2,,
6,Rgg,False,0.0014920219000000001,Rgg,,
26,Mga,False,-0.0001937247,Mga,,
