k,name,in_iM,gene_weight,regulator,function,category
17,Unc_5,False,0.0362196295,,,
3,Unc_1,False,0.035719725800000005,,,
10,Unc_2,False,0.0241703159,,,
11,Unc_3,False,-0.0241138329,,,
18,PurR,False,0.0196567291,PurR,,
15,NanR,False,-0.018931604600000002,NanR,,
8,PyrR,False,0.0182248364,PyrR,,
20,Unc_7,False,0.016543695100000002,,,
5,CcpA-1,False,-0.0152291648,CcpA,,
32,Unc_11,False,-0.013850968000000002,,,
12,VicR,False,-0.013733583800000001,VicR,,
25,Unc_9,False,-0.0136445947,,,
33,Galactose,False,0.0134791983,,,
35,YwzG,False,-0.013262490600000001,YwzG,,
38,SpeB,False,0.0122534297,,,
14,Unc_4,False,0.0121014771,,,
36,HrcA,False,-0.012036318800000001,HrcA,,
39,Transport-2,False,0.0112300447,,,
23,SLS,False,0.010853167700000001,,,
26,Mga,False,-0.010126223,Mga,,
40,Unc_12,False,-0.0098117703,,,
7,Phage_2-1,False,-0.0094086905,Phage_2,,
4,GlnR,False,0.0069610217,GlnR,,
22,Phage_2-2,False,-0.0066243576,Phage_2,,
1,CovR-1,False,-0.0065913887,CovR,,
6,Rgg,False,-0.006433888600000001,Rgg,,
41,SLO,False,0.0053931509,,,
9,MalR,False,0.0051101527,MalR,,
0,FabT,False,0.0049679881,FabT,,
13,Phage_1-2,False,-0.0048949538,Phage_1,,
21,CcpA-2,False,0.0047264428,CcpA,,
34,Transport-1,False,-0.004590678,,,
2,Phage_1-1,False,-0.0043970157000000005,Phage_1,,
24,Unc_8,False,0.0036218429,,,
27,Unc_10,False,-0.0027408521000000003,,,
19,Unc_6,False,0.0024170050000000003,,,
37,Phage_3-2,False,-0.0017479224,Phage_3,,
28,CovR-2,False,-0.0015578797,CovR,,
31,Phage_2-3,False,-0.0010123718,Phage_2,,
16,NrdR,False,0.0006114107,NrdR,,
30,Phage_3-1,False,0.0003630905,Phage_3,,
29,MalR2,False,0.000312255,MalR2,,
