k,name,in_iM,gene_weight,regulator,function,category
32,Unc_11,False,0.0226720013,,,
39,Transport-2,False,-0.0190957049,,,
33,Galactose,False,-0.0157660171,,,
17,Unc_5,False,-0.015184972000000001,,,
18,PurR,False,0.0146025105,PurR,,
0,FabT,False,-0.0144621821,FabT,,
22,Phage_2-2,False,-0.0118596816,Phage_2,,
38,SpeB,False,-0.011284655900000001,,,
26,Mga,False,0.01003912,Mga,,
25,Unc_9,False,0.0086889331,,,
37,Phage_3-2,False,0.0085043662,Phage_3,,
11,Unc_3,False,-0.0075493959,,,
3,Unc_1,False,-0.0071905623,,,
8,PyrR,False,-0.0063426096,PyrR,,
10,Unc_2,False,-0.0056543664,,,
27,Unc_10,False,-0.0053994586,,,
29,MalR2,False,-0.0051556760000000005,MalR2,,
9,MalR,False,-0.0049339681,MalR,,
1,CovR-1,False,0.0048430255000000005,CovR,,
28,CovR-2,False,-0.004789904,CovR,,
12,VicR,False,-0.0043076525,VicR,,
15,NanR,False,0.0039317579,NanR,,
36,HrcA,False,0.0039172778000000005,HrcA,,
40,Unc_12,False,0.0038276021000000003,,,
34,Transport-1,False,0.0037893188,,,
41,SLO,False,0.0036127138000000003,,,
5,CcpA-1,False,-0.0034863556,CcpA,,
16,NrdR,False,0.0034856690000000003,NrdR,,
14,Unc_4,False,-0.0034380245,,,
23,SLS,False,-0.0032070946,,,
35,YwzG,False,0.003131614,YwzG,,
13,Phage_1-2,False,-0.0030394343000000002,Phage_1,,
30,Phage_3-1,False,-0.0027833145,Phage_3,,
19,Unc_6,False,0.0025748734000000002,,,
6,Rgg,False,0.0021301571,Rgg,,
7,Phage_2-1,False,0.002035727,Phage_2,,
2,Phage_1-1,False,-0.0019984508,Phage_1,,
24,Unc_8,False,0.0018805875000000001,,,
31,Phage_2-3,False,-0.0009348480000000001,Phage_2,,
21,CcpA-2,False,-0.0007058425,CcpA,,
4,GlnR,False,-0.0003683436,GlnR,,
20,Unc_7,False,-0.0001697927,,,
