k,name,in_iM,gene_weight,regulator,function,category
14,Unc_4,True,0.1258140224,,,
9,MalR,False,-0.036253781400000004,MalR,,
37,Phage_3-2,False,0.034351992000000005,Phage_3,,
19,Unc_6,False,-0.0329013359,,,
15,NanR,False,-0.030002484000000003,NanR,,
35,YwzG,False,-0.0294495683,YwzG,,
41,SLO,False,0.028236215800000002,,,
36,HrcA,False,0.0255285928,HrcA,,
11,Unc_3,False,-0.022422643500000002,,,
27,Unc_10,False,-0.0222187655,,,
5,CcpA-1,False,0.0214834435,CcpA,,
18,PurR,False,-0.0191443879,PurR,,
28,CovR-2,False,-0.018427974,CovR,,
4,GlnR,False,0.0176033494,GlnR,,
10,Unc_2,False,-0.0172004626,,,
1,CovR-1,False,0.0167103838,CovR,,
32,Unc_11,False,-0.016212209800000002,,,
34,Transport-1,False,0.0161546588,,,
3,Unc_1,False,0.0132290954,,,
20,Unc_7,False,0.012612287000000002,,,
7,Phage_2-1,False,0.0124129381,Phage_2,,
25,Unc_9,False,-0.012061899999999999,,,
0,FabT,False,-0.0112916752,FabT,,
39,Transport-2,False,-0.0103952595,,,
21,CcpA-2,False,0.0102749056,CcpA,,
16,NrdR,False,-0.0102609337,NrdR,,
23,SLS,False,-0.0102592134,,,
8,PyrR,False,-0.0095934287,PyrR,,
38,SpeB,False,-0.0091650133,,,
2,Phage_1-1,False,0.0088979334,Phage_1,,
22,Phage_2-2,False,0.0061266831,Phage_2,,
40,Unc_12,False,0.0048243442000000004,,,
29,MalR2,False,0.0040389784000000005,MalR2,,
6,Rgg,False,-0.0039289462,Rgg,,
26,Mga,False,-0.0032613155,Mga,,
17,Unc_5,False,0.0031767989,,,
24,Unc_8,False,-0.0025318613,,,
13,Phage_1-2,False,-0.0015982749,Phage_1,,
12,VicR,False,0.0011636666,VicR,,
30,Phage_3-1,False,0.0009138784,Phage_3,,
31,Phage_2-3,False,0.0002068662,Phage_2,,
33,Galactose,False,-7.74626e-05,,,
