k,name,in_iM,gene_weight,regulator,function,category
15,NanR,False,0.0550238853,NanR,,
16,NrdR,False,-0.0513806839,NrdR,,
14,Unc_4,False,0.050027462200000004,,,
35,YwzG,False,0.0440051814,YwzG,,
23,SLS,False,0.0362249988,,,
26,Mga,False,0.0323155367,Mga,,
33,Galactose,False,-0.0322643652,,,
22,Phage_2-2,False,0.029511310500000002,Phage_2,,
6,Rgg,False,0.0271349552,Rgg,,
32,Unc_11,False,-0.025786548500000003,,,
10,Unc_2,False,-0.0227627478,,,
36,HrcA,False,0.0207597118,HrcA,,
34,Transport-1,False,-0.018195057100000002,,,
25,Unc_9,False,-0.017536131,,,
18,PurR,False,0.0171989838,PurR,,
12,VicR,False,-0.0164835509,VicR,,
20,Unc_7,False,0.015336508700000001,,,
13,Phage_1-2,False,-0.0152469778,Phage_1,,
0,FabT,False,0.0145817993,FabT,,
11,Unc_3,False,0.0127841875,,,
7,Phage_2-1,False,-0.0124058464,Phage_2,,
8,PyrR,False,-0.012029488100000001,PyrR,,
1,CovR-1,False,-0.0115855213,CovR,,
28,CovR-2,False,0.0111591994,CovR,,
29,MalR2,False,0.0105691879,MalR2,,
31,Phage_2-3,False,0.010080916700000001,Phage_2,,
19,Unc_6,False,-0.0076679535000000005,,,
9,MalR,False,0.0075510113,MalR,,
4,GlnR,False,0.0066110152000000005,GlnR,,
3,Unc_1,False,-0.0054178191,,,
2,Phage_1-1,False,0.0051047504,Phage_1,,
38,SpeB,False,0.0036468821,,,
17,Unc_5,False,-0.0026277962,,,
37,Phage_3-2,False,0.0025631962000000003,Phage_3,,
21,CcpA-2,False,0.0022467610000000003,CcpA,,
24,Unc_8,False,-0.0012878265000000001,,,
5,CcpA-1,False,-0.0011900192000000001,CcpA,,
27,Unc_10,False,-0.0011192245,,,
41,SLO,False,-0.0007993843,,,
40,Unc_12,False,-0.0006100985000000001,,,
30,Phage_3-1,False,-0.0004231149,Phage_3,,
39,Transport-2,False,0.00023020590000000002,,,
