k,name,in_iM,gene_weight,regulator,function,category
11,Unc_3,False,0.0551165556,,,
32,Unc_11,False,-0.0497764392,,,
36,HrcA,False,0.031533281600000004,HrcA,,
35,YwzG,False,0.0302162206,YwzG,,
29,MalR2,False,-0.028265163700000002,MalR2,,
4,GlnR,False,0.027730699999999997,GlnR,,
39,Transport-2,False,-0.027608349600000002,,,
25,Unc_9,False,-0.024076025900000003,,,
23,SLS,False,-0.021553388700000002,,,
12,VicR,False,-0.0184650072,VicR,,
6,Rgg,False,0.0175601324,Rgg,,
30,Phage_3-1,False,-0.017245980600000002,Phage_3,,
2,Phage_1-1,False,-0.017226580300000002,Phage_1,,
8,PyrR,False,0.0163325476,PyrR,,
7,Phage_2-1,False,-0.0159336091,Phage_2,,
41,SLO,False,0.014865616000000002,,,
28,CovR-2,False,0.0143922653,CovR,,
9,MalR,False,-0.0142545876,MalR,,
16,NrdR,False,-0.011952148000000001,NrdR,,
19,Unc_6,False,-0.0111125175,,,
31,Phage_2-3,False,0.0093977984,Phage_2,,
26,Mga,False,-0.0061620665000000005,Mga,,
24,Unc_8,False,-0.0058873857,,,
15,NanR,False,0.0054951409,NanR,,
17,Unc_5,False,-0.0053656082,,,
18,PurR,False,-0.0050654195,PurR,,
21,CcpA-2,False,0.0049478096,CcpA,,
27,Unc_10,False,0.0045209945,,,
37,Phage_3-2,False,0.0034707548,Phage_3,,
40,Unc_12,False,-0.0032685142,,,
33,Galactose,False,0.0030641874,,,
34,Transport-1,False,-0.0029852905,,,
3,Unc_1,False,0.0027455712,,,
1,CovR-1,False,-0.0020442382,CovR,,
22,Phage_2-2,False,0.0018943578,Phage_2,,
14,Unc_4,False,-0.0018289959,,,
13,Phage_1-2,False,0.0012862345,Phage_1,,
20,Unc_7,False,0.0011779488000000001,,,
5,CcpA-1,False,-0.000903797,CcpA,,
38,SpeB,False,0.0007788669,,,
10,Unc_2,False,0.0004793086,,,
0,FabT,False,-9.135420000000001e-05,FabT,,
