k,name,in_iM,gene_weight,regulator,function,category
13,Phage_1-2,True,0.16049021060000002,Phage_1,,
31,Phage_2-3,False,-0.029141769100000003,Phage_2,,
40,Unc_12,False,0.0238524445,,,
4,GlnR,False,0.022725327700000002,GlnR,,
7,Phage_2-1,False,-0.0193414396,Phage_2,,
33,Galactose,False,0.0189423176,,,
2,Phage_1-1,False,0.0172246043,Phage_1,,
18,PurR,False,-0.0164829211,PurR,,
11,Unc_3,False,-0.0142208733,,,
1,CovR-1,False,-0.0141377077,CovR,,
26,Mga,False,-0.0138250864,Mga,,
14,Unc_4,False,0.013414502200000001,,,
6,Rgg,False,-0.0129366193,Rgg,,
17,Unc_5,False,0.0125091054,,,
10,Unc_2,False,-0.011796558,,,
3,Unc_1,False,-0.0110129385,,,
19,Unc_6,False,-0.010148240000000001,,,
36,HrcA,False,-0.0085962876,HrcA,,
8,PyrR,False,-0.0084921308,PyrR,,
0,FabT,False,-0.0076006128,FabT,,
21,CcpA-2,False,-0.0065044544,CcpA,,
24,Unc_8,False,-0.0062823061,,,
37,Phage_3-2,False,-0.0062077742,Phage_3,,
38,SpeB,False,0.005501145000000001,,,
9,MalR,False,0.0050494983,MalR,,
30,Phage_3-1,False,0.0043708402,Phage_3,,
35,YwzG,False,-0.004107323,YwzG,,
34,Transport-1,False,0.0039799277,,,
22,Phage_2-2,False,0.0038668219,Phage_2,,
23,SLS,False,-0.0036803699,,,
20,Unc_7,False,0.0034212197000000003,,,
29,MalR2,False,0.0033991858,MalR2,,
39,Transport-2,False,0.0030605539,,,
15,NanR,False,-0.0028364726000000002,NanR,,
28,CovR-2,False,0.0026655474,CovR,,
27,Unc_10,False,0.0019603059,,,
16,NrdR,False,0.0019362708,NrdR,,
41,SLO,False,-0.0015329129,,,
12,VicR,False,-0.0010442897000000001,VicR,,
32,Unc_11,False,0.0008765289,,,
25,Unc_9,False,-0.00037110050000000003,,,
5,CcpA-1,False,-0.0003312322,CcpA,,
