k,name,in_iM,gene_weight,regulator,function,category
34,Transport-1,True,0.10179928490000001,,,
24,Unc_8,False,-0.025037630800000002,,,
36,HrcA,False,0.0228428904,HrcA,,
17,Unc_5,False,0.0188077378,,,
12,VicR,False,0.018501385000000002,VicR,,
14,Unc_4,False,-0.0180893303,,,
15,NanR,False,-0.0176382161,NanR,,
6,Rgg,False,-0.0172745017,Rgg,,
35,YwzG,False,-0.0152307602,YwzG,,
5,CcpA-1,False,-0.0146788431,CcpA,,
10,Unc_2,False,-0.014562853,,,
19,Unc_6,False,-0.0139323428,,,
30,Phage_3-1,False,-0.013655305000000001,Phage_3,,
0,FabT,False,0.0128589288,FabT,,
23,SLS,False,0.0122146604,,,
33,Galactose,False,-0.0118297847,,,
40,Unc_12,False,0.011698524,,,
4,GlnR,False,0.011618546700000001,GlnR,,
31,Phage_2-3,False,-0.011555396400000001,Phage_2,,
1,CovR-1,False,-0.0103456098,CovR,,
9,MalR,False,-0.010195550900000001,MalR,,
8,PyrR,False,0.009741804100000001,PyrR,,
3,Unc_1,False,0.0078130443,,,
20,Unc_7,False,0.0077677150000000006,,,
25,Unc_9,False,-0.0075528571,,,
32,Unc_11,False,0.0062969275000000005,,,
37,Phage_3-2,False,-0.0058176483000000005,Phage_3,,
7,Phage_2-1,False,0.0056980386,Phage_2,,
18,PurR,False,0.0055094732,PurR,,
26,Mga,False,0.0046969639,Mga,,
27,Unc_10,False,0.0037725913,,,
38,SpeB,False,0.0037593523,,,
39,Transport-2,False,0.0035712819000000002,,,
11,Unc_3,False,0.0035564667,,,
16,NrdR,False,-0.0035120219,NrdR,,
21,CcpA-2,False,-0.0034809347,CcpA,,
41,SLO,False,0.0030178665000000003,,,
22,Phage_2-2,False,-0.0030065829,Phage_2,,
28,CovR-2,False,0.0025232685,CovR,,
29,MalR2,False,0.0024541769,MalR2,,
2,Phage_1-1,False,0.0018576782,Phage_1,,
13,Phage_1-2,False,0.0010404644,Phage_1,,
