k,name,in_iM,gene_weight,regulator,function,category
20,Unc_7,False,-0.0350818098,,,
24,Unc_8,False,-0.0283743098,,,
23,SLS,False,-0.0225054296,,,
39,Transport-2,False,0.0205686212,,,
5,CcpA-1,False,-0.0189648013,CcpA,,
33,Galactose,False,-0.018200352200000002,,,
11,Unc_3,False,0.0179683469,,,
16,NrdR,False,-0.0178825765,NrdR,,
26,Mga,False,0.017622321700000002,Mga,,
9,MalR,False,-0.0151185565,MalR,,
32,Unc_11,False,-0.0143931288,,,
34,Transport-1,False,-0.0125195865,,,
10,Unc_2,False,-0.0121380536,,,
18,PurR,False,-0.012019885800000001,PurR,,
17,Unc_5,False,-0.012000715,,,
4,GlnR,False,-0.011640896000000001,GlnR,,
15,NanR,False,-0.0104556856,NanR,,
41,SLO,False,0.0089927049,,,
25,Unc_9,False,-0.007957072400000001,,,
29,MalR2,False,-0.0076161379,MalR2,,
6,Rgg,False,0.0073302918,Rgg,,
12,VicR,False,-0.0065982566000000005,VicR,,
37,Phage_3-2,False,0.0065602624,Phage_3,,
8,PyrR,False,-0.0063901006,PyrR,,
2,Phage_1-1,False,-0.0058615008,Phage_1,,
38,SpeB,False,0.0050862943,,,
13,Phage_1-2,False,-0.004739875,Phage_1,,
40,Unc_12,False,-0.0045195599,,,
0,FabT,False,-0.0042627083,FabT,,
19,Unc_6,False,0.004159903,,,
31,Phage_2-3,False,-0.004086714500000001,Phage_2,,
21,CcpA-2,False,-0.0030529934,CcpA,,
22,Phage_2-2,False,0.003048217,Phage_2,,
28,CovR-2,False,-0.0030321521000000002,CovR,,
14,Unc_4,False,-0.0017510901,,,
7,Phage_2-1,False,-0.0015816113,Phage_2,,
27,Unc_10,False,0.0014317286000000002,,,
3,Unc_1,False,0.0011694711,,,
1,CovR-1,False,-0.0011205141,CovR,,
36,HrcA,False,0.0010868913,HrcA,,
30,Phage_3-1,False,0.0007653231000000001,Phage_3,,
35,YwzG,False,-0.0007232112,YwzG,,
