k,name,in_iM,gene_weight,regulator,function,category
10,Unc_2,False,0.0495906283,,,
17,Unc_5,False,0.0233975483,,,
41,SLO,False,0.0206595197,,,
5,CcpA-1,False,-0.018367124800000002,CcpA,,
4,GlnR,False,-0.016620177,GlnR,,
34,Transport-1,False,-0.0149896908,,,
40,Unc_12,False,-0.0131527195,,,
1,CovR-1,False,-0.0125985275,CovR,,
23,SLS,False,-0.0122785654,,,
30,Phage_3-1,False,0.0120050413,Phage_3,,
22,Phage_2-2,False,-0.0117223141,Phage_2,,
3,Unc_1,False,0.0109563053,,,
39,Transport-2,False,0.0108370484,,,
31,Phage_2-3,False,-0.0094109877,Phage_2,,
12,VicR,False,0.0089590953,VicR,,
14,Unc_4,False,-0.0088567122,,,
16,NrdR,False,0.0088308725,NrdR,,
0,FabT,False,0.008682134900000001,FabT,,
8,PyrR,False,-0.0085678711,PyrR,,
28,CovR-2,False,-0.0073791068,CovR,,
15,NanR,False,-0.0070217188,NanR,,
13,Phage_1-2,False,-0.0063351936000000005,Phage_1,,
20,Unc_7,False,-0.0060655528,,,
11,Unc_3,False,0.0058843925,,,
25,Unc_9,False,-0.0058600474,,,
21,CcpA-2,False,0.0055414856,CcpA,,
9,MalR,False,-0.0055274216000000004,MalR,,
6,Rgg,False,0.0047884944,Rgg,,
36,HrcA,False,-0.0046201189,HrcA,,
32,Unc_11,False,0.0044555828,,,
37,Phage_3-2,False,0.0039635778000000005,Phage_3,,
19,Unc_6,False,0.0037540259,,,
27,Unc_10,False,-0.0036713159,,,
7,Phage_2-1,False,-0.0036600488000000002,Phage_2,,
2,Phage_1-1,False,0.0028789955000000002,Phage_1,,
33,Galactose,False,-0.00226083,,,
26,Mga,False,0.0020382479000000003,Mga,,
38,SpeB,False,-0.0020235548,,,
29,MalR2,False,-0.0017210949000000001,MalR2,,
18,PurR,False,0.0013646818,PurR,,
24,Unc_8,False,-0.0012438648,,,
35,YwzG,False,0.0003455047,YwzG,,
