k,name,in_iM,gene_weight,regulator,function,category
11,Unc_3,False,0.044919305300000004,,,
41,SLO,False,-0.0365887223,,,
29,MalR2,False,0.024025898400000002,MalR2,,
20,Unc_7,False,0.0229166229,,,
4,GlnR,False,0.021036858500000002,GlnR,,
12,VicR,False,-0.0170710459,VicR,,
5,CcpA-1,False,-0.0166006258,CcpA,,
7,Phage_2-1,False,-0.0161422307,Phage_2,,
32,Unc_11,False,0.013827494800000001,,,
3,Unc_1,False,0.013490103600000001,,,
10,Unc_2,False,-0.013387042200000001,,,
27,Unc_10,False,-0.0129440421,,,
25,Unc_9,False,0.0127398971,,,
40,Unc_12,False,-0.0119873583,,,
21,CcpA-2,False,-0.0116871143,CcpA,,
36,HrcA,False,-0.0116766534,HrcA,,
38,SpeB,False,-0.010438069500000001,,,
19,Unc_6,False,-0.0086817309,,,
0,FabT,False,0.0081361414,FabT,,
1,CovR-1,False,-0.007810731400000001,CovR,,
39,Transport-2,False,0.0069236448,,,
13,Phage_1-2,False,-0.0068783051,Phage_1,,
33,Galactose,False,-0.0067041882,,,
34,Transport-1,False,-0.006116595900000001,,,
22,Phage_2-2,False,0.0057282111,Phage_2,,
14,Unc_4,False,-0.0045628482000000005,,,
8,PyrR,False,0.0043396078,PyrR,,
16,NrdR,False,0.0043321661,NrdR,,
26,Mga,False,-0.0043241061,Mga,,
17,Unc_5,False,-0.004154253,,,
18,PurR,False,-0.0041304759000000005,PurR,,
30,Phage_3-1,False,-0.0040793718,Phage_3,,
9,MalR,False,0.003945975,MalR,,
2,Phage_1-1,False,-0.0039435349,Phage_1,,
24,Unc_8,False,0.0034021397,,,
37,Phage_3-2,False,-0.0025022951,Phage_3,,
35,YwzG,False,0.0024757691,YwzG,,
6,Rgg,False,-0.0014745673,Rgg,,
23,SLS,False,-0.0014143776,,,
31,Phage_2-3,False,-0.0007410515,Phage_2,,
28,CovR-2,False,-2.7525300000000002e-05,CovR,,
15,NanR,False,8.210700000000001e-06,NanR,,
