k,name,in_iM,gene_weight,regulator,function,category
30,Phage_3-1,True,0.10170039010000001,Phage_3,,
33,Galactose,False,0.0564242329,,,
18,PurR,False,-0.0422407611,PurR,,
23,SLS,False,0.040927796,,,
17,Unc_5,False,-0.0337735924,,,
15,NanR,False,-0.028815185400000002,NanR,,
12,VicR,False,-0.0276699681,VicR,,
8,PyrR,False,-0.0273545042,PyrR,,
6,Rgg,False,-0.0208343993,Rgg,,
21,CcpA-2,False,0.0204437162,CcpA,,
24,Unc_8,False,-0.0200222644,,,
31,Phage_2-3,False,0.0194155469,Phage_2,,
5,CcpA-1,False,-0.015981631700000002,CcpA,,
26,Mga,False,-0.0158287475,Mga,,
36,HrcA,False,-0.0148850861,HrcA,,
29,MalR2,False,-0.013525227,MalR2,,
10,Unc_2,False,0.0112524779,,,
14,Unc_4,False,0.010760057,,,
20,Unc_7,False,0.0103595298,,,
7,Phage_2-1,False,-0.0102083872,Phage_2,,
27,Unc_10,False,0.009301895900000001,,,
11,Unc_3,False,-0.0087537503,,,
41,SLO,False,0.0084559217,,,
25,Unc_9,False,0.0078957252,,,
2,Phage_1-1,False,-0.006764133,Phage_1,,
22,Phage_2-2,False,0.0063178579,Phage_2,,
3,Unc_1,False,0.0061914317000000005,,,
35,YwzG,False,-0.0061500026,YwzG,,
34,Transport-1,False,0.0059842035,,,
1,CovR-1,False,-0.0059734656,CovR,,
19,Unc_6,False,-0.005794294,,,
0,FabT,False,0.0052749217,FabT,,
37,Phage_3-2,False,-0.0042309896,Phage_3,,
9,MalR,False,0.0041029503,MalR,,
32,Unc_11,False,0.0040678059,,,
13,Phage_1-2,False,-0.0039054289,Phage_1,,
16,NrdR,False,0.0025109425,NrdR,,
4,GlnR,False,0.0023143374,GlnR,,
38,SpeB,False,-0.0016999124,,,
39,Transport-2,False,-0.0016017867,,,
28,CovR-2,False,0.0010139582,CovR,,
40,Unc_12,False,-0.0006428647000000001,,,
