k,name,in_iM,gene_weight,regulator,function,category
2,Phage_1-1,True,-0.0719875704,Phage_1,,
11,Unc_3,False,-0.0526581199,,,
37,Phage_3-2,False,-0.044677942000000005,Phage_3,,
31,Phage_2-3,False,0.0437894353,Phage_2,,
21,CcpA-2,False,-0.042612259900000005,CcpA,,
12,VicR,False,0.0412994236,VicR,,
39,Transport-2,False,0.040318507100000005,,,
20,Unc_7,False,-0.0388167304,,,
3,Unc_1,False,0.0348680419,,,
0,FabT,False,-0.0313783182,FabT,,
4,GlnR,False,0.0294166694,GlnR,,
18,PurR,False,-0.028802267500000003,PurR,,
25,Unc_9,False,-0.0274860097,,,
38,SpeB,False,-0.027341228300000003,,,
33,Galactose,False,0.026085670300000002,,,
26,Mga,False,-0.0252672455,Mga,,
28,CovR-2,False,-0.0241146216,CovR,,
30,Phage_3-1,False,0.0240609013,Phage_3,,
22,Phage_2-2,False,0.021814861,Phage_2,,
34,Transport-1,False,0.0193492709,,,
7,Phage_2-1,False,0.0183617849,Phage_2,,
40,Unc_12,False,-0.0176417253,,,
6,Rgg,False,-0.014491233800000001,Rgg,,
27,Unc_10,False,0.013299335,,,
32,Unc_11,False,0.0124834579,,,
41,SLO,False,-0.0102924369,,,
17,Unc_5,False,-0.010251466,,,
9,MalR,False,-0.0096314541,MalR,,
16,NrdR,False,0.009390562600000001,NrdR,,
8,PyrR,False,-0.0090968843,PyrR,,
1,CovR-1,False,-0.0084798689,CovR,,
23,SLS,False,-0.006349065,,,
13,Phage_1-2,False,-0.0058709431000000005,Phage_1,,
19,Unc_6,False,0.0058541751,,,
14,Unc_4,False,-0.0054976798,,,
24,Unc_8,False,0.0048391779,,,
29,MalR2,False,0.0047196569,MalR2,,
36,HrcA,False,-0.0036259243,HrcA,,
35,YwzG,False,-0.0031382128000000003,YwzG,,
15,NanR,False,-0.0012509785,NanR,,
5,CcpA-1,False,0.0008211420000000001,CcpA,,
10,Unc_2,False,0.0002440618,,,
