k,name,in_iM,gene_weight,regulator,function,category
13,Phage_1-2,True,-0.0830262709,Phage_1,,
2,Phage_1-1,True,0.0707340595,Phage_1,,
16,NrdR,False,0.0489606797,NrdR,,
7,Phage_2-1,False,-0.0368815464,Phage_2,,
10,Unc_2,False,-0.0359025782,,,
34,Transport-1,False,-0.0352417108,,,
26,Mga,False,-0.0351497262,Mga,,
29,MalR2,False,-0.0348910175,MalR2,,
39,Transport-2,False,0.032028015300000004,,,
35,YwzG,False,0.0318194331,YwzG,,
36,HrcA,False,-0.0299993567,HrcA,,
30,Phage_3-1,False,0.0279869757,Phage_3,,
3,Unc_1,False,0.026555673300000002,,,
32,Unc_11,False,-0.026459930200000002,,,
28,CovR-2,False,0.0202994713,CovR,,
18,PurR,False,-0.0196380177,PurR,,
38,SpeB,False,0.0175076222,,,
37,Phage_3-2,False,-0.0167139016,Phage_3,,
23,SLS,False,-0.0162477116,,,
22,Phage_2-2,False,-0.0151668897,Phage_2,,
40,Unc_12,False,-0.0149491232,,,
0,FabT,False,-0.0148584805,FabT,,
27,Unc_10,False,-0.0139565068,,,
33,Galactose,False,-0.013559717300000001,,,
9,MalR,False,0.0134680319,MalR,,
19,Unc_6,False,0.0133616736,,,
14,Unc_4,False,0.0125677232,,,
4,GlnR,False,-0.0112136884,GlnR,,
8,PyrR,False,0.0112109259,PyrR,,
41,SLO,False,-0.0103434696,,,
21,CcpA-2,False,-0.009916743,CcpA,,
11,Unc_3,False,0.008910401600000001,,,
6,Rgg,False,-0.00695906,Rgg,,
1,CovR-1,False,-0.005624590400000001,CovR,,
25,Unc_9,False,-0.0051787125,,,
12,VicR,False,-0.004290078100000001,VicR,,
5,CcpA-1,False,-0.0036639783,CcpA,,
15,NanR,False,0.0033084121,NanR,,
20,Unc_7,False,-0.0029767707,,,
17,Unc_5,False,-0.0029161822000000003,,,
24,Unc_8,False,0.0010750014,,,
31,Phage_2-3,False,0.0006740996,Phage_2,,
