k,name,in_iM,gene_weight,regulator,function,category
4,GlnR,True,0.2307882376,GlnR,,
16,NrdR,False,-0.038870752,NrdR,,
22,Phage_2-2,False,-0.033959174700000004,Phage_2,,
8,PyrR,False,0.0322392327,PyrR,,
7,Phage_2-1,False,-0.031166907400000003,Phage_2,,
37,Phage_3-2,False,0.0289276751,Phage_3,,
39,Transport-2,False,-0.0276410399,,,
18,PurR,False,-0.025911113000000003,PurR,,
25,Unc_9,False,-0.0250801043,,,
1,CovR-1,False,0.0248992086,CovR,,
15,NanR,False,0.0221329644,NanR,,
10,Unc_2,False,-0.022073590100000002,,,
26,Mga,False,-0.0199360159,Mga,,
27,Unc_10,False,-0.019699288000000002,,,
36,HrcA,False,0.018016812,HrcA,,
6,Rgg,False,0.0161757509,Rgg,,
0,FabT,False,0.016147623700000002,FabT,,
20,Unc_7,False,-0.0159412713,,,
41,SLO,False,0.0142773528,,,
29,MalR2,False,-0.0142399701,MalR2,,
40,Unc_12,False,-0.013896499900000001,,,
3,Unc_1,False,-0.0136251264,,,
24,Unc_8,False,-0.012725956600000001,,,
5,CcpA-1,False,-0.0112439315,CcpA,,
21,CcpA-2,False,-0.0108239864,CcpA,,
17,Unc_5,False,0.010502601,,,
14,Unc_4,False,-0.0102755302,,,
23,SLS,False,0.0093248158,,,
19,Unc_6,False,0.00877519,,,
2,Phage_1-1,False,-0.008277132100000001,Phage_1,,
28,CovR-2,False,-0.007888536600000001,CovR,,
38,SpeB,False,0.0063764372000000005,,,
11,Unc_3,False,0.0053525625000000005,,,
12,VicR,False,-0.0047128421000000005,VicR,,
9,MalR,False,-0.0047087007,MalR,,
35,YwzG,False,-0.0045420009,YwzG,,
32,Unc_11,False,-0.0041859172,,,
31,Phage_2-3,False,-0.0013171475,Phage_2,,
33,Galactose,False,-0.0013101703000000001,,,
13,Phage_1-2,False,-0.000449123,Phage_1,,
34,Transport-1,False,0.0004436412,,,
30,Phage_3-1,False,-0.0002254535,Phage_3,,
