k,name,in_iM,gene_weight,regulator,function,category
40,Unc_12,False,-0.043527738,,,
20,Unc_7,False,-0.0277467121,,,
10,Unc_2,False,0.0257220358,,,
35,YwzG,False,-0.0251088401,YwzG,,
15,NanR,False,0.0188871959,NanR,,
3,Unc_1,False,-0.0139406332,,,
5,CcpA-1,False,-0.0134864437,CcpA,,
23,SLS,False,0.013061748100000001,,,
36,HrcA,False,-0.012914319300000001,HrcA,,
32,Unc_11,False,0.0124000811,,,
14,Unc_4,False,0.0114552313,,,
21,CcpA-2,False,-0.011198442000000001,CcpA,,
30,Phage_3-1,False,-0.011006447800000001,Phage_3,,
16,NrdR,False,-0.010754951,NrdR,,
0,FabT,False,0.010599711000000001,FabT,,
31,Phage_2-3,False,-0.010578235600000001,Phage_2,,
17,Unc_5,False,0.0092874302,,,
11,Unc_3,False,-0.0092865712,,,
25,Unc_9,False,0.0083155328,,,
2,Phage_1-1,False,0.0081699189,Phage_1,,
18,PurR,False,-0.0078296009,PurR,,
9,MalR,False,-0.007092676500000001,MalR,,
34,Transport-1,False,-0.0069723346,,,
33,Galactose,False,0.0067226154000000005,,,
41,SLO,False,0.0057775534000000005,,,
13,Phage_1-2,False,-0.0054041824000000006,Phage_1,,
39,Transport-2,False,-0.0053413199000000005,,,
27,Unc_10,False,-0.0051609797,,,
6,Rgg,False,-0.0050467802,Rgg,,
38,SpeB,False,-0.0048945382,,,
29,MalR2,False,-0.0045047467,MalR2,,
37,Phage_3-2,False,0.0044457417,Phage_3,,
8,PyrR,False,0.0041936304,PyrR,,
12,VicR,False,0.0041432882,VicR,,
26,Mga,False,-0.0039717964,Mga,,
22,Phage_2-2,False,-0.0037772982,Phage_2,,
24,Unc_8,False,-0.0037239656000000003,,,
19,Unc_6,False,0.0036654792,,,
4,GlnR,False,0.0025390333,GlnR,,
28,CovR-2,False,0.0022040297,CovR,,
1,CovR-1,False,-0.0016965574000000001,CovR,,
7,Phage_2-1,False,0.0010603591000000001,Phage_2,,
