k,name,in_iM,gene_weight,regulator,function,category
15,NanR,False,-0.0234638398,NanR,,
16,NrdR,False,-0.021061896700000002,NrdR,,
36,HrcA,False,-0.0206593918,HrcA,,
26,Mga,False,-0.0186569399,Mga,,
4,GlnR,False,0.0177143663,GlnR,,
27,Unc_10,False,-0.017124586900000002,,,
6,Rgg,False,-0.0132210904,Rgg,,
39,Transport-2,False,-0.0123888912,,,
5,CcpA-1,False,-0.012158114000000001,CcpA,,
33,Galactose,False,0.011398832900000001,,,
24,Unc_8,False,0.010974431100000001,,,
25,Unc_9,False,-0.0103488633,,,
11,Unc_3,False,-0.0103402929,,,
12,VicR,False,-0.0101841371,VicR,,
18,PurR,False,0.009827609900000001,PurR,,
17,Unc_5,False,0.009535782000000001,,,
1,CovR-1,False,0.0065042728000000005,CovR,,
37,Phage_3-2,False,0.0059278983000000006,Phage_3,,
7,Phage_2-1,False,-0.0058502813,Phage_2,,
14,Unc_4,False,0.0057741905,,,
9,MalR,False,0.0055276046,MalR,,
30,Phage_3-1,False,0.0055174274,Phage_3,,
2,Phage_1-1,False,-0.005063378,Phage_1,,
32,Unc_11,False,0.0050189532000000005,,,
34,Transport-1,False,0.0047219476,,,
23,SLS,False,-0.0042405162,,,
8,PyrR,False,0.0036273917,PyrR,,
13,Phage_1-2,False,-0.0036178555000000003,Phage_1,,
40,Unc_12,False,0.0031867487,,,
21,CcpA-2,False,-0.0028706735,CcpA,,
0,FabT,False,0.0028461417,FabT,,
10,Unc_2,False,0.0028457197000000003,,,
20,Unc_7,False,0.0026461553,,,
35,YwzG,False,-0.0026312468,YwzG,,
19,Unc_6,False,-0.002461305,,,
29,MalR2,False,0.0020241115,MalR2,,
22,Phage_2-2,False,0.0018300327000000001,Phage_2,,
41,SLO,False,-0.0017815115000000001,,,
28,CovR-2,False,-0.0014685310000000001,CovR,,
31,Phage_2-3,False,0.000936548,Phage_2,,
38,SpeB,False,-0.0008454663,,,
3,Unc_1,False,-0.0003472972,,,
