k,name,in_iM,gene_weight,regulator,function,category
15,NanR,True,0.1289608287,NanR,,
25,Unc_9,False,-0.0681712938,,,
24,Unc_8,False,0.0486356035,,,
7,Phage_2-1,False,0.0375026321,Phage_2,,
5,CcpA-1,False,0.0344091871,CcpA,,
1,CovR-1,False,-0.028167380000000002,CovR,,
11,Unc_3,False,-0.0273309797,,,
30,Phage_3-1,False,0.0248183449,Phage_3,,
0,FabT,False,0.0210149134,FabT,,
8,PyrR,False,-0.020777829100000002,PyrR,,
26,Mga,False,0.018476894,Mga,,
10,Unc_2,False,-0.0172525008,,,
40,Unc_12,False,0.0159863924,,,
31,Phage_2-3,False,-0.0149540166,Phage_2,,
32,Unc_11,False,0.013871340800000001,,,
19,Unc_6,False,-0.0131361246,,,
4,GlnR,False,-0.012566811800000001,GlnR,,
14,Unc_4,False,0.0125097275,,,
41,SLO,False,-0.0124736779,,,
12,VicR,False,-0.0105529321,VicR,,
13,Phage_1-2,False,-0.010515903600000001,Phage_1,,
27,Unc_10,False,-0.0103773219,,,
16,NrdR,False,-0.010175749500000001,NrdR,,
18,PurR,False,0.009759274600000001,PurR,,
20,Unc_7,False,0.0087117555,,,
22,Phage_2-2,False,0.0070262177,Phage_2,,
28,CovR-2,False,0.006930740800000001,CovR,,
36,HrcA,False,0.0061482274,HrcA,,
3,Unc_1,False,-0.0060092825,,,
38,SpeB,False,-0.0057953721000000005,,,
34,Transport-1,False,0.0055769685000000005,,,
9,MalR,False,-0.00469993,MalR,,
6,Rgg,False,-0.0039469727,Rgg,,
2,Phage_1-1,False,0.0038995212,Phage_1,,
29,MalR2,False,0.0031124064,MalR2,,
17,Unc_5,False,0.0028478599,,,
35,YwzG,False,0.002703266,YwzG,,
21,CcpA-2,False,0.0018387841,CcpA,,
33,Galactose,False,-0.0010813993000000001,,,
39,Transport-2,False,-0.0006893711000000001,,,
37,Phage_3-2,False,-0.0006552822,Phage_3,,
23,SLS,False,-0.0002809781,,,
