k,name,in_iM,gene_weight,regulator,function,category
34,Transport-1,True,0.0745504167,,,
19,Unc_6,False,0.0698409941,,,
40,Unc_12,False,-0.0444551953,,,
18,PurR,False,0.0422690156,PurR,,
7,Phage_2-1,False,-0.0272174263,Phage_2,,
4,GlnR,False,0.025381127200000003,GlnR,,
12,VicR,False,-0.0231229313,VicR,,
11,Unc_3,False,0.019828580300000002,,,
33,Galactose,False,-0.016986547600000002,,,
0,FabT,False,0.0155595995,FabT,,
37,Phage_3-2,False,0.015283667800000001,Phage_3,,
39,Transport-2,False,0.0146536487,,,
20,Unc_7,False,0.0133974685,,,
1,CovR-1,False,-0.0125386461,CovR,,
35,YwzG,False,-0.0122817019,YwzG,,
36,HrcA,False,-0.012111255000000001,HrcA,,
25,Unc_9,False,0.012058232700000001,,,
13,Phage_1-2,False,-0.012050108,Phage_1,,
14,Unc_4,False,-0.0118130605,,,
8,PyrR,False,-0.0113697772,PyrR,,
21,CcpA-2,False,-0.0111935683,CcpA,,
31,Phage_2-3,False,0.0111378782,Phage_2,,
30,Phage_3-1,False,0.010618451800000001,Phage_3,,
27,Unc_10,False,-0.0094782871,,,
15,NanR,False,0.008263798000000001,NanR,,
22,Phage_2-2,False,0.0078846882,Phage_2,,
9,MalR,False,-0.007633118,MalR,,
6,Rgg,False,0.0074360097,Rgg,,
38,SpeB,False,0.0072451264,,,
24,Unc_8,False,-0.0064317572,,,
26,Mga,False,-0.0050208889,Mga,,
23,SLS,False,-0.0048029404000000005,,,
32,Unc_11,False,-0.0046641645,,,
28,CovR-2,False,-0.0040579159,CovR,,
5,CcpA-1,False,-0.0033775697,CcpA,,
41,SLO,False,-0.0032598485000000003,,,
10,Unc_2,False,0.0027563691000000003,,,
3,Unc_1,False,-0.0019658429,,,
16,NrdR,False,0.0016311102000000001,NrdR,,
2,Phage_1-1,False,0.0015757754,Phage_1,,
17,Unc_5,False,0.000878897,,,
29,MalR2,False,0.0004020313,MalR2,,
