k,name,in_iM,gene_weight,regulator,function,category
32,Unc_11,False,-0.0309888117,,,
5,CcpA-1,False,-0.0213611472,CcpA,,
41,SLO,False,0.019964870200000002,,,
4,GlnR,False,0.0197486137,GlnR,,
18,PurR,False,-0.0189669298,PurR,,
33,Galactose,False,-0.0157687377,,,
12,VicR,False,0.015083679800000001,VicR,,
24,Unc_8,False,-0.0129238135,,,
28,CovR-2,False,-0.0125696976,CovR,,
37,Phage_3-2,False,-0.011511771700000001,Phage_3,,
27,Unc_10,False,-0.0103338599,,,
25,Unc_9,False,0.009956341700000001,,,
10,Unc_2,False,-0.009686950100000001,,,
6,Rgg,False,-0.0090907907,Rgg,,
38,SpeB,False,-0.0090799855,,,
11,Unc_3,False,-0.0085484207,,,
13,Phage_1-2,False,-0.0080685335,Phage_1,,
0,FabT,False,-0.00790645,FabT,,
23,SLS,False,-0.0070764883,,,
1,CovR-1,False,-0.0070731351,CovR,,
7,Phage_2-1,False,-0.006983425200000001,Phage_2,,
36,HrcA,False,0.006727213,HrcA,,
20,Unc_7,False,-0.0060053293,,,
34,Transport-1,False,-0.005823809,,,
39,Transport-2,False,-0.0050578653000000005,,,
15,NanR,False,-0.0044017732,NanR,,
2,Phage_1-1,False,-0.004240617,Phage_1,,
19,Unc_6,False,0.004226877,,,
31,Phage_2-3,False,0.0038396413,Phage_2,,
16,NrdR,False,0.0035334403,NrdR,,
30,Phage_3-1,False,-0.0027234399,Phage_3,,
40,Unc_12,False,0.0026961264,,,
21,CcpA-2,False,0.0021473836,CcpA,,
3,Unc_1,False,0.002047338,,,
22,Phage_2-2,False,0.0018542399,Phage_2,,
14,Unc_4,False,-0.001749158,,,
9,MalR,False,-0.0016978353,MalR,,
29,MalR2,False,-0.0015195347000000001,MalR2,,
8,PyrR,False,-0.0011164196,PyrR,,
17,Unc_5,False,0.0010872389,,,
26,Mga,False,0.0009833413,Mga,,
35,YwzG,False,-0.0002774069,YwzG,,
