k,name,in_iM,gene_weight,regulator,function,category
15,NanR,False,0.0503668187,NanR,,
23,SLS,False,0.0327345617,,,
35,YwzG,False,0.0320736975,YwzG,,
39,Transport-2,False,0.0306753163,,,
14,Unc_4,False,-0.0278004159,,,
41,SLO,False,-0.0237209565,,,
4,GlnR,False,0.0228793342,GlnR,,
16,NrdR,False,-0.0226770453,NrdR,,
25,Unc_9,False,-0.0226231088,,,
7,Phage_2-1,False,0.0223716884,Phage_2,,
26,Mga,False,0.0196963466,Mga,,
33,Galactose,False,-0.019498740400000002,,,
28,CovR-2,False,0.018667777400000002,CovR,,
40,Unc_12,False,0.018454872900000002,,,
29,MalR2,False,-0.018032746000000002,MalR2,,
21,CcpA-2,False,0.016971094200000002,CcpA,,
1,CovR-1,False,-0.013789848700000001,CovR,,
5,CcpA-1,False,-0.0114486043,CcpA,,
32,Unc_11,False,-0.0104004135,,,
30,Phage_3-1,False,-0.0096892772,Phage_3,,
8,PyrR,False,-0.0095790417,PyrR,,
36,HrcA,False,-0.0093778815,HrcA,,
9,MalR,False,-0.0093588505,MalR,,
6,Rgg,False,-0.0083081968,Rgg,,
12,VicR,False,0.008253821,VicR,,
37,Phage_3-2,False,0.0079836801,Phage_3,,
24,Unc_8,False,-0.0074758764,,,
0,FabT,False,-0.0069205523000000005,FabT,,
31,Phage_2-3,False,-0.006349749500000001,Phage_2,,
27,Unc_10,False,-0.0060985867,,,
22,Phage_2-2,False,-0.0057945454,Phage_2,,
2,Phage_1-1,False,-0.0056840661,Phage_1,,
20,Unc_7,False,-0.0055706404,,,
17,Unc_5,False,-0.0047789354,,,
13,Phage_1-2,False,0.0044998658,Phage_1,,
18,PurR,False,0.0043556872000000005,PurR,,
19,Unc_6,False,0.00376741,,,
11,Unc_3,False,-0.0024726095,,,
34,Transport-1,False,0.0019993256,,,
10,Unc_2,False,-0.0019030777,,,
38,SpeB,False,0.0014594221,,,
3,Unc_1,False,0.0003724282,,,
