k,name,in_iM,gene_weight,regulator,function,category
15,NanR,False,0.0701008225,NanR,,
35,YwzG,False,0.047861809400000004,YwzG,,
32,Unc_11,False,-0.0378346528,,,
7,Phage_2-1,False,0.0370787823,Phage_2,,
20,Unc_7,False,0.03536636,,,
12,VicR,False,-0.030623601700000003,VicR,,
14,Unc_4,False,0.030573049300000002,,,
36,HrcA,False,-0.0294658998,HrcA,,
18,PurR,False,0.0274215026,PurR,,
33,Galactose,False,0.0263358643,,,
1,CovR-1,False,-0.025974012,CovR,,
34,Transport-1,False,-0.02485715,,,
26,Mga,False,0.022324355,Mga,,
10,Unc_2,False,-0.020842018,,,
8,PyrR,False,0.019712934300000002,PyrR,,
6,Rgg,False,0.0186719979,Rgg,,
9,MalR,False,-0.0186314199,MalR,,
16,NrdR,False,-0.0177943419,NrdR,,
5,CcpA-1,False,-0.0164236592,CcpA,,
22,Phage_2-2,False,-0.015937438300000002,Phage_2,,
24,Unc_8,False,-0.015902739000000003,,,
23,SLS,False,0.0155700709,,,
25,Unc_9,False,0.0148648561,,,
4,GlnR,False,-0.0136925437,GlnR,,
0,FabT,False,0.0114151914,FabT,,
40,Unc_12,False,0.0106694678,,,
38,SpeB,False,-0.0091712162,,,
28,CovR-2,False,0.0090975382,CovR,,
13,Phage_1-2,False,-0.008136717600000001,Phage_1,,
30,Phage_3-1,False,0.0080749444,Phage_3,,
29,MalR2,False,-0.0068358289,MalR2,,
17,Unc_5,False,-0.004935975,,,
31,Phage_2-3,False,0.0041578426,Phage_2,,
3,Unc_1,False,-0.0041105291,,,
39,Transport-2,False,0.0034554198,,,
27,Unc_10,False,-0.0033333056,,,
41,SLO,False,-0.0028615711000000003,,,
21,CcpA-2,False,-0.0027121686000000002,CcpA,,
37,Phage_3-2,False,-0.0024384651,Phage_3,,
19,Unc_6,False,0.0021609657,,,
11,Unc_3,False,-0.0019587518,,,
2,Phage_1-1,False,-0.0001792126,Phage_1,,
