k,name,in_iM,gene_weight,regulator,function,category
23,SLS,True,0.1593408212,,,
15,NanR,False,0.0593125876,NanR,,
1,CovR-1,False,0.0451273957,CovR,,
28,CovR-2,False,-0.0323863948,CovR,,
17,Unc_5,False,-0.0302916831,,,
14,Unc_4,False,-0.0260760831,,,
22,Phage_2-2,False,0.023629856100000003,Phage_2,,
18,PurR,False,-0.0185292519,PurR,,
30,Phage_3-1,False,-0.0180736025,Phage_3,,
20,Unc_7,False,-0.0180580081,,,
5,CcpA-1,False,0.0161781229,CcpA,,
16,NrdR,False,0.0131186658,NrdR,,
3,Unc_1,False,0.0128552593,,,
36,HrcA,False,-0.0125030087,HrcA,,
11,Unc_3,False,0.0123190016,,,
0,FabT,False,-0.0113293869,FabT,,
25,Unc_9,False,-0.0106968513,,,
41,SLO,False,-0.0093933783,,,
34,Transport-1,False,-0.0087270908,,,
31,Phage_2-3,False,-0.0082822709,Phage_2,,
29,MalR2,False,0.0076460582,MalR2,,
2,Phage_1-1,False,-0.0073045294,Phage_1,,
7,Phage_2-1,False,0.0065542889,Phage_2,,
38,SpeB,False,-0.0058659243,,,
24,Unc_8,False,-0.0056129505,,,
19,Unc_6,False,-0.0045746744,,,
39,Transport-2,False,-0.0041848776,,,
32,Unc_11,False,0.0041512914,,,
40,Unc_12,False,-0.0039652799,,,
8,PyrR,False,-0.0038354822,PyrR,,
12,VicR,False,0.0036112461000000003,VicR,,
6,Rgg,False,0.0030209739,Rgg,,
35,YwzG,False,-0.002852634,YwzG,,
26,Mga,False,-0.0025654176,Mga,,
13,Phage_1-2,False,-0.0021270978,Phage_1,,
10,Unc_2,False,0.002078201,,,
33,Galactose,False,0.0020401613,,,
21,CcpA-2,False,0.0006972138000000001,CcpA,,
9,MalR,False,0.0005974369,MalR,,
27,Unc_10,False,-0.0005585475,,,
37,Phage_3-2,False,0.0005448251,Phage_3,,
4,GlnR,False,-0.0003801583,GlnR,,
