k,name,in_iM,gene_weight,regulator,function,category
34,Transport-1,False,0.0581491144,,,
35,YwzG,False,0.023450525200000003,YwzG,,
19,Unc_6,False,0.020102116700000002,,,
29,MalR2,False,-0.0200756243,MalR2,,
5,CcpA-1,False,0.0190928604,CcpA,,
27,Unc_10,False,-0.017754331300000002,,,
23,SLS,False,-0.0174573177,,,
22,Phage_2-2,False,-0.0169762554,Phage_2,,
17,Unc_5,False,-0.0161914295,,,
8,PyrR,False,-0.015695576,PyrR,,
10,Unc_2,False,0.014903851800000001,,,
32,Unc_11,False,-0.0146942337,,,
20,Unc_7,False,-0.0145229538,,,
11,Unc_3,False,-0.0139894461,,,
4,GlnR,False,0.012299191400000001,GlnR,,
33,Galactose,False,-0.011801906000000001,,,
41,SLO,False,-0.010828901200000001,,,
1,CovR-1,False,-0.0105030789,CovR,,
6,Rgg,False,0.0092298117,Rgg,,
16,NrdR,False,0.0086178385,NrdR,,
9,MalR,False,-0.0083237689,MalR,,
18,PurR,False,-0.0078066888,PurR,,
2,Phage_1-1,False,-0.0077982507,Phage_1,,
37,Phage_3-2,False,-0.007697673,Phage_3,,
25,Unc_9,False,-0.0072051081000000005,,,
40,Unc_12,False,0.0070818871,,,
24,Unc_8,False,0.0061813477,,,
38,SpeB,False,-0.0057690548,,,
21,CcpA-2,False,0.0056518484,CcpA,,
39,Transport-2,False,0.0038730668,,,
26,Mga,False,0.0036314040000000004,Mga,,
3,Unc_1,False,-0.0035627782,,,
36,HrcA,False,0.0035082416000000003,HrcA,,
7,Phage_2-1,False,-0.0031168085,Phage_2,,
30,Phage_3-1,False,-0.0029620065000000003,Phage_3,,
0,FabT,False,-0.0019212545,FabT,,
13,Phage_1-2,False,0.0018946419000000002,Phage_1,,
31,Phage_2-3,False,-0.0017021690000000001,Phage_2,,
15,NanR,False,0.0012709622000000001,NanR,,
14,Unc_4,False,0.0008973516,,,
28,CovR-2,False,0.0006008955,CovR,,
12,VicR,False,0.000532102,VicR,,
