k,name,in_iM,gene_weight,regulator,function,category
32,Unc_11,False,0.028572326300000003,,,
18,PurR,False,-0.0229515273,PurR,,
11,Unc_3,False,-0.0210283243,,,
41,SLO,False,0.0199815363,,,
14,Unc_4,False,-0.0190795629,,,
20,Unc_7,False,0.0187502842,,,
4,GlnR,False,-0.0187352021,GlnR,,
16,NrdR,False,0.0176097828,NrdR,,
36,HrcA,False,0.0165610554,HrcA,,
37,Phage_3-2,False,0.0159588345,Phage_3,,
29,MalR2,False,0.015189993700000001,MalR2,,
8,PyrR,False,-0.0147986455,PyrR,,
25,Unc_9,False,-0.0139591942,,,
27,Unc_10,False,-0.0129184786,,,
5,CcpA-1,False,0.012796571500000001,CcpA,,
23,SLS,False,-0.012182956,,,
34,Transport-1,False,-0.011724151700000001,,,
40,Unc_12,False,-0.0114857537,,,
10,Unc_2,False,-0.0098558579,,,
28,CovR-2,False,-0.0071635867,CovR,,
19,Unc_6,False,0.0071055497,,,
12,VicR,False,-0.0066266158,VicR,,
22,Phage_2-2,False,0.0062847641000000004,Phage_2,,
39,Transport-2,False,-0.0059464803,,,
13,Phage_1-2,False,-0.0055663436,Phage_1,,
30,Phage_3-1,False,-0.0051012123000000005,Phage_3,,
15,NanR,False,-0.004207828,NanR,,
7,Phage_2-1,False,-0.0039717354,Phage_2,,
1,CovR-1,False,-0.0036283002,CovR,,
24,Unc_8,False,0.0033065779,,,
2,Phage_1-1,False,-0.0029612328,Phage_1,,
17,Unc_5,False,0.0026433501,,,
9,MalR,False,0.0023906332,MalR,,
26,Mga,False,0.0023084058,Mga,,
38,SpeB,False,0.0019205847000000002,,,
35,YwzG,False,-0.0016821346,YwzG,,
6,Rgg,False,0.0015487133,Rgg,,
3,Unc_1,False,-0.0012208223,,,
33,Galactose,False,-0.0011779606,,,
21,CcpA-2,False,0.0010714097,CcpA,,
0,FabT,False,-0.0009583497000000001,FabT,,
31,Phage_2-3,False,0.0005040551,Phage_2,,
