k,name,in_iM,gene_weight,regulator,function,category
10,Unc_2,False,0.0425008969,,,
27,Unc_10,False,0.0414422206,,,
28,CovR-2,False,0.0363966479,CovR,,
41,SLO,False,0.030275808100000003,,,
1,CovR-1,False,0.0298828816,CovR,,
25,Unc_9,False,0.026215658500000003,,,
23,SLS,False,0.021512155800000002,,,
12,VicR,False,0.020549361000000002,VicR,,
0,FabT,False,0.0169819335,FabT,,
4,GlnR,False,-0.0158793734,GlnR,,
17,Unc_5,False,-0.0132561781,,,
36,HrcA,False,0.0130516311,HrcA,,
16,NrdR,False,0.0106387663,NrdR,,
9,MalR,False,-0.0105007897,MalR,,
20,Unc_7,False,-0.0101059275,,,
8,PyrR,False,-0.0093296471,PyrR,,
18,PurR,False,-0.009030476,PurR,,
15,NanR,False,-0.0089363723,NanR,,
31,Phage_2-3,False,-0.0077394421000000005,Phage_2,,
5,CcpA-1,False,-0.0069804222,CcpA,,
22,Phage_2-2,False,-0.0068355611,Phage_2,,
34,Transport-1,False,0.0068147341,,,
26,Mga,False,-0.0064521752,Mga,,
11,Unc_3,False,0.0063286647,,,
40,Unc_12,False,0.006327834,,,
32,Unc_11,False,0.0061607475,,,
19,Unc_6,False,0.0060239891,,,
3,Unc_1,False,-0.0056469761,,,
13,Phage_1-2,False,-0.0055657872,Phage_1,,
29,MalR2,False,-0.0052168875000000005,MalR2,,
39,Transport-2,False,-0.004756424,,,
30,Phage_3-1,False,-0.0038919019,Phage_3,,
37,Phage_3-2,False,-0.0036147842000000003,Phage_3,,
14,Unc_4,False,-0.0035980866,,,
38,SpeB,False,-0.0035570942000000003,,,
6,Rgg,False,-0.0031301662000000003,Rgg,,
35,YwzG,False,-0.0028312802,YwzG,,
24,Unc_8,False,0.0026342336,,,
2,Phage_1-1,False,-0.0020844416,Phage_1,,
33,Galactose,False,-0.001987382,,,
7,Phage_2-1,False,0.0006518615000000001,Phage_2,,
21,CcpA-2,False,2.75852e-05,CcpA,,
