k,name,in_iM,gene_weight,regulator,function,category
32,Unc_11,False,0.0716528986,,,
34,Transport-1,False,-0.0386129246,,,
19,Unc_6,False,0.0370011073,,,
24,Unc_8,False,-0.034440075800000004,,,
10,Unc_2,False,0.0330677517,,,
3,Unc_1,False,-0.0277878577,,,
35,YwzG,False,0.024055575200000002,YwzG,,
5,CcpA-1,False,-0.023900026600000002,CcpA,,
14,Unc_4,False,-0.022822050700000002,,,
39,Transport-2,False,0.021663045500000002,,,
36,HrcA,False,0.0200562095,HrcA,,
37,Phage_3-2,False,0.0197946963,Phage_3,,
16,NrdR,False,-0.019747136000000002,NrdR,,
27,Unc_10,False,0.0196981989,,,
20,Unc_7,False,0.018234073700000002,,,
7,Phage_2-1,False,-0.0180190312,Phage_2,,
41,SLO,False,-0.0173283955,,,
9,MalR,False,-0.0169812501,MalR,,
40,Unc_12,False,0.0165078058,,,
11,Unc_3,False,-0.0161079299,,,
17,Unc_5,False,0.0127908971,,,
0,FabT,False,0.0127086699,FabT,,
28,CovR-2,False,0.0124798383,CovR,,
29,MalR2,False,0.0124265528,MalR2,,
12,VicR,False,-0.0117944421,VicR,,
26,Mga,False,0.0112479703,Mga,,
6,Rgg,False,0.0100084814,Rgg,,
22,Phage_2-2,False,0.009489932000000001,Phage_2,,
38,SpeB,False,-0.0091534834,,,
15,NanR,False,-0.0089237248,NanR,,
8,PyrR,False,0.0083378743,PyrR,,
23,SLS,False,0.0079507367,,,
33,Galactose,False,0.0075361554,,,
4,GlnR,False,0.0068439241,GlnR,,
21,CcpA-2,False,0.0059167842000000005,CcpA,,
2,Phage_1-1,False,0.0051013827000000005,Phage_1,,
25,Unc_9,False,-0.004357369000000001,,,
13,Phage_1-2,False,-0.0031418319,Phage_1,,
1,CovR-1,False,-0.0028125485,CovR,,
30,Phage_3-1,False,-0.0027331248000000002,Phage_3,,
31,Phage_2-3,False,-0.0007537917,Phage_2,,
18,PurR,False,-0.0004172611,PurR,,
