k,name,in_iM,gene_weight,regulator,function,category
32,Unc_11,False,0.044427041300000004,,,
10,Unc_2,False,0.0330849105,,,
25,Unc_9,False,-0.0233246686,,,
33,Galactose,False,-0.0228689721,,,
7,Phage_2-1,False,-0.021294104,Phage_2,,
9,MalR,False,0.0211069008,MalR,,
35,YwzG,False,-0.0208939913,YwzG,,
31,Phage_2-3,False,0.020562706400000002,Phage_2,,
5,CcpA-1,False,-0.020549794200000002,CcpA,,
11,Unc_3,False,0.0203977231,,,
19,Unc_6,False,0.0202504879,,,
12,VicR,False,-0.017744635,VicR,,
24,Unc_8,False,0.0168412301,,,
38,SpeB,False,0.0162808718,,,
21,CcpA-2,False,0.0149086993,CcpA,,
22,Phage_2-2,False,0.0128939519,Phage_2,,
20,Unc_7,False,0.0114055239,,,
2,Phage_1-1,False,-0.0111457191,Phage_1,,
14,Unc_4,False,-0.0103023552,,,
17,Unc_5,False,-0.0102431141,,,
28,CovR-2,False,0.0084511389,CovR,,
41,SLO,False,0.0082738857,,,
39,Transport-2,False,-0.0074856205,,,
34,Transport-1,False,-0.007470196,,,
4,GlnR,False,0.007358285500000001,GlnR,,
30,Phage_3-1,False,-0.0071173517,Phage_3,,
29,MalR2,False,-0.0069442009,MalR2,,
40,Unc_12,False,-0.0063830537,,,
1,CovR-1,False,-0.0060726353,CovR,,
18,PurR,False,0.0060513991,PurR,,
36,HrcA,False,0.0043631219,HrcA,,
37,Phage_3-2,False,-0.0033846724,Phage_3,,
6,Rgg,False,-0.0033154749,Rgg,,
23,SLS,False,-0.0033053647,,,
27,Unc_10,False,0.0029213966,,,
13,Phage_1-2,False,-0.0023754237,Phage_1,,
8,PyrR,False,0.0016712796000000001,PyrR,,
3,Unc_1,False,-0.0015722144,,,
16,NrdR,False,-0.0015182072,NrdR,,
15,NanR,False,0.0008655830000000001,NanR,,
26,Mga,False,0.0008611367,Mga,,
0,FabT,False,0.00021914770000000002,FabT,,
