k,name,in_iM,gene_weight,regulator,function,category
13,Phage_1-2,True,0.19674867740000002,Phage_1,,
36,HrcA,False,0.030009101000000003,HrcA,,
26,Mga,False,0.023989611600000002,Mga,,
29,MalR2,False,0.0209927694,MalR2,,
6,Rgg,False,0.0208487782,Rgg,,
20,Unc_7,False,-0.0195981596,,,
33,Galactose,False,-0.0184331795,,,
3,Unc_1,False,0.018278359,,,
41,SLO,False,0.0164540913,,,
11,Unc_3,False,-0.0164029348,,,
15,NanR,False,-0.0156119267,NanR,,
35,YwzG,False,-0.015150730000000001,YwzG,,
19,Unc_6,False,-0.014492597400000001,,,
18,PurR,False,0.0135419076,PurR,,
32,Unc_11,False,0.0129145176,,,
39,Transport-2,False,-0.0123851594,,,
12,VicR,False,0.0115830933,VicR,,
22,Phage_2-2,False,0.0106919392,Phage_2,,
10,Unc_2,False,0.0103076082,,,
31,Phage_2-3,False,0.0100876885,Phage_2,,
1,CovR-1,False,-0.009277846000000001,CovR,,
25,Unc_9,False,0.0091107401,,,
5,CcpA-1,False,-0.0090685488,CcpA,,
21,CcpA-2,False,0.0087027141,CcpA,,
4,GlnR,False,0.008614402200000001,GlnR,,
40,Unc_12,False,-0.0084924404,,,
24,Unc_8,False,0.0081954028,,,
8,PyrR,False,0.0076110103,PyrR,,
16,NrdR,False,0.0072953034000000005,NrdR,,
0,FabT,False,0.0069298081000000004,FabT,,
7,Phage_2-1,False,0.0066885445,Phage_2,,
2,Phage_1-1,False,-0.0058303209,Phage_1,,
14,Unc_4,False,-0.0054175016,,,
38,SpeB,False,-0.005364596,,,
34,Transport-1,False,0.0051225675,,,
17,Unc_5,False,0.0046551661,,,
30,Phage_3-1,False,0.0043184295,Phage_3,,
27,Unc_10,False,-0.003404897,,,
28,CovR-2,False,-0.0033757646,CovR,,
37,Phage_3-2,False,-0.0030747028,Phage_3,,
9,MalR,False,-0.001476403,MalR,,
23,SLS,False,0.0002410268,,,
