k,name,in_iM,gene_weight,regulator,function,category
14,Unc_4,False,0.0376096883,,,
35,YwzG,False,-0.0303994494,YwzG,,
32,Unc_11,False,-0.0256915306,,,
40,Unc_12,False,0.0214336103,,,
28,CovR-2,False,-0.0209535864,CovR,,
19,Unc_6,False,0.0188604316,,,
24,Unc_8,False,-0.0170190483,,,
27,Unc_10,False,-0.0164424829,,,
23,SLS,False,0.016027414,,,
20,Unc_7,False,0.0152919721,,,
34,Transport-1,False,-0.015289757900000001,,,
36,HrcA,False,-0.013761988800000001,HrcA,,
0,FabT,False,0.0132603702,FabT,,
5,CcpA-1,False,0.0109353629,CcpA,,
18,PurR,False,0.0099283711,PurR,,
30,Phage_3-1,False,-0.009910434800000001,Phage_3,,
12,VicR,False,-0.009223420900000001,VicR,,
16,NrdR,False,-0.0087267564,NrdR,,
11,Unc_3,False,0.008565409500000001,,,
3,Unc_1,False,-0.008346123700000001,,,
41,SLO,False,-0.0075569318000000005,,,
38,SpeB,False,-0.0073803841,,,
15,NanR,False,0.007298986,NanR,,
29,MalR2,False,-0.0070665236,MalR2,,
13,Phage_1-2,False,-0.0069094065000000005,Phage_1,,
4,GlnR,False,-0.0067889952,GlnR,,
39,Transport-2,False,0.0067630976,,,
6,Rgg,False,-0.0066024644,Rgg,,
33,Galactose,False,0.0065413795000000005,,,
37,Phage_3-2,False,-0.005119318800000001,Phage_3,,
7,Phage_2-1,False,-0.0048552234,Phage_2,,
17,Unc_5,False,0.0047226059,,,
10,Unc_2,False,0.0030954473,,,
21,CcpA-2,False,-0.0029438414,CcpA,,
9,MalR,False,0.0027683568000000003,MalR,,
26,Mga,False,-0.0025143503,Mga,,
25,Unc_9,False,0.0022980754000000003,,,
1,CovR-1,False,-0.0017708163,CovR,,
8,PyrR,False,0.0016426592000000002,PyrR,,
31,Phage_2-3,False,-0.00024205,Phage_2,,
2,Phage_1-1,False,0.00014613080000000001,Phage_1,,
22,Phage_2-2,False,-7.26815e-05,Phage_2,,
