k,name,in_iM,gene_weight,regulator,function,category
0,FabT,True,0.16028101720000001,FabT,,
17,Unc_5,False,0.0801552089,,,
34,Transport-1,False,0.049117118200000004,,,
20,Unc_7,False,0.0326017818,,,
8,PyrR,False,0.03075934,PyrR,,
36,HrcA,False,-0.029314870200000002,HrcA,,
27,Unc_10,False,0.028543374000000003,,,
39,Transport-2,False,-0.0281888456,,,
37,Phage_3-2,False,-0.020400388800000002,Phage_3,,
18,PurR,False,-0.0163568891,PurR,,
26,Mga,False,-0.0157855993,Mga,,
32,Unc_11,False,-0.0152390154,,,
15,NanR,False,0.0147821154,NanR,,
29,MalR2,False,0.014775917400000001,MalR2,,
11,Unc_3,False,-0.0129473408,,,
10,Unc_2,False,-0.0127573167,,,
3,Unc_1,False,-0.0125581714,,,
23,SLS,False,-0.0124839991,,,
5,CcpA-1,False,-0.0116934416,CcpA,,
7,Phage_2-1,False,0.011686258500000001,Phage_2,,
4,GlnR,False,-0.011502636600000001,GlnR,,
9,MalR,False,-0.0110582796,MalR,,
38,SpeB,False,-0.010855059700000001,,,
2,Phage_1-1,False,0.0106556104,Phage_1,,
12,VicR,False,0.0095115414,VicR,,
19,Unc_6,False,0.0081619445,,,
24,Unc_8,False,-0.0078091285,,,
13,Phage_1-2,False,-0.0076940799,Phage_1,,
40,Unc_12,False,0.0072956011,,,
1,CovR-1,False,-0.0070759545,CovR,,
6,Rgg,False,-0.006324067300000001,Rgg,,
14,Unc_4,False,-0.0059544791,,,
35,YwzG,False,-0.0047518011,YwzG,,
16,NrdR,False,0.004400338,NrdR,,
21,CcpA-2,False,0.0043078666,CcpA,,
28,CovR-2,False,-0.0043041735,CovR,,
22,Phage_2-2,False,-0.0037420149,Phage_2,,
31,Phage_2-3,False,-0.0033057178,Phage_2,,
30,Phage_3-1,False,-0.0030981990000000003,Phage_3,,
41,SLO,False,0.0019844264,,,
25,Unc_9,False,-0.0010882801,,,
33,Galactose,False,0.00020643080000000002,,,
