k,name,in_iM,gene_weight,regulator,function,category
4,GlnR,False,0.0499759735,GlnR,,
35,YwzG,False,0.032373553,YwzG,,
17,Unc_5,False,0.022003398900000002,,,
3,Unc_1,False,-0.0207907623,,,
23,SLS,False,-0.0203366668,,,
0,FabT,False,0.0192518903,FabT,,
16,NrdR,False,0.0168561287,NrdR,,
8,PyrR,False,-0.014081297900000001,PyrR,,
6,Rgg,False,-0.0131169829,Rgg,,
14,Unc_4,False,0.0124044068,,,
11,Unc_3,False,0.0123181201,,,
33,Galactose,False,0.0122857595,,,
9,MalR,False,-0.0108418218,MalR,,
34,Transport-1,False,-0.0107845657,,,
31,Phage_2-3,False,-0.010407676000000001,Phage_2,,
24,Unc_8,False,-0.0099479611,,,
2,Phage_1-1,False,0.0099305143,Phage_1,,
1,CovR-1,False,0.009908378300000001,CovR,,
5,CcpA-1,False,0.0098260783,CcpA,,
19,Unc_6,False,0.0091501581,,,
13,Phage_1-2,False,-0.0088595335,Phage_1,,
7,Phage_2-1,False,0.0074302497000000006,Phage_2,,
30,Phage_3-1,False,-0.0070974231,Phage_3,,
37,Phage_3-2,False,0.0061055227,Phage_3,,
32,Unc_11,False,-0.0057116008,,,
20,Unc_7,False,0.0049819317,,,
15,NanR,False,-0.0048833977,NanR,,
12,VicR,False,-0.004500375,VicR,,
26,Mga,False,-0.0044804960000000005,Mga,,
25,Unc_9,False,-0.00382358,,,
21,CcpA-2,False,0.0036994737000000002,CcpA,,
18,PurR,False,0.0032838262,PurR,,
40,Unc_12,False,-0.0027864264,,,
36,HrcA,False,0.0023405665000000003,HrcA,,
38,SpeB,False,-0.0023354428,,,
10,Unc_2,False,-0.0010923256,,,
29,MalR2,False,-0.0010867633,MalR2,,
39,Transport-2,False,0.0010624358,,,
22,Phage_2-2,False,-0.0007897969,Phage_2,,
28,CovR-2,False,0.000428548,CovR,,
27,Unc_10,False,-0.0003578329,,,
41,SLO,False,-4.2729300000000004e-05,,,
