k,name,in_iM,gene_weight,regulator,function,category
20,Unc_7,False,-0.021407073000000002,,,
27,Unc_10,False,-0.0210633642,,,
35,YwzG,False,-0.018317366800000002,YwzG,,
22,Phage_2-2,False,-0.0164461009,Phage_2,,
8,PyrR,False,-0.0145090329,PyrR,,
9,MalR,False,-0.0140793403,MalR,,
34,Transport-1,False,-0.0110569071,,,
5,CcpA-1,False,-0.010831005900000001,CcpA,,
38,SpeB,False,-0.0104922101,,,
37,Phage_3-2,False,-0.0104534699,Phage_3,,
39,Transport-2,False,0.0103580645,,,
11,Unc_3,False,-0.0100321756,,,
10,Unc_2,False,-0.009894039,,,
23,SLS,False,-0.008367527500000001,,,
30,Phage_3-1,False,-0.0083158665,Phage_3,,
4,GlnR,False,-0.0081921871,GlnR,,
17,Unc_5,False,0.0070954595,,,
29,MalR2,False,-0.0068806945,MalR2,,
33,Galactose,False,-0.006650365,,,
32,Unc_11,False,-0.0065592315,,,
7,Phage_2-1,False,0.0064785871000000005,Phage_2,,
24,Unc_8,False,-0.0061492637,,,
31,Phage_2-3,False,-0.005696568700000001,Phage_2,,
40,Unc_12,False,0.0056433919,,,
16,NrdR,False,-0.0056433639,NrdR,,
41,SLO,False,-0.0053858834,,,
25,Unc_9,False,0.005094102200000001,,,
19,Unc_6,False,-0.004834057,,,
12,VicR,False,-0.0043614101,VicR,,
18,PurR,False,0.0041949227,PurR,,
26,Mga,False,0.0041158006,Mga,,
3,Unc_1,False,-0.0036536505,,,
2,Phage_1-1,False,-0.0028244559,Phage_1,,
0,FabT,False,-0.002803662,FabT,,
13,Phage_1-2,False,-0.002031064,Phage_1,,
28,CovR-2,False,-0.0013712148,CovR,,
14,Unc_4,False,0.0012777407,,,
21,CcpA-2,False,-0.0011900678,CcpA,,
1,CovR-1,False,-0.0007223181,CovR,,
36,HrcA,False,0.0006743956,HrcA,,
6,Rgg,False,-0.0002253558,Rgg,,
15,NanR,False,6.66953e-05,NanR,,
