k,name,in_iM,gene_weight,regulator,function,category
34,Transport-1,True,0.1276473264,,,
39,Transport-2,False,-0.0557544507,,,
37,Phage_3-2,False,-0.0392402685,Phage_3,,
23,SLS,False,-0.0382944105,,,
5,CcpA-1,False,-0.0366951505,CcpA,,
26,Mga,False,-0.0332642963,Mga,,
36,HrcA,False,0.0327885391,HrcA,,
20,Unc_7,False,0.0321435276,,,
14,Unc_4,False,0.0314702287,,,
18,PurR,False,-0.028364532,PurR,,
17,Unc_5,False,0.0276159375,,,
30,Phage_3-1,False,-0.025059244600000002,Phage_3,,
31,Phage_2-3,False,-0.0207147318,Phage_2,,
11,Unc_3,False,0.0203841186,,,
32,Unc_11,False,-0.018476576300000002,,,
1,CovR-1,False,-0.0164092988,CovR,,
9,MalR,False,-0.0156996147,MalR,,
16,NrdR,False,-0.0153214596,NrdR,,
29,MalR2,False,-0.0141955133,MalR2,,
40,Unc_12,False,0.012893352700000001,,,
25,Unc_9,False,0.0121696567,,,
35,YwzG,False,-0.011920519400000001,YwzG,,
41,SLO,False,-0.0111030867,,,
7,Phage_2-1,False,-0.010169605200000001,Phage_2,,
15,NanR,False,0.0086583241,NanR,,
33,Galactose,False,-0.0084283848,,,
12,VicR,False,-0.0073529248000000005,VicR,,
6,Rgg,False,0.0071013045,Rgg,,
2,Phage_1-1,False,0.0068879146,Phage_1,,
10,Unc_2,False,-0.0058166563000000004,,,
21,CcpA-2,False,0.0054528209000000005,CcpA,,
22,Phage_2-2,False,-0.0042315272,Phage_2,,
19,Unc_6,False,-0.0041831818000000005,,,
8,PyrR,False,0.0038690227,PyrR,,
38,SpeB,False,-0.0032947893000000003,,,
28,CovR-2,False,-0.0028070059000000003,CovR,,
0,FabT,False,-0.0018118854,FabT,,
4,GlnR,False,0.0015162012,GlnR,,
27,Unc_10,False,-0.0013968233,,,
24,Unc_8,False,0.0005220402,,,
3,Unc_1,False,-0.00037130290000000004,,,
13,Phage_1-2,False,-0.0002229397,Phage_1,,
