k,name,in_iM,gene_weight,regulator,function,category
27,Unc_10,False,-0.0286057321,,,
35,YwzG,False,0.0203410277,YwzG,,
40,Unc_12,False,0.017420142200000002,,,
24,Unc_8,False,0.0166094714,,,
10,Unc_2,False,-0.0159608663,,,
19,Unc_6,False,0.0154828733,,,
33,Galactose,False,-0.0151162086,,,
16,NrdR,False,0.0145608731,NrdR,,
14,Unc_4,False,-0.014087086,,,
11,Unc_3,False,-0.0127728492,,,
37,Phage_3-2,False,0.011814255800000001,Phage_3,,
29,MalR2,False,0.0109664437,MalR2,,
1,CovR-1,False,-0.0098027962,CovR,,
39,Transport-2,False,-0.0096419724,,,
9,MalR,False,-0.0095639108,MalR,,
31,Phage_2-3,False,-0.008688708100000001,Phage_2,,
3,Unc_1,False,-0.0080936459,,,
12,VicR,False,-0.0080162459,VicR,,
18,PurR,False,-0.0070770602000000005,PurR,,
17,Unc_5,False,0.007023120900000001,,,
32,Unc_11,False,-0.0069846945,,,
22,Phage_2-2,False,0.0055364812,Phage_2,,
41,SLO,False,-0.005331893900000001,,,
34,Transport-1,False,0.0045715958,,,
7,Phage_2-1,False,-0.0045529749,Phage_2,,
20,Unc_7,False,0.0045201049,,,
25,Unc_9,False,-0.004278003,,,
4,GlnR,False,0.0038900359000000003,GlnR,,
21,CcpA-2,False,0.0038792168000000003,CcpA,,
13,Phage_1-2,False,-0.0038653407000000003,Phage_1,,
23,SLS,False,-0.0035137014000000003,,,
8,PyrR,False,-0.0033962459000000003,PyrR,,
2,Phage_1-1,False,-0.0032933742,Phage_1,,
5,CcpA-1,False,-0.0031282941000000002,CcpA,,
30,Phage_3-1,False,-0.0028595348000000002,Phage_3,,
0,FabT,False,-0.0021860079,FabT,,
38,SpeB,False,-0.0012863571,,,
6,Rgg,False,-0.0012446809,Rgg,,
28,CovR-2,False,0.0007266378,CovR,,
36,HrcA,False,0.0005530779,HrcA,,
26,Mga,False,0.0001415918,Mga,,
15,NanR,False,7.168510000000001e-05,NanR,,
