k,name,in_iM,gene_weight,regulator,function,category
17,Unc_5,False,0.0453919091,,,
27,Unc_10,False,-0.0409619262,,,
24,Unc_8,False,-0.035420872900000004,,,
34,Transport-1,False,-0.0310862745,,,
4,GlnR,False,-0.029478804400000003,GlnR,,
5,CcpA-1,False,0.0252306875,CcpA,,
26,Mga,False,-0.0221075775,Mga,,
32,Unc_11,False,-0.0177832477,,,
31,Phage_2-3,False,-0.0174653331,Phage_2,,
25,Unc_9,False,-0.015203452800000001,,,
30,Phage_3-1,False,-0.013931803000000001,Phage_3,,
11,Unc_3,False,-0.013872490500000001,,,
22,Phage_2-2,False,0.013337082600000001,Phage_2,,
38,SpeB,False,-0.0128934292,,,
12,VicR,False,-0.0121073086,VicR,,
39,Transport-2,False,-0.0109230786,,,
10,Unc_2,False,0.009911087800000001,,,
3,Unc_1,False,-0.009817818800000001,,,
29,MalR2,False,0.0094048579,MalR2,,
2,Phage_1-1,False,0.0085157366,Phage_1,,
19,Unc_6,False,-0.0073818128,,,
35,YwzG,False,0.0073284654,YwzG,,
14,Unc_4,False,-0.007094234400000001,,,
13,Phage_1-2,False,-0.0055515436,Phage_1,,
9,MalR,False,-0.005340176,MalR,,
1,CovR-1,False,0.0052077011,CovR,,
33,Galactose,False,-0.0049992195,,,
15,NanR,False,-0.0048671275,NanR,,
20,Unc_7,False,-0.004800203,,,
8,PyrR,False,-0.0043201476,PyrR,,
6,Rgg,False,0.0042429283000000005,Rgg,,
0,FabT,False,0.0041293993,FabT,,
40,Unc_12,False,-0.0039342549,,,
21,CcpA-2,False,-0.0028734283,CcpA,,
16,NrdR,False,0.0027051468,NrdR,,
18,PurR,False,0.0014239183,PurR,,
37,Phage_3-2,False,0.0013385435000000002,Phage_3,,
28,CovR-2,False,0.0011820718,CovR,,
7,Phage_2-1,False,-0.0011566585,Phage_2,,
23,SLS,False,0.0006454261,,,
41,SLO,False,-0.0006050625,,,
36,HrcA,False,-0.00016123020000000001,HrcA,,
