k,name,in_iM,gene_weight,regulator,function,category
10,Unc_2,False,0.0422357932,,,
40,Unc_12,False,-0.038751286100000004,,,
5,CcpA-1,False,0.025931187300000002,CcpA,,
11,Unc_3,False,-0.0248926049,,,
17,Unc_5,False,0.0247159975,,,
25,Unc_9,False,-0.0237227261,,,
33,Galactose,False,0.0190419257,,,
18,PurR,False,-0.0175731369,PurR,,
14,Unc_4,False,-0.0165995692,,,
12,VicR,False,-0.016541059,VicR,,
15,NanR,False,-0.0165312598,NanR,,
8,PyrR,False,-0.0162676265,PyrR,,
22,Phage_2-2,False,-0.0159199844,Phage_2,,
3,Unc_1,False,-0.0159065455,,,
38,SpeB,False,0.0116818993,,,
41,SLO,False,-0.0113599272,,,
20,Unc_7,False,-0.0111487112,,,
16,NrdR,False,0.0106558185,NrdR,,
31,Phage_2-3,False,-0.010296412500000001,Phage_2,,
26,Mga,False,-0.0092212934,Mga,,
0,FabT,False,0.0089364183,FabT,,
24,Unc_8,False,-0.00683489,,,
30,Phage_3-1,False,-0.0062282657,Phage_3,,
23,SLS,False,-0.0062103435,,,
34,Transport-1,False,-0.0056841386,,,
7,Phage_2-1,False,0.005366568,Phage_2,,
21,CcpA-2,False,-0.0052514922,CcpA,,
36,HrcA,False,0.005234733,HrcA,,
37,Phage_3-2,False,0.0043481739,Phage_3,,
29,MalR2,False,0.0041844228,MalR2,,
4,GlnR,False,-0.0037302879,GlnR,,
35,YwzG,False,-0.0029889334,YwzG,,
19,Unc_6,False,0.0024243748000000002,,,
2,Phage_1-1,False,0.0019576331,Phage_1,,
28,CovR-2,False,-0.0017621017,CovR,,
13,Phage_1-2,False,-0.0015781028000000001,Phage_1,,
1,CovR-1,False,0.0015331222000000001,CovR,,
9,MalR,False,-0.0011125482,MalR,,
6,Rgg,False,0.0009391848000000001,Rgg,,
32,Unc_11,False,-0.0007295651,,,
27,Unc_10,False,-0.0005847599,,,
39,Transport-2,False,-0.0002767506,,,
