k,name,in_iM,gene_weight,regulator,function,category
35,YwzG,False,-0.0318792849,YwzG,,
19,Unc_6,False,-0.029248658,,,
6,Rgg,False,-0.0249732849,Rgg,,
11,Unc_3,False,-0.0243193033,,,
24,Unc_8,False,-0.0230274635,,,
16,NrdR,False,-0.022254011400000002,NrdR,,
4,GlnR,False,0.021757474500000002,GlnR,,
33,Galactose,False,0.019582066800000002,,,
17,Unc_5,False,0.0191797512,,,
34,Transport-1,False,-0.0188599069,,,
26,Mga,False,-0.017896314400000002,Mga,,
37,Phage_3-2,False,-0.0157924947,Phage_3,,
22,Phage_2-2,False,0.015615097100000001,Phage_2,,
40,Unc_12,False,-0.0147830135,,,
0,FabT,False,-0.014709378700000001,FabT,,
21,CcpA-2,False,-0.012247138900000001,CcpA,,
28,CovR-2,False,-0.0097616284,CovR,,
9,MalR,False,0.0090582644,MalR,,
10,Unc_2,False,-0.0087993434,,,
1,CovR-1,False,0.0083967009,CovR,,
32,Unc_11,False,-0.0079390929,,,
8,PyrR,False,-0.0078561758,PyrR,,
2,Phage_1-1,False,-0.0076356699,Phage_1,,
5,CcpA-1,False,0.0075513876,CcpA,,
7,Phage_2-1,False,-0.007314663000000001,Phage_2,,
39,Transport-2,False,0.0062252049000000005,,,
13,Phage_1-2,False,-0.0060928407,Phage_1,,
25,Unc_9,False,-0.0056147738,,,
23,SLS,False,-0.0052697743,,,
31,Phage_2-3,False,-0.0051695057,Phage_2,,
14,Unc_4,False,0.0051090269,,,
12,VicR,False,-0.0050932256,VicR,,
41,SLO,False,0.0045657076,,,
27,Unc_10,False,-0.0039465275,,,
30,Phage_3-1,False,0.003667266,Phage_3,,
15,NanR,False,0.0027866805000000003,NanR,,
18,PurR,False,-0.0022412925,PurR,,
20,Unc_7,False,0.0017143249,,,
29,MalR2,False,-0.0016613762,MalR2,,
38,SpeB,False,-0.0016011347,,,
36,HrcA,False,-0.0013438064,HrcA,,
3,Unc_1,False,0.0005500113,,,
