k,name,in_iM,gene_weight,regulator,function,category
11,Unc_3,False,-0.0381958957,,,
17,Unc_5,False,0.0193944169,,,
0,FabT,False,0.0192274785,FabT,,
4,GlnR,False,-0.017883666700000002,GlnR,,
32,Unc_11,False,-0.0168931875,,,
26,Mga,False,-0.0131243981,Mga,,
18,PurR,False,-0.010407718100000001,PurR,,
23,SLS,False,-0.0103182333,,,
6,Rgg,False,-0.009778952300000001,Rgg,,
36,HrcA,False,-0.0096013829,HrcA,,
3,Unc_1,False,-0.009129625300000001,,,
5,CcpA-1,False,0.0080164367,CcpA,,
41,SLO,False,-0.0078921993,,,
20,Unc_7,False,-0.0078821357,,,
24,Unc_8,False,0.0072942472,,,
15,NanR,False,0.0072753403000000005,NanR,,
37,Phage_3-2,False,0.0069524311,Phage_3,,
22,Phage_2-2,False,-0.0067302867,Phage_2,,
1,CovR-1,False,-0.006594482400000001,CovR,,
27,Unc_10,False,-0.006499223100000001,,,
9,MalR,False,0.0059725979,MalR,,
30,Phage_3-1,False,-0.0055835629,Phage_3,,
16,NrdR,False,-0.0055311309,NrdR,,
28,CovR-2,False,-0.0053752017,CovR,,
10,Unc_2,False,0.0042372628,,,
39,Transport-2,False,-0.0041086314,,,
12,VicR,False,-0.0037266779,VicR,,
34,Transport-1,False,-0.0037153978000000003,,,
31,Phage_2-3,False,-0.0035002684,Phage_2,,
19,Unc_6,False,-0.0027364701,,,
40,Unc_12,False,0.0021994339,,,
25,Unc_9,False,0.0016592563000000001,,,
29,MalR2,False,-0.0015096829000000001,MalR2,,
38,SpeB,False,-0.0014880664,,,
21,CcpA-2,False,0.0014644138,CcpA,,
7,Phage_2-1,False,-0.0013933102,Phage_2,,
2,Phage_1-1,False,0.0008958542,Phage_1,,
33,Galactose,False,0.0005692791,,,
8,PyrR,False,-0.0005552099000000001,PyrR,,
13,Phage_1-2,False,-0.0003203996,Phage_1,,
35,YwzG,False,-0.0001897384,YwzG,,
14,Unc_4,False,-0.0001663085,,,
