k,name,in_iM,gene_weight,regulator,function,category
40,Unc_12,False,-0.0388170679,,,
15,NanR,False,-0.031486087,NanR,,
25,Unc_9,False,-0.027390912700000002,,,
10,Unc_2,False,-0.0188986731,,,
20,Unc_7,False,-0.017584326100000002,,,
27,Unc_10,False,0.0166728318,,,
34,Transport-1,False,-0.0157070149,,,
0,FabT,False,0.015439835700000001,FabT,,
14,Unc_4,False,-0.013678077200000001,,,
12,VicR,False,-0.0134246667,VicR,,
32,Unc_11,False,0.013376721900000001,,,
41,SLO,False,-0.012162863000000001,,,
36,HrcA,False,-0.010650052,HrcA,,
37,Phage_3-2,False,0.010058632500000001,Phage_3,,
4,GlnR,False,-0.008841564000000001,GlnR,,
19,Unc_6,False,0.0084991149,,,
22,Phage_2-2,False,0.0071509503,Phage_2,,
35,YwzG,False,0.006635607500000001,YwzG,,
33,Galactose,False,-0.0066168863,,,
38,SpeB,False,0.0065435877,,,
7,Phage_2-1,False,-0.0064380681,Phage_2,,
29,MalR2,False,0.0062913222,MalR2,,
31,Phage_2-3,False,0.0061222457,Phage_2,,
13,Phage_1-2,False,-0.005833855000000001,Phage_1,,
28,CovR-2,False,0.0051199092,CovR,,
21,CcpA-2,False,0.0047396499,CcpA,,
30,Phage_3-1,False,-0.0045598677,Phage_3,,
3,Unc_1,False,-0.0042165925000000005,,,
8,PyrR,False,-0.0035723318,PyrR,,
9,MalR,False,0.0034837223,MalR,,
5,CcpA-1,False,-0.0025969835,CcpA,,
17,Unc_5,False,0.0020543119,,,
24,Unc_8,False,-0.0019232134000000001,,,
11,Unc_3,False,0.0016352638000000001,,,
23,SLS,False,-0.0014299349,,,
16,NrdR,False,0.0012281150000000001,NrdR,,
2,Phage_1-1,False,-0.0009957147,Phage_1,,
26,Mga,False,0.000708043,Mga,,
1,CovR-1,False,-0.0006455138000000001,CovR,,
6,Rgg,False,-0.0006154201,Rgg,,
39,Transport-2,False,0.0002990221,,,
18,PurR,False,-0.0001602613,PurR,,
