k,name,in_iM,gene_weight,regulator,function,category
17,Unc_5,False,0.0369049611,,,
20,Unc_7,False,-0.028052394300000002,,,
24,Unc_8,False,0.0241311716,,,
29,MalR2,False,-0.0236099039,MalR2,,
33,Galactose,False,0.023376722200000002,,,
1,CovR-1,False,0.023072803500000003,CovR,,
19,Unc_6,False,-0.0214719762,,,
2,Phage_1-1,False,-0.0198599655,Phage_1,,
39,Transport-2,False,0.019259821700000002,,,
26,Mga,False,-0.0188265333,Mga,,
16,NrdR,False,-0.0172804875,NrdR,,
4,GlnR,False,0.0165538538,GlnR,,
21,CcpA-2,False,-0.0159064935,CcpA,,
0,FabT,False,0.0149378,FabT,,
32,Unc_11,False,-0.014627018700000001,,,
12,VicR,False,-0.014493404500000001,VicR,,
31,Phage_2-3,False,0.0138273749,Phage_2,,
6,Rgg,False,0.013588150200000001,Rgg,,
36,HrcA,False,0.012686724000000002,HrcA,,
27,Unc_10,False,-0.011193507200000001,,,
7,Phage_2-1,False,-0.0109436828,Phage_2,,
11,Unc_3,False,-0.010940778200000001,,,
3,Unc_1,False,-0.0088613981,,,
14,Unc_4,False,0.0085664798,,,
18,PurR,False,-0.0073961264,PurR,,
38,SpeB,False,0.0067196119,,,
40,Unc_12,False,0.0065799103,,,
34,Transport-1,False,-0.0057996339,,,
30,Phage_3-1,False,0.0056089051000000004,Phage_3,,
28,CovR-2,False,0.0046302885,CovR,,
13,Phage_1-2,False,-0.0046243414,Phage_1,,
8,PyrR,False,-0.0044376772,PyrR,,
10,Unc_2,False,0.0043917262,,,
9,MalR,False,-0.0038544767,MalR,,
25,Unc_9,False,0.0031112964,,,
23,SLS,False,0.0030134029,,,
35,YwzG,False,0.0027320256,YwzG,,
22,Phage_2-2,False,0.0026692082000000002,Phage_2,,
15,NanR,False,0.0022209127,NanR,,
5,CcpA-1,False,-0.0012783026,CcpA,,
37,Phage_3-2,False,0.0008163942,Phage_3,,
41,SLO,False,-0.0003487342,,,
