k,name,in_iM,gene_weight,regulator,function,category
7,Phage_2-1,True,-0.092925009,Phage_2,,
29,MalR2,False,-0.0459044542,MalR2,,
33,Galactose,False,0.0415415929,,,
26,Mga,False,-0.0410080636,Mga,,
39,Transport-2,False,-0.037838633,,,
1,CovR-1,False,0.0376750113,CovR,,
41,SLO,False,0.0364083266,,,
14,Unc_4,False,-0.0290750106,,,
40,Unc_12,False,0.0286972921,,,
24,Unc_8,False,-0.028171580800000002,,,
34,Transport-1,False,-0.027810075,,,
4,GlnR,False,-0.027036192,GlnR,,
11,Unc_3,False,0.0230882196,,,
35,YwzG,False,0.0217076743,YwzG,,
27,Unc_10,False,0.0206722085,,,
19,Unc_6,False,0.0200364235,,,
6,Rgg,False,0.018804948800000002,Rgg,,
38,SpeB,False,0.0182647161,,,
15,NanR,False,0.017579311400000002,NanR,,
10,Unc_2,False,-0.0168799063,,,
28,CovR-2,False,-0.0168644137,CovR,,
8,PyrR,False,0.0155676608,PyrR,,
5,CcpA-1,False,0.015365386100000001,CcpA,,
18,PurR,False,-0.0136447723,PurR,,
23,SLS,False,0.0108776431,,,
9,MalR,False,0.010791498600000001,MalR,,
21,CcpA-2,False,-0.010505810800000001,CcpA,,
36,HrcA,False,0.0094137703,HrcA,,
25,Unc_9,False,0.008797148900000001,,,
12,VicR,False,-0.0083608944,VicR,,
13,Phage_1-2,False,0.0077420694,Phage_1,,
16,NrdR,False,0.00652721,NrdR,,
32,Unc_11,False,-0.0058470592,,,
3,Unc_1,False,-0.0037225761,,,
20,Unc_7,False,-0.0028761431000000003,,,
2,Phage_1-1,False,-0.0027023368,Phage_1,,
37,Phage_3-2,False,0.0023658046,Phage_3,,
30,Phage_3-1,False,-0.0019578453000000003,Phage_3,,
17,Unc_5,False,0.0013870113,,,
31,Phage_2-3,False,0.0006250152,Phage_2,,
22,Phage_2-2,False,-0.0004011061,Phage_2,,
0,FabT,False,0.0003323242,FabT,,
