k,name,in_iM,gene_weight,regulator,function,category
32,Unc_11,False,-0.027073929700000002,,,
22,Phage_2-2,False,-0.0237955839,Phage_2,,
41,SLO,False,0.0226585551,,,
25,Unc_9,False,-0.022362974900000002,,,
3,Unc_1,False,-0.021846467,,,
36,HrcA,False,-0.0203493068,HrcA,,
27,Unc_10,False,-0.0178809892,,,
29,MalR2,False,-0.0164014706,MalR2,,
35,YwzG,False,0.0163169791,YwzG,,
15,NanR,False,0.014161592700000001,NanR,,
9,MalR,False,0.0140497728,MalR,,
37,Phage_3-2,False,-0.0135296958,Phage_3,,
24,Unc_8,False,-0.0121130861,,,
8,PyrR,False,0.0117708285,PyrR,,
21,CcpA-2,False,-0.0108054517,CcpA,,
33,Galactose,False,0.0098271088,,,
4,GlnR,False,-0.0092081954,GlnR,,
7,Phage_2-1,False,0.0074556622,Phage_2,,
6,Rgg,False,-0.0074331147,Rgg,,
40,Unc_12,False,0.0073378341,,,
31,Phage_2-3,False,-0.0069042721,Phage_2,,
17,Unc_5,False,0.006715836100000001,,,
18,PurR,False,0.005978645,PurR,,
20,Unc_7,False,0.005542745500000001,,,
30,Phage_3-1,False,-0.0055356026,Phage_3,,
12,VicR,False,-0.0051854380000000005,VicR,,
19,Unc_6,False,-0.0037141723,,,
13,Phage_1-2,False,-0.0036609377,Phage_1,,
10,Unc_2,False,0.0035942645,,,
26,Mga,False,0.0028807726,Mga,,
5,CcpA-1,False,0.0028642816,CcpA,,
11,Unc_3,False,-0.0027757092,,,
28,CovR-2,False,-0.0025965808,CovR,,
14,Unc_4,False,0.001639044,,,
0,FabT,False,-0.0013021242,FabT,,
38,SpeB,False,0.0008767139000000001,,,
39,Transport-2,False,0.0008003155000000001,,,
34,Transport-1,False,-0.0006550669,,,
16,NrdR,False,0.00044066760000000004,NrdR,,
2,Phage_1-1,False,0.0004115398,Phage_1,,
23,SLS,False,-0.00029049750000000003,,,
1,CovR-1,False,7.97362e-05,CovR,,
