k,name,in_iM,gene_weight,regulator,function,category
14,Unc_4,True,0.1449991893,,,
9,MalR,False,-0.0574632703,MalR,,
17,Unc_5,False,0.0507630492,,,
35,YwzG,False,-0.0366706586,YwzG,,
32,Unc_11,False,0.0273473451,,,
12,VicR,False,0.025384215,VicR,,
18,PurR,False,-0.0229186187,PurR,,
7,Phage_2-1,False,0.0226946849,Phage_2,,
31,Phage_2-3,False,-0.0184293446,Phage_2,,
24,Unc_8,False,-0.0181341463,,,
21,CcpA-2,False,-0.017014600600000002,CcpA,,
15,NanR,False,-0.0168748455,NanR,,
2,Phage_1-1,False,0.016796785,Phage_1,,
3,Unc_1,False,-0.0162028618,,,
28,CovR-2,False,-0.0157738145,CovR,,
16,NrdR,False,-0.0157210806,NrdR,,
19,Unc_6,False,0.0156907994,,,
33,Galactose,False,0.0150043889,,,
5,CcpA-1,False,0.0145301474,CcpA,,
10,Unc_2,False,-0.0131352642,,,
13,Phage_1-2,False,-0.0125438232,Phage_1,,
11,Unc_3,False,-0.0114638234,,,
22,Phage_2-2,False,-0.0107670627,Phage_2,,
1,CovR-1,False,0.0092810487,CovR,,
4,GlnR,False,0.0090597123,GlnR,,
30,Phage_3-1,False,-0.0086933064,Phage_3,,
6,Rgg,False,-0.0082231884,Rgg,,
23,SLS,False,0.0080995363,,,
27,Unc_10,False,-0.0080952734,,,
25,Unc_9,False,0.0077925981,,,
38,SpeB,False,-0.007453159000000001,,,
36,HrcA,False,0.007057484100000001,HrcA,,
37,Phage_3-2,False,0.0060273087,Phage_3,,
0,FabT,False,0.0057082281000000006,FabT,,
8,PyrR,False,-0.005690903000000001,PyrR,,
20,Unc_7,False,-0.0046584707,,,
41,SLO,False,0.0042990168,,,
39,Transport-2,False,-0.0038349718000000002,,,
26,Mga,False,-0.0035739031000000003,Mga,,
29,MalR2,False,-0.0027388239,MalR2,,
34,Transport-1,False,0.0025360281,,,
40,Unc_12,False,-0.001118551,,,
