k,name,in_iM,gene_weight,regulator,function,category
37,Phage_3-2,False,-0.028055273500000002,Phage_3,,
16,NrdR,False,-0.0224587917,NrdR,,
14,Unc_4,False,0.0213597591,,,
27,Unc_10,False,-0.0190626204,,,
23,SLS,False,0.0186154273,,,
10,Unc_2,False,0.0168215455,,,
5,CcpA-1,False,-0.0144021279,CcpA,,
34,Transport-1,False,-0.0143222748,,,
26,Mga,False,-0.013538611,Mga,,
2,Phage_1-1,False,-0.0135149824,Phage_1,,
1,CovR-1,False,0.013391231,CovR,,
41,SLO,False,0.0128105755,,,
8,PyrR,False,-0.0123549084,PyrR,,
22,Phage_2-2,False,-0.012167882100000001,Phage_2,,
0,FabT,False,-0.0119678148,FabT,,
39,Transport-2,False,0.0114011032,,,
19,Unc_6,False,0.009370920900000001,,,
40,Unc_12,False,-0.0092773618,,,
20,Unc_7,False,0.0091835363,,,
25,Unc_9,False,0.0090836904,,,
3,Unc_1,False,-0.008819817300000001,,,
30,Phage_3-1,False,-0.007999127,Phage_3,,
9,MalR,False,-0.0077803127,MalR,,
32,Unc_11,False,-0.0076980454,,,
18,PurR,False,-0.0066835743,PurR,,
7,Phage_2-1,False,-0.0064237264,Phage_2,,
28,CovR-2,False,0.0063490626,CovR,,
4,GlnR,False,-0.0052623907,GlnR,,
35,YwzG,False,-0.0043728455,YwzG,,
6,Rgg,False,0.0040147771,Rgg,,
33,Galactose,False,-0.0040110306,,,
13,Phage_1-2,False,-0.0039266585,Phage_1,,
36,HrcA,False,-0.00316716,HrcA,,
15,NanR,False,0.0027562341000000002,NanR,,
31,Phage_2-3,False,-0.0025347033000000002,Phage_2,,
29,MalR2,False,0.0019985651,MalR2,,
17,Unc_5,False,0.0017911604000000001,,,
38,SpeB,False,-0.0010373715,,,
21,CcpA-2,False,0.0009736228,CcpA,,
11,Unc_3,False,0.0009534228,,,
12,VicR,False,0.0009349816000000001,VicR,,
24,Unc_8,False,-0.0008020038000000001,,,
