k,name,in_iM,gene_weight,regulator,function,category
10,Unc_2,False,-0.020069786500000002,,,
11,Unc_3,False,-0.0183983168,,,
24,Unc_8,False,0.0163777462,,,
34,Transport-1,False,0.0162585364,,,
30,Phage_3-1,False,-0.012817590700000001,Phage_3,,
35,YwzG,False,0.0126400405,YwzG,,
6,Rgg,False,-0.009906970000000001,Rgg,,
33,Galactose,False,-0.009376884700000001,,,
32,Unc_11,False,0.0082024611,,,
19,Unc_6,False,0.007905004700000001,,,
39,Transport-2,False,-0.0077524211,,,
14,Unc_4,False,0.007185407,,,
25,Unc_9,False,0.0064836575,,,
23,SLS,False,-0.0063111679,,,
36,HrcA,False,-0.0063017606,HrcA,,
21,CcpA-2,False,-0.0058925953,CcpA,,
41,SLO,False,-0.0057453572000000005,,,
20,Unc_7,False,-0.0056155429,,,
17,Unc_5,False,-0.0050478794,,,
16,NrdR,False,0.0050154073,NrdR,,
5,CcpA-1,False,-0.0043279064,CcpA,,
27,Unc_10,False,-0.0039636173000000005,,,
28,CovR-2,False,-0.0038962959,CovR,,
29,MalR2,False,-0.0036160084,MalR2,,
40,Unc_12,False,-0.0034153905,,,
22,Phage_2-2,False,-0.0033997853000000003,Phage_2,,
8,PyrR,False,-0.0032258103,PyrR,,
38,SpeB,False,-0.0031932116000000003,,,
26,Mga,False,0.002725756,Mga,,
37,Phage_3-2,False,0.0025187404,Phage_3,,
2,Phage_1-1,False,-0.0016741826,Phage_1,,
1,CovR-1,False,0.0013864762,CovR,,
7,Phage_2-1,False,-0.0013620644,Phage_2,,
4,GlnR,False,0.0011476893,GlnR,,
3,Unc_1,False,0.0009045298,,,
18,PurR,False,-0.0005846730000000001,PurR,,
0,FabT,False,0.0005700754,FabT,,
12,VicR,False,0.0005656556000000001,VicR,,
15,NanR,False,0.0005453316,NanR,,
31,Phage_2-3,False,-0.00043109500000000005,Phage_2,,
13,Phage_1-2,False,-0.0003581206,Phage_1,,
9,MalR,False,0.0003184525,MalR,,
