k,name,in_iM,gene_weight,regulator,function,category
31,Phage_2-3,False,0.0276178083,Phage_2,,
36,HrcA,False,-0.0218639905,HrcA,,
19,Unc_6,False,0.0214489429,,,
23,SLS,False,-0.0168723623,,,
14,Unc_4,False,-0.016702678000000002,,,
12,VicR,False,-0.0158757873,VicR,,
10,Unc_2,False,0.014887408500000001,,,
4,GlnR,False,0.0133393459,GlnR,,
8,PyrR,False,-0.013270353300000001,PyrR,,
37,Phage_3-2,False,0.0131740962,Phage_3,,
30,Phage_3-1,False,-0.012474825,Phage_3,,
35,YwzG,False,0.0108575969,YwzG,,
17,Unc_5,False,0.0105554268,,,
1,CovR-1,False,-0.0101806486,CovR,,
22,Phage_2-2,False,0.0096989656,Phage_2,,
20,Unc_7,False,-0.0095903853,,,
40,Unc_12,False,0.009355586,,,
18,PurR,False,-0.0093123006,PurR,,
24,Unc_8,False,-0.0087874033,,,
26,Mga,False,0.0078940102,Mga,,
15,NanR,False,0.0077926346,NanR,,
21,CcpA-2,False,-0.0068512773,CcpA,,
0,FabT,False,0.0064034494,FabT,,
7,Phage_2-1,False,-0.005864442300000001,Phage_2,,
2,Phage_1-1,False,-0.005454314,Phage_1,,
6,Rgg,False,-0.0053664702,Rgg,,
38,SpeB,False,0.00523012,,,
28,CovR-2,False,-0.0051805928,CovR,,
9,MalR,False,0.004795079900000001,MalR,,
39,Transport-2,False,0.0044107243,,,
29,MalR2,False,-0.0037891398000000002,MalR2,,
34,Transport-1,False,-0.0036463662000000003,,,
5,CcpA-1,False,0.0034518248000000003,CcpA,,
41,SLO,False,0.0025226175,,,
33,Galactose,False,-0.0023324770000000003,,,
25,Unc_9,False,-0.002332411,,,
13,Phage_1-2,False,0.0016158468,Phage_1,,
11,Unc_3,False,-0.0012840170000000001,,,
16,NrdR,False,0.0010406484,NrdR,,
32,Unc_11,False,-0.0010199202,,,
27,Unc_10,False,0.0006783288,,,
3,Unc_1,False,0.0003421955,,,
