k,name,in_iM,gene_weight,regulator,function,category
37,Phage_3-2,False,0.0328425031,Phage_3,,
31,Phage_2-3,False,0.0299140916,Phage_2,,
14,Unc_4,False,-0.028286664500000003,,,
39,Transport-2,False,-0.0281287234,,,
12,VicR,False,-0.0224867058,VicR,,
34,Transport-1,False,-0.022187462800000002,,,
36,HrcA,False,-0.0215379375,HrcA,,
40,Unc_12,False,0.0165679543,,,
8,PyrR,False,-0.0164985231,PyrR,,
5,CcpA-1,False,0.0162034424,CcpA,,
19,Unc_6,False,0.0143257854,,,
32,Unc_11,False,-0.0140744793,,,
23,SLS,False,-0.013989960800000001,,,
27,Unc_10,False,-0.013321359100000001,,,
17,Unc_5,False,0.0128862243,,,
24,Unc_8,False,-0.0123156969,,,
1,CovR-1,False,-0.011354376400000001,CovR,,
33,Galactose,False,-0.0104540358,,,
35,YwzG,False,0.0104441381,YwzG,,
11,Unc_3,False,-0.0096118572,,,
3,Unc_1,False,0.0090600714,,,
16,NrdR,False,-0.0087790851,NrdR,,
26,Mga,False,0.0069709458,Mga,,
10,Unc_2,False,0.0066946374,,,
22,Phage_2-2,False,0.0060697477,Phage_2,,
18,PurR,False,-0.0058602018,PurR,,
21,CcpA-2,False,0.005715167100000001,CcpA,,
30,Phage_3-1,False,-0.005493624700000001,Phage_3,,
9,MalR,False,0.0054442496,MalR,,
38,SpeB,False,0.005017229000000001,,,
28,CovR-2,False,-0.0042222463,CovR,,
25,Unc_9,False,-0.0041418778,,,
0,FabT,False,0.0038455634000000003,FabT,,
15,NanR,False,0.0035120972,NanR,,
20,Unc_7,False,0.0032457299,,,
2,Phage_1-1,False,-0.0026095712000000003,Phage_1,,
41,SLO,False,0.0022247237,,,
7,Phage_2-1,False,-0.0021281164,Phage_2,,
6,Rgg,False,-0.0020757814,Rgg,,
29,MalR2,False,0.0020563651,MalR2,,
13,Phage_1-2,False,0.0004242995,Phage_1,,
4,GlnR,False,0.00034675740000000003,GlnR,,
