k,name,in_iM,gene_weight,regulator,function,category
11,Unc_3,False,-0.028151170200000002,,,
20,Unc_7,False,0.0279274833,,,
3,Unc_1,False,-0.0244201813,,,
4,GlnR,False,-0.022968102400000003,GlnR,,
17,Unc_5,False,0.0209591337,,,
27,Unc_10,False,-0.0204111584,,,
10,Unc_2,False,0.0194452928,,,
40,Unc_12,False,0.0167606146,,,
12,VicR,False,-0.0149679909,VicR,,
35,YwzG,False,-0.014146722300000001,YwzG,,
32,Unc_11,False,0.014100930400000001,,,
16,NrdR,False,-0.0114669225,NrdR,,
8,PyrR,False,-0.0098354511,PyrR,,
25,Unc_9,False,0.0098185349,,,
29,MalR2,False,0.0094529056,MalR2,,
39,Transport-2,False,0.00909299,,,
23,SLS,False,0.008794618,,,
26,Mga,False,-0.0086763651,Mga,,
21,CcpA-2,False,-0.0084329772,CcpA,,
13,Phage_1-2,False,-0.0079483982,Phage_1,,
31,Phage_2-3,False,-0.0071470781,Phage_2,,
19,Unc_6,False,0.006973717900000001,,,
6,Rgg,False,0.0062027424,Rgg,,
36,HrcA,False,0.0061890146,HrcA,,
2,Phage_1-1,False,0.0058630048,Phage_1,,
22,Phage_2-2,False,-0.005783929100000001,Phage_2,,
30,Phage_3-1,False,0.0056106001,Phage_3,,
34,Transport-1,False,-0.0054389349,,,
15,NanR,False,-0.0052716729000000006,NanR,,
28,CovR-2,False,-0.0051019776,CovR,,
5,CcpA-1,False,-0.0046754317000000005,CcpA,,
0,FabT,False,-0.004012394,FabT,,
24,Unc_8,False,0.0037991943,,,
41,SLO,False,-0.0037211863,,,
14,Unc_4,False,0.0035330357,,,
33,Galactose,False,0.0034934688000000003,,,
38,SpeB,False,-0.0013933376000000001,,,
1,CovR-1,False,0.001276281,CovR,,
9,MalR,False,0.0010482701,MalR,,
7,Phage_2-1,False,0.00041835230000000003,Phage_2,,
37,Phage_3-2,False,0.00039116600000000003,Phage_3,,
18,PurR,False,-0.0002092801,PurR,,
