k,name,in_iM,gene_weight,regulator,function,category
32,Unc_11,False,-0.0265937694,,,
41,SLO,False,0.0232251982,,,
20,Unc_7,False,-0.0219656736,,,
35,YwzG,False,-0.021500572000000003,YwzG,,
24,Unc_8,False,-0.020554749900000002,,,
30,Phage_3-1,False,-0.0183264406,Phage_3,,
3,Unc_1,False,-0.0159428905,,,
39,Transport-2,False,-0.0102730083,,,
17,Unc_5,False,0.0100545609,,,
0,FabT,False,0.0100492327,FabT,,
29,MalR2,False,-0.0097660992,MalR2,,
18,PurR,False,0.009566876,PurR,,
31,Phage_2-3,False,0.007942611300000001,Phage_2,,
19,Unc_6,False,0.007751489800000001,,,
23,SLS,False,-0.007469943000000001,,,
33,Galactose,False,-0.007431465000000001,,,
37,Phage_3-2,False,-0.0071867775,Phage_3,,
16,NrdR,False,0.0069184994,NrdR,,
15,NanR,False,0.0069065639,NanR,,
6,Rgg,False,-0.005763939,Rgg,,
34,Transport-1,False,0.0054726073000000005,,,
13,Phage_1-2,False,-0.0051993976,Phage_1,,
27,Unc_10,False,0.0049499439,,,
9,MalR,False,0.0048813183000000005,MalR,,
28,CovR-2,False,-0.0047390936,CovR,,
38,SpeB,False,-0.0040910121,,,
22,Phage_2-2,False,0.0039313102,Phage_2,,
5,CcpA-1,False,-0.0036423663000000003,CcpA,,
14,Unc_4,False,-0.0034829388,,,
1,CovR-1,False,-0.0028243725,CovR,,
40,Unc_12,False,-0.0026719225,,,
12,VicR,False,0.0023409222,VicR,,
21,CcpA-2,False,0.0023051987000000003,CcpA,,
10,Unc_2,False,0.0022314051,,,
25,Unc_9,False,0.0019400096000000001,,,
36,HrcA,False,-0.0019264652,HrcA,,
8,PyrR,False,0.0018861779,PyrR,,
11,Unc_3,False,-0.0018367959,,,
4,GlnR,False,-0.0012320665000000001,GlnR,,
26,Mga,False,0.00041242840000000003,Mga,,
2,Phage_1-1,False,0.0003585085,Phage_1,,
7,Phage_2-1,False,-8.52973e-05,Phage_2,,
