k,name,in_iM,gene_weight,regulator,function,category
30,Phage_3-1,True,0.1429731093,Phage_3,,
12,VicR,False,0.0393128467,VicR,,
3,Unc_1,False,-0.0377875148,,,
41,SLO,False,-0.0333720085,,,
39,Transport-2,False,-0.0255463462,,,
23,SLS,False,-0.025374602700000002,,,
7,Phage_2-1,False,0.024654731500000002,Phage_2,,
40,Unc_12,False,0.0237452304,,,
34,Transport-1,False,0.0234176341,,,
16,NrdR,False,-0.0225189748,NrdR,,
5,CcpA-1,False,0.0170517802,CcpA,,
29,MalR2,False,-0.0155284575,MalR2,,
36,HrcA,False,0.015463862000000002,HrcA,,
38,SpeB,False,-0.0154303215,,,
10,Unc_2,False,0.0139426614,,,
18,PurR,False,0.012669095200000001,PurR,,
1,CovR-1,False,0.012187630500000001,CovR,,
31,Phage_2-3,False,-0.0113810686,Phage_2,,
20,Unc_7,False,0.01063451,,,
17,Unc_5,False,-0.0099337246,,,
28,CovR-2,False,0.0080353952,CovR,,
35,YwzG,False,-0.0073611138,YwzG,,
8,PyrR,False,0.0060187833,PyrR,,
14,Unc_4,False,0.005545456000000001,,,
27,Unc_10,False,-0.0051069792,,,
11,Unc_3,False,-0.0051058977000000005,,,
6,Rgg,False,-0.0046451718,Rgg,,
15,NanR,False,-0.0043803742,NanR,,
13,Phage_1-2,False,-0.0036754152,Phage_1,,
33,Galactose,False,-0.0035766931,,,
26,Mga,False,-0.0033753788000000003,Mga,,
19,Unc_6,False,0.0033031957000000003,,,
25,Unc_9,False,-0.0031372149,,,
24,Unc_8,False,0.0028444474,,,
32,Unc_11,False,0.0028199622,,,
37,Phage_3-2,False,0.0027863457,Phage_3,,
9,MalR,False,-0.0025641027,MalR,,
2,Phage_1-1,False,0.0025321922,Phage_1,,
22,Phage_2-2,False,0.0024460427,Phage_2,,
0,FabT,False,0.0023466675,FabT,,
4,GlnR,False,0.0019231929,GlnR,,
21,CcpA-2,False,0.0005029401,CcpA,,
