k,name,in_iM,gene_weight,regulator,function,category
9,MalR,False,0.0745745227,MalR,,
16,NrdR,False,-0.0421681265,NrdR,,
25,Unc_9,False,0.028367227000000002,,,
23,SLS,False,0.0277709243,,,
11,Unc_3,False,0.0262145318,,,
10,Unc_2,False,0.0235274803,,,
0,FabT,False,-0.0212960394,FabT,,
12,VicR,False,-0.0211424709,VicR,,
29,MalR2,False,0.0210907616,MalR2,,
4,GlnR,False,-0.020799950600000002,GlnR,,
41,SLO,False,-0.0199303505,,,
32,Unc_11,False,-0.019433533200000002,,,
20,Unc_7,False,-0.0186252395,,,
17,Unc_5,False,-0.018571292200000002,,,
15,NanR,False,-0.0183899616,NanR,,
34,Transport-1,False,-0.0148897586,,,
24,Unc_8,False,-0.0124704567,,,
7,Phage_2-1,False,-0.011056993000000001,Phage_2,,
5,CcpA-1,False,-0.010461093000000001,CcpA,,
27,Unc_10,False,0.0100688762,,,
8,PyrR,False,0.009504235,PyrR,,
28,CovR-2,False,0.0092605379,CovR,,
31,Phage_2-3,False,-0.008443061,Phage_2,,
1,CovR-1,False,-0.0084197762,CovR,,
21,CcpA-2,False,-0.0079274264,CcpA,,
33,Galactose,False,0.0076495347,,,
26,Mga,False,-0.0076274753,Mga,,
6,Rgg,False,0.0074023775000000005,Rgg,,
36,HrcA,False,-0.0061858087,HrcA,,
38,SpeB,False,-0.0060511351000000005,,,
40,Unc_12,False,0.0053602047,,,
18,PurR,False,0.0053439854,PurR,,
37,Phage_3-2,False,-0.0039608562000000005,Phage_3,,
30,Phage_3-1,False,-0.0038089298000000002,Phage_3,,
13,Phage_1-2,False,-0.0029662773,Phage_1,,
35,YwzG,False,-0.0029118296,YwzG,,
22,Phage_2-2,False,-0.002800711,Phage_2,,
19,Unc_6,False,-0.0016897861,,,
3,Unc_1,False,0.0014892521,,,
39,Transport-2,False,-0.0007909614,,,
2,Phage_1-1,False,0.0005428671,Phage_1,,
14,Unc_4,False,-0.0004900949,,,
