k,name,in_iM,gene_weight,regulator,function,category
28,CovR-2,True,0.0775576409,CovR,,
23,SLS,False,0.0560198191,,,
1,CovR-1,False,0.0440017627,CovR,,
41,SLO,False,0.0403763669,,,
36,HrcA,False,0.03345534,HrcA,,
18,PurR,False,-0.0254320879,PurR,,
4,GlnR,False,-0.024966429000000002,GlnR,,
29,MalR2,False,-0.0242325008,MalR2,,
33,Galactose,False,-0.0235369279,,,
35,YwzG,False,-0.021944611500000002,YwzG,,
16,NrdR,False,-0.0205926944,NrdR,,
2,Phage_1-1,False,-0.0201273353,Phage_1,,
19,Unc_6,False,-0.0184260803,,,
39,Transport-2,False,0.017392756000000002,,,
0,FabT,False,-0.017154764,FabT,,
32,Unc_11,False,-0.015444332000000002,,,
11,Unc_3,False,-0.0154005927,,,
26,Mga,False,-0.015377869800000001,Mga,,
9,MalR,False,-0.0144915688,MalR,,
17,Unc_5,False,-0.014425115,,,
30,Phage_3-1,False,-0.0127162256,Phage_3,,
31,Phage_2-3,False,0.0113704203,Phage_2,,
27,Unc_10,False,-0.010741902400000001,,,
14,Unc_4,False,0.009405636700000001,,,
20,Unc_7,False,0.0083313876,,,
15,NanR,False,-0.0083262753,NanR,,
10,Unc_2,False,0.0081607799,,,
34,Transport-1,False,0.0064399636,,,
21,CcpA-2,False,0.0057834514,CcpA,,
3,Unc_1,False,-0.0057625535,,,
12,VicR,False,-0.0054616873,VicR,,
22,Phage_2-2,False,0.0040074512000000005,Phage_2,,
6,Rgg,False,0.0038735741000000003,Rgg,,
7,Phage_2-1,False,0.0035859023000000003,Phage_2,,
25,Unc_9,False,-0.0035101501,,,
8,PyrR,False,0.0034181678,PyrR,,
13,Phage_1-2,False,-0.0032674815,Phage_1,,
24,Unc_8,False,-0.0032539022,,,
40,Unc_12,False,0.0031412745,,,
37,Phage_3-2,False,-0.0007078933,Phage_3,,
38,SpeB,False,0.0003832404,,,
5,CcpA-1,False,0.0003029527,CcpA,,
