k,name,in_iM,gene_weight,regulator,function,category
19,Unc_6,False,0.0305656051,,,
22,Phage_2-2,False,0.024533011900000002,Phage_2,,
3,Unc_1,False,-0.0244904177,,,
11,Unc_3,False,-0.0213794327,,,
32,Unc_11,False,0.0207426642,,,
20,Unc_7,False,0.0188854124,,,
1,CovR-1,False,-0.018542702,CovR,,
18,PurR,False,-0.0174715881,PurR,,
21,CcpA-2,False,-0.017081805800000002,CcpA,,
40,Unc_12,False,0.0149466081,,,
33,Galactose,False,0.014225559700000001,,,
34,Transport-1,False,0.0138172481,,,
15,NanR,False,0.013700443900000001,NanR,,
16,NrdR,False,-0.0135760307,NrdR,,
9,MalR,False,-0.010233293400000001,MalR,,
37,Phage_3-2,False,0.0098536547,Phage_3,,
2,Phage_1-1,False,-0.009753685100000001,Phage_1,,
5,CcpA-1,False,-0.008345741,CcpA,,
6,Rgg,False,-0.0075886929,Rgg,,
35,YwzG,False,0.0068457694,YwzG,,
36,HrcA,False,-0.006414191200000001,HrcA,,
12,VicR,False,-0.0063199587,VicR,,
27,Unc_10,False,-0.0063069603,,,
8,PyrR,False,-0.0062667579,PyrR,,
24,Unc_8,False,-0.006041436000000001,,,
23,SLS,False,-0.0058985163,,,
30,Phage_3-1,False,-0.0058398623,Phage_3,,
13,Phage_1-2,False,-0.0052427124,Phage_1,,
4,GlnR,False,-0.0050549975,GlnR,,
25,Unc_9,False,-0.0047763021,,,
39,Transport-2,False,0.004713114,,,
38,SpeB,False,-0.0046604299000000005,,,
10,Unc_2,False,-0.0046140038000000005,,,
28,CovR-2,False,-0.0044024261000000006,CovR,,
17,Unc_5,False,0.0037503246,,,
26,Mga,False,0.0036749986000000003,Mga,,
0,FabT,False,-0.0036199469,FabT,,
31,Phage_2-3,False,0.0031826983,Phage_2,,
7,Phage_2-1,False,-0.0031315907000000003,Phage_2,,
29,MalR2,False,-0.002800869,MalR2,,
41,SLO,False,0.0014741409,,,
14,Unc_4,False,-4.5325e-06,,,
