k,name,in_iM,gene_weight,regulator,function,category
20,Unc_7,False,-0.029206311300000003,,,
5,CcpA-1,False,-0.024181377400000002,CcpA,,
27,Unc_10,False,-0.022079131800000002,,,
35,YwzG,False,-0.020440700200000002,YwzG,,
32,Unc_11,False,-0.0178168727,,,
33,Galactose,False,-0.016052234800000002,,,
14,Unc_4,False,0.0154499187,,,
10,Unc_2,False,-0.0139166397,,,
3,Unc_1,False,0.013405231200000001,,,
16,NrdR,False,0.0125292816,NrdR,,
4,GlnR,False,0.0118919026,GlnR,,
1,CovR-1,False,-0.011107081900000001,CovR,,
6,Rgg,False,-0.0102902892,Rgg,,
7,Phage_2-1,False,-0.0102408902,Phage_2,,
37,Phage_3-2,False,-0.0101482772,Phage_3,,
30,Phage_3-1,False,-0.0098994471,Phage_3,,
22,Phage_2-2,False,-0.009868922700000001,Phage_2,,
8,PyrR,False,-0.0092806412,PyrR,,
23,SLS,False,0.0086235859,,,
25,Unc_9,False,-0.0081864263,,,
40,Unc_12,False,-0.0077625496,,,
12,VicR,False,-0.0071382641000000005,VicR,,
39,Transport-2,False,0.0069757492,,,
15,NanR,False,0.0066460567,NanR,,
11,Unc_3,False,-0.0058925285,,,
13,Phage_1-2,False,-0.0050328405,Phage_1,,
17,Unc_5,False,0.0049274027,,,
2,Phage_1-1,False,0.0029983803000000002,Phage_1,,
21,CcpA-2,False,0.002500735,CcpA,,
34,Transport-1,False,0.0024863437,,,
18,PurR,False,-0.0023028958,PurR,,
38,SpeB,False,0.0022389301,,,
9,MalR,False,-0.0019317389,MalR,,
0,FabT,False,-0.0016344131,FabT,,
26,Mga,False,0.0015968493000000001,Mga,,
24,Unc_8,False,-0.0014395964000000002,,,
31,Phage_2-3,False,-0.0008865123,Phage_2,,
41,SLO,False,0.0006519253,,,
29,MalR2,False,0.0005935991,MalR2,,
28,CovR-2,False,0.0003855797,CovR,,
19,Unc_6,False,0.0003775279,,,
36,HrcA,False,0.0001051055,HrcA,,
