k,name,in_iM,gene_weight,regulator,function,category
27,Unc_10,True,0.08444158310000001,,,
33,Galactose,False,-0.0258134057,,,
34,Transport-1,False,0.0245353492,,,
26,Mga,False,0.0244951663,Mga,,
40,Unc_12,False,0.0243803905,,,
10,Unc_2,False,-0.0233299549,,,
0,FabT,False,-0.0202532944,FabT,,
1,CovR-1,False,0.0195169631,CovR,,
37,Phage_3-2,False,0.0187162889,Phage_3,,
25,Unc_9,False,-0.0170384328,,,
17,Unc_5,False,0.0167656457,,,
20,Unc_7,False,-0.0162960681,,,
11,Unc_3,False,0.0154016394,,,
31,Phage_2-3,False,-0.014906978500000001,Phage_2,,
39,Transport-2,False,0.0146021985,,,
38,SpeB,False,-0.0142185444,,,
6,Rgg,False,-0.0107931915,Rgg,,
35,YwzG,False,-0.0106717059,YwzG,,
24,Unc_8,False,-0.0103708215,,,
36,HrcA,False,0.0101706212,HrcA,,
12,VicR,False,-0.0097821693,VicR,,
29,MalR2,False,0.009708000500000001,MalR2,,
15,NanR,False,0.0091976826,NanR,,
28,CovR-2,False,-0.008986054700000001,CovR,,
41,SLO,False,0.0066938527,,,
22,Phage_2-2,False,0.0053998481,Phage_2,,
9,MalR,False,0.0038370017000000003,MalR,,
2,Phage_1-1,False,-0.0035145054,Phage_1,,
16,NrdR,False,0.0031395616,NrdR,,
32,Unc_11,False,0.0027912259,,,
14,Unc_4,False,0.002746206,,,
13,Phage_1-2,False,0.0027358150000000004,Phage_1,,
19,Unc_6,False,-0.0025825878,,,
4,GlnR,False,0.0018415353000000001,GlnR,,
7,Phage_2-1,False,0.0015828361,Phage_2,,
5,CcpA-1,False,-0.0012424915,CcpA,,
8,PyrR,False,-0.0011670016,PyrR,,
3,Unc_1,False,-0.0011646525000000001,,,
21,CcpA-2,False,0.0010108039,CcpA,,
30,Phage_3-1,False,-0.0010104689000000001,Phage_3,,
23,SLS,False,-0.0008744653,,,
18,PurR,False,-0.0003803502,PurR,,
