k,name,in_iM,gene_weight,regulator,function,category
37,Phage_3-2,True,-0.0979299059,Phage_3,,
30,Phage_3-1,True,0.0541517725,Phage_3,,
2,Phage_1-1,True,0.047358191800000005,Phage_1,,
4,GlnR,False,-0.0592041748,GlnR,,
33,Galactose,False,-0.0362272364,,,
31,Phage_2-3,False,0.0342908113,Phage_2,,
3,Unc_1,False,0.0318384047,,,
23,SLS,False,0.030156166,,,
11,Unc_3,False,0.029773159400000002,,,
18,PurR,False,0.029512396700000002,PurR,,
17,Unc_5,False,0.0274285769,,,
34,Transport-1,False,0.0272087289,,,
29,MalR2,False,0.019413250400000002,MalR2,,
27,Unc_10,False,-0.0188583911,,,
24,Unc_8,False,0.017790123300000002,,,
20,Unc_7,False,-0.0177637767,,,
0,FabT,False,0.0160405163,FabT,,
6,Rgg,False,0.015551165,Rgg,,
9,MalR,False,-0.0143617924,MalR,,
5,CcpA-1,False,-0.0134416438,CcpA,,
36,HrcA,False,0.0133781465,HrcA,,
22,Phage_2-2,False,0.010750591,Phage_2,,
14,Unc_4,False,0.0101545316,,,
28,CovR-2,False,0.0100603982,CovR,,
13,Phage_1-2,False,0.0095889155,Phage_1,,
10,Unc_2,False,-0.0095476374,,,
26,Mga,False,-0.009262972000000001,Mga,,
15,NanR,False,0.0074331038,NanR,,
41,SLO,False,-0.0073158599,,,
7,Phage_2-1,False,-0.006645182800000001,Phage_2,,
40,Unc_12,False,-0.0065281623,,,
16,NrdR,False,0.0063069371,NrdR,,
39,Transport-2,False,-0.0042580442,,,
25,Unc_9,False,0.0040351216,,,
35,YwzG,False,0.0039479696,YwzG,,
19,Unc_6,False,0.0028463706,,,
8,PyrR,False,0.0023463006,PyrR,,
32,Unc_11,False,0.001919019,,,
12,VicR,False,0.0009622032000000001,VicR,,
38,SpeB,False,-0.0007255642,,,
1,CovR-1,False,0.0002826058,CovR,,
21,CcpA-2,False,-0.0002679474,CcpA,,
