k,name,in_iM,gene_weight,regulator,function,category
19,Unc_6,False,0.0231785212,,,
35,YwzG,False,-0.0228736278,YwzG,,
3,Unc_1,False,-0.019249418100000002,,,
9,MalR,False,0.0189725697,MalR,,
11,Unc_3,False,-0.018952408100000002,,,
32,Unc_11,False,-0.0185696593,,,
10,Unc_2,False,0.018161323,,,
6,Rgg,False,-0.0164796914,Rgg,,
12,VicR,False,-0.0163557393,VicR,,
20,Unc_7,False,0.0160259395,,,
4,GlnR,False,0.0160029992,GlnR,,
18,PurR,False,0.014847278200000001,PurR,,
8,PyrR,False,-0.014021350600000001,PyrR,,
38,SpeB,False,-0.0136556075,,,
17,Unc_5,False,-0.012009799100000001,,,
29,MalR2,False,0.011922237700000001,MalR2,,
41,SLO,False,0.0117868229,,,
5,CcpA-1,False,-0.0117793473,CcpA,,
26,Mga,False,-0.011490936700000001,Mga,,
22,Phage_2-2,False,0.0105716843,Phage_2,,
13,Phage_1-2,False,-0.0099039316,Phage_1,,
40,Unc_12,False,0.0095663814,,,
28,CovR-2,False,-0.0095383723,CovR,,
27,Unc_10,False,-0.0090770491,,,
30,Phage_3-1,False,-0.0074342017,Phage_3,,
24,Unc_8,False,0.006823291,,,
7,Phage_2-1,False,-0.0067784416,Phage_2,,
34,Transport-1,False,0.0067203212000000005,,,
14,Unc_4,False,-0.0062542935,,,
39,Transport-2,False,0.006125464000000001,,,
16,NrdR,False,0.005759546700000001,NrdR,,
36,HrcA,False,0.0057581113,HrcA,,
33,Galactose,False,0.0056378886,,,
0,FabT,False,-0.0052915684,FabT,,
37,Phage_3-2,False,0.0046251237,Phage_3,,
25,Unc_9,False,0.00452067,,,
15,NanR,False,0.0037414631,NanR,,
21,CcpA-2,False,0.0024114213,CcpA,,
23,SLS,False,0.0022698354,,,
31,Phage_2-3,False,-0.0005951284,Phage_2,,
1,CovR-1,False,-0.0005439267,CovR,,
2,Phage_1-1,False,0.0003443264,Phage_1,,
