k,name,in_iM,gene_weight,regulator,function,category
27,Unc_10,True,0.12036136800000001,,,
9,MalR,False,0.0373887621,MalR,,
12,VicR,False,0.037183118200000004,VicR,,
20,Unc_7,False,-0.0182314761,,,
4,GlnR,False,-0.0173853277,GlnR,,
5,CcpA-1,False,0.0170289871,CcpA,,
36,HrcA,False,-0.0164544823,HrcA,,
32,Unc_11,False,-0.0161736536,,,
33,Galactose,False,-0.0142517535,,,
30,Phage_3-1,False,-0.0140093934,Phage_3,,
40,Unc_12,False,0.0124800993,,,
1,CovR-1,False,-0.0120936939,CovR,,
41,SLO,False,-0.0105674305,,,
22,Phage_2-2,False,-0.0087147135,Phage_2,,
21,CcpA-2,False,0.008338068300000001,CcpA,,
23,SLS,False,-0.007844055400000001,,,
10,Unc_2,False,-0.0078029598,,,
17,Unc_5,False,0.0073525633,,,
6,Rgg,False,0.0067651912,Rgg,,
13,Phage_1-2,False,-0.0067348501,Phage_1,,
0,FabT,False,0.0065881634,FabT,,
15,NanR,False,0.006133186200000001,NanR,,
19,Unc_6,False,-0.0060597525000000005,,,
35,YwzG,False,-0.0050759781000000006,YwzG,,
3,Unc_1,False,-0.0050109143000000005,,,
39,Transport-2,False,0.0048778199,,,
8,PyrR,False,0.0042807887000000005,PyrR,,
31,Phage_2-3,False,-0.0042180338,Phage_2,,
29,MalR2,False,-0.0041029061,MalR2,,
24,Unc_8,False,0.0039424143000000005,,,
18,PurR,False,-0.0039319031,PurR,,
14,Unc_4,False,0.0037113907,,,
7,Phage_2-1,False,-0.0035211594,Phage_2,,
2,Phage_1-1,False,0.003018034,Phage_1,,
38,SpeB,False,0.0028659893000000003,,,
11,Unc_3,False,0.0023061333000000002,,,
28,CovR-2,False,-0.0021823256,CovR,,
16,NrdR,False,0.0019690054,NrdR,,
37,Phage_3-2,False,-0.0018166678000000002,Phage_3,,
25,Unc_9,False,-0.0010088491,,,
26,Mga,False,-0.0006737713,Mga,,
34,Transport-1,False,-0.0001601862,,,
