k,name,in_iM,gene_weight,regulator,function,category
35,YwzG,False,0.0631770261,YwzG,,
27,Unc_10,False,0.0530078162,,,
25,Unc_9,False,0.0462853386,,,
18,PurR,False,0.039264339700000005,PurR,,
32,Unc_11,False,0.0383625435,,,
28,CovR-2,False,-0.0355546414,CovR,,
36,HrcA,False,-0.0267111064,HrcA,,
20,Unc_7,False,0.0235828372,,,
40,Unc_12,False,-0.0186168733,,,
16,NrdR,False,-0.018538788100000002,NrdR,,
10,Unc_2,False,-0.017064986600000002,,,
29,MalR2,False,0.0160122942,MalR2,,
4,GlnR,False,0.0155113022,GlnR,,
17,Unc_5,False,0.014639060800000001,,,
8,PyrR,False,-0.0144318304,PyrR,,
0,FabT,False,-0.0138372118,FabT,,
11,Unc_3,False,-0.0138316849,,,
15,NanR,False,-0.0137637244,NanR,,
14,Unc_4,False,-0.013734107,,,
34,Transport-1,False,0.013032596700000001,,,
19,Unc_6,False,-0.0125470129,,,
26,Mga,False,0.012429487500000001,Mga,,
7,Phage_2-1,False,0.0123892583,Phage_2,,
5,CcpA-1,False,0.012354204700000001,CcpA,,
22,Phage_2-2,False,-0.011808981000000001,Phage_2,,
12,VicR,False,-0.0101272156,VicR,,
30,Phage_3-1,False,0.0091326186,Phage_3,,
39,Transport-2,False,0.0076129613,,,
3,Unc_1,False,-0.0061789333,,,
37,Phage_3-2,False,0.0056003239,Phage_3,,
24,Unc_8,False,0.0046934387,,,
38,SpeB,False,0.0044340326,,,
1,CovR-1,False,0.0041012309,CovR,,
9,MalR,False,-0.0032330539,MalR,,
33,Galactose,False,0.0029536364,,,
23,SLS,False,0.0028502185,,,
21,CcpA-2,False,-0.002792152,CcpA,,
31,Phage_2-3,False,-0.0019361504000000001,Phage_2,,
6,Rgg,False,0.0008332778,Rgg,,
13,Phage_1-2,False,0.0007401141,Phage_1,,
2,Phage_1-1,False,-0.0006980854,Phage_1,,
41,SLO,False,-0.0004629122,,,
