k,name,in_iM,gene_weight,regulator,function,category
32,Unc_11,False,-0.0654046712,,,
41,SLO,False,0.0338025099,,,
9,MalR,False,0.0242615995,MalR,,
35,YwzG,False,0.023851047400000002,YwzG,,
28,CovR-2,False,-0.0225073686,CovR,,
18,PurR,False,-0.019831268000000003,PurR,,
6,Rgg,False,-0.019040998,Rgg,,
36,HrcA,False,-0.018060171,HrcA,,
12,VicR,False,0.0173251599,VicR,,
37,Phage_3-2,False,0.016932169900000002,Phage_3,,
33,Galactose,False,-0.0166089055,,,
30,Phage_3-1,False,0.0159270262,Phage_3,,
24,Unc_8,False,-0.0153498118,,,
8,PyrR,False,-0.0147851616,PyrR,,
40,Unc_12,False,0.014728416400000001,,,
3,Unc_1,False,0.0144047176,,,
22,Phage_2-2,False,-0.0142291612,Phage_2,,
39,Transport-2,False,-0.0135588917,,,
23,SLS,False,-0.0130681457,,,
27,Unc_10,False,0.0130135761,,,
38,SpeB,False,0.0111310214,,,
11,Unc_3,False,0.0109468324,,,
16,NrdR,False,0.0104048066,NrdR,,
25,Unc_9,False,-0.0094628986,,,
26,Mga,False,0.0089788933,Mga,,
15,NanR,False,-0.0084579443,NanR,,
10,Unc_2,False,-0.00784479,,,
13,Phage_1-2,False,-0.0065179438,Phage_1,,
19,Unc_6,False,0.0057942607000000005,,,
29,MalR2,False,0.005424426,MalR2,,
31,Phage_2-3,False,-0.0053413621,Phage_2,,
0,FabT,False,-0.005248358900000001,FabT,,
1,CovR-1,False,-0.0051470292,CovR,,
5,CcpA-1,False,0.0035498484,CcpA,,
7,Phage_2-1,False,0.002922839,Phage_2,,
17,Unc_5,False,0.0025809718,,,
14,Unc_4,False,-0.0023531124000000002,,,
2,Phage_1-1,False,-0.0018254161,Phage_1,,
21,CcpA-2,False,0.0012156209,CcpA,,
20,Unc_7,False,0.0004352297,,,
4,GlnR,False,5.84916e-05,GlnR,,
34,Transport-1,False,-7.218200000000001e-06,,,
