k,name,in_iM,gene_weight,regulator,function,category
34,Transport-1,True,0.1666057287,,,
11,Unc_3,False,0.0474522662,,,
18,PurR,False,-0.0431855252,PurR,,
20,Unc_7,False,0.0418281483,,,
37,Phage_3-2,False,-0.0390900243,Phage_3,,
35,YwzG,False,-0.036378507500000004,YwzG,,
40,Unc_12,False,0.0292936342,,,
38,SpeB,False,0.0292699899,,,
25,Unc_9,False,0.0251885454,,,
33,Galactose,False,0.023952862800000002,,,
15,NanR,False,0.0234092032,NanR,,
26,Mga,False,-0.020934704300000002,Mga,,
0,FabT,False,0.0200817797,FabT,,
10,Unc_2,False,-0.0192351067,,,
19,Unc_6,False,-0.0181818677,,,
21,CcpA-2,False,-0.0178926193,CcpA,,
16,NrdR,False,0.0175322912,NrdR,,
1,CovR-1,False,0.0171910067,CovR,,
9,MalR,False,0.016555598600000002,MalR,,
32,Unc_11,False,-0.0154312814,,,
4,GlnR,False,0.0154021277,GlnR,,
23,SLS,False,-0.015349224000000002,,,
41,SLO,False,0.014743756,,,
6,Rgg,False,-0.0132793378,Rgg,,
14,Unc_4,False,-0.0125816207,,,
24,Unc_8,False,-0.0112451132,,,
8,PyrR,False,-0.0086160787,PyrR,,
2,Phage_1-1,False,-0.0083482131,Phage_1,,
28,CovR-2,False,0.0078659557,CovR,,
12,VicR,False,-0.007824874800000001,VicR,,
29,MalR2,False,-0.0075342608,MalR2,,
3,Unc_1,False,0.007095456000000001,,,
30,Phage_3-1,False,0.0069502529,Phage_3,,
17,Unc_5,False,0.0065809652,,,
22,Phage_2-2,False,0.0063126725,Phage_2,,
27,Unc_10,False,-0.0046053412,,,
7,Phage_2-1,False,-0.0042521979,Phage_2,,
13,Phage_1-2,False,-0.0042111637,Phage_1,,
36,HrcA,False,0.002654132,HrcA,,
39,Transport-2,False,0.0024456884000000003,,,
5,CcpA-1,False,0.0007769119,CcpA,,
31,Phage_2-3,False,0.0007537017,Phage_2,,
