k,name,in_iM,gene_weight,regulator,function,category
28,CovR-2,True,-0.0691848176,CovR,,
24,Unc_8,False,0.0637466918,,,
11,Unc_3,False,-0.056304744100000005,,,
1,CovR-1,False,-0.0512225886,CovR,,
15,NanR,False,-0.0384481105,NanR,,
32,Unc_11,False,-0.0349519348,,,
20,Unc_7,False,0.029714983400000002,,,
23,SLS,False,0.0226008897,,,
9,MalR,False,-0.0221653211,MalR,,
18,PurR,False,-0.0211134151,PurR,,
39,Transport-2,False,0.020309281000000002,,,
26,Mga,False,-0.0194820742,Mga,,
8,PyrR,False,-0.0169177363,PyrR,,
4,GlnR,False,-0.0168970111,GlnR,,
36,HrcA,False,0.0156766697,HrcA,,
37,Phage_3-2,False,0.0152069831,Phage_3,,
30,Phage_3-1,False,-0.012723235000000001,Phage_3,,
12,VicR,False,0.011809180300000001,VicR,,
10,Unc_2,False,0.011436013200000001,,,
5,CcpA-1,False,0.0103703958,CcpA,,
25,Unc_9,False,0.0103021022,,,
35,YwzG,False,-0.0102634939,YwzG,,
0,FabT,False,0.0089588058,FabT,,
27,Unc_10,False,-0.008683095200000001,,,
34,Transport-1,False,-0.008261355,,,
33,Galactose,False,-0.0076264237,,,
41,SLO,False,0.0073947336,,,
17,Unc_5,False,0.0069954692,,,
14,Unc_4,False,-0.0059919514,,,
22,Phage_2-2,False,0.0057580556,Phage_2,,
3,Unc_1,False,-0.0055632602000000005,,,
21,CcpA-2,False,0.0027649512,CcpA,,
19,Unc_6,False,-0.0024979412,,,
16,NrdR,False,0.0019544884,NrdR,,
31,Phage_2-3,False,-0.00175706,Phage_2,,
29,MalR2,False,0.0013145141,MalR2,,
38,SpeB,False,-0.0011503754,,,
6,Rgg,False,-0.001040144,Rgg,,
40,Unc_12,False,0.0009520062,,,
7,Phage_2-1,False,-0.0008426281,Phage_2,,
2,Phage_1-1,False,0.0008041187000000001,Phage_1,,
13,Phage_1-2,False,-0.00020742040000000002,Phage_1,,
