k,name,in_iM,gene_weight,regulator,function,category
40,Unc_12,False,0.0491480678,,,
18,PurR,False,0.036414802600000004,PurR,,
41,SLO,False,0.035123908,,,
37,Phage_3-2,False,0.0350098208,Phage_3,,
24,Unc_8,False,-0.026476730100000002,,,
5,CcpA-1,False,0.0242236163,CcpA,,
15,NanR,False,-0.024130538,NanR,,
10,Unc_2,False,0.0235875161,,,
23,SLS,False,-0.0231937525,,,
4,GlnR,False,0.0225612221,GlnR,,
7,Phage_2-1,False,0.0204775188,Phage_2,,
3,Unc_1,False,-0.0183731279,,,
25,Unc_9,False,-0.01831213,,,
31,Phage_2-3,False,0.018098037,Phage_2,,
21,CcpA-2,False,-0.0156865187,CcpA,,
36,HrcA,False,-0.0155727148,HrcA,,
9,MalR,False,0.0133437198,MalR,,
0,FabT,False,-0.0110976756,FabT,,
32,Unc_11,False,0.0109189698,,,
13,Phage_1-2,False,-0.0109066631,Phage_1,,
26,Mga,False,0.0108182756,Mga,,
33,Galactose,False,0.0103436087,,,
28,CovR-2,False,-0.0093118123,CovR,,
22,Phage_2-2,False,0.0088109595,Phage_2,,
38,SpeB,False,-0.0080400908,,,
12,VicR,False,0.0076359821,VicR,,
19,Unc_6,False,0.0064966124,,,
35,YwzG,False,0.0057628432,YwzG,,
8,PyrR,False,-0.0048840016,PyrR,,
27,Unc_10,False,0.0047170293,,,
29,MalR2,False,0.0042733227,MalR2,,
20,Unc_7,False,-0.0042534884,,,
1,CovR-1,False,0.0036366443,CovR,,
2,Phage_1-1,False,-0.0029587887,Phage_1,,
17,Unc_5,False,0.0024081171,,,
11,Unc_3,False,-0.0018817932000000002,,,
34,Transport-1,False,-0.001262335,,,
14,Unc_4,False,-0.0010745604,,,
39,Transport-2,False,-0.0007508949,,,
6,Rgg,False,0.0005166120000000001,Rgg,,
16,NrdR,False,-0.0004435371,NrdR,,
30,Phage_3-1,False,0.0001362233,Phage_3,,
