k,name,in_iM,gene_weight,regulator,function,category
15,NanR,False,-0.039326077,NanR,,
18,PurR,False,0.0309608582,PurR,,
10,Unc_2,False,-0.018444761,,,
0,FabT,False,-0.0163710826,FabT,,
17,Unc_5,False,-0.015799508,,,
25,Unc_9,False,-0.015127782400000001,,,
31,Phage_2-3,False,-0.0144412619,Phage_2,,
24,Unc_8,False,0.0139985004,,,
34,Transport-1,False,0.0138422943,,,
8,PyrR,False,0.0134194429,PyrR,,
1,CovR-1,False,-0.0130876874,CovR,,
9,MalR,False,-0.0101933762,MalR,,
12,VicR,False,-0.0100806465,VicR,,
14,Unc_4,False,0.0096670616,,,
5,CcpA-1,False,-0.0084998055,CcpA,,
37,Phage_3-2,False,-0.0074147198000000004,Phage_3,,
20,Unc_7,False,0.007073886200000001,,,
41,SLO,False,0.0063572408,,,
32,Unc_11,False,-0.0061753866,,,
39,Transport-2,False,0.0055323544,,,
30,Phage_3-1,False,0.0052402905000000005,Phage_3,,
40,Unc_12,False,-0.0050263482,,,
11,Unc_3,False,-0.0044799476,,,
2,Phage_1-1,False,-0.004261539,Phage_1,,
4,GlnR,False,0.0042030876000000005,GlnR,,
13,Phage_1-2,False,-0.0038092915,Phage_1,,
3,Unc_1,False,0.0036992926,,,
22,Phage_2-2,False,-0.0035151771,Phage_2,,
23,SLS,False,0.0034415925,,,
35,YwzG,False,0.0033911819,YwzG,,
6,Rgg,False,-0.0029470556000000003,Rgg,,
7,Phage_2-1,False,-0.0028510033,Phage_2,,
28,CovR-2,False,-0.002357882,CovR,,
21,CcpA-2,False,0.0022150475,CcpA,,
27,Unc_10,False,0.0020544308,,,
33,Galactose,False,-0.0014522711,,,
16,NrdR,False,-0.0013425373,NrdR,,
29,MalR2,False,0.0013233834,MalR2,,
26,Mga,False,-0.0012905214000000001,Mga,,
36,HrcA,False,0.0008135803,HrcA,,
38,SpeB,False,-0.000609225,,,
19,Unc_6,False,-6.18094e-05,,,
