k,name,in_iM,gene_weight,regulator,function,category
26,Mga,False,0.055361855700000004,Mga,,
19,Unc_6,False,0.0517692027,,,
17,Unc_5,False,-0.0511463169,,,
36,HrcA,False,-0.039450664100000005,HrcA,,
0,FabT,False,-0.0349917083,FabT,,
12,VicR,False,0.0284555621,VicR,,
18,PurR,False,-0.0283812503,PurR,,
4,GlnR,False,-0.0263106921,GlnR,,
22,Phage_2-2,False,-0.024730262200000002,Phage_2,,
23,SLS,False,-0.0227903639,,,
3,Unc_1,False,-0.0218914708,,,
39,Transport-2,False,0.020624526100000002,,,
33,Galactose,False,-0.0202600678,,,
9,MalR,False,-0.018997886000000002,MalR,,
38,SpeB,False,0.016804815900000002,,,
31,Phage_2-3,False,-0.0166928742,Phage_2,,
21,CcpA-2,False,-0.0163767224,CcpA,,
5,CcpA-1,False,-0.015682030200000002,CcpA,,
40,Unc_12,False,0.015088295000000002,,,
16,NrdR,False,-0.0145255639,NrdR,,
25,Unc_9,False,-0.0135248561,,,
11,Unc_3,False,0.013393056,,,
29,MalR2,False,-0.0131071568,MalR2,,
7,Phage_2-1,False,-0.0130544158,Phage_2,,
35,YwzG,False,0.010791033700000001,YwzG,,
6,Rgg,False,0.010554130200000001,Rgg,,
8,PyrR,False,-0.0099441754,PyrR,,
32,Unc_11,False,-0.0092661635,,,
27,Unc_10,False,-0.009203287000000001,,,
30,Phage_3-1,False,0.0082980621,Phage_3,,
14,Unc_4,False,-0.0074072761,,,
34,Transport-1,False,-0.0071868363,,,
15,NanR,False,-0.0067615354,NanR,,
13,Phage_1-2,False,-0.0061744342,Phage_1,,
2,Phage_1-1,False,0.0057571477000000005,Phage_1,,
37,Phage_3-2,False,0.0050785858,Phage_3,,
20,Unc_7,False,-0.0050773268,,,
24,Unc_8,False,-0.0033023699,,,
1,CovR-1,False,-0.0032998652,CovR,,
10,Unc_2,False,-0.0028202087,,,
41,SLO,False,0.0015421631,,,
28,CovR-2,False,-0.0007114510000000001,CovR,,
