k,name,in_iM,gene_weight,regulator,function,category
41,SLO,False,-0.041955146900000004,,,
19,Unc_6,False,-0.0322232539,,,
20,Unc_7,False,-0.0317348509,,,
3,Unc_1,False,-0.029882648300000002,,,
22,Phage_2-2,False,0.0212907271,Phage_2,,
24,Unc_8,False,-0.0173049487,,,
27,Unc_10,False,0.0167784527,,,
30,Phage_3-1,False,-0.0167096104,Phage_3,,
31,Phage_2-3,False,0.0164669627,Phage_2,,
26,Mga,False,-0.0163467105,Mga,,
11,Unc_3,False,0.0158610435,,,
25,Unc_9,False,0.014505411400000001,,,
39,Transport-2,False,-0.013361765900000001,,,
10,Unc_2,False,-0.0129490838,,,
0,FabT,False,-0.0126563827,FabT,,
7,Phage_2-1,False,-0.012550325900000001,Phage_2,,
35,YwzG,False,-0.0125057595,YwzG,,
16,NrdR,False,0.0119059036,NrdR,,
23,SLS,False,-0.0104001638,,,
2,Phage_1-1,False,-0.0101753889,Phage_1,,
21,CcpA-2,False,-0.008995310900000001,CcpA,,
6,Rgg,False,-0.0089544194,Rgg,,
38,SpeB,False,0.008386675,,,
36,HrcA,False,-0.008298039200000001,HrcA,,
14,Unc_4,False,-0.0075407090000000005,,,
34,Transport-1,False,-0.0075362041,,,
29,MalR2,False,-0.0066399489,MalR2,,
5,CcpA-1,False,-0.0064117042,CcpA,,
4,GlnR,False,0.0049034740000000005,GlnR,,
40,Unc_12,False,0.0048833527,,,
1,CovR-1,False,-0.0048056190000000006,CovR,,
28,CovR-2,False,0.0047640015,CovR,,
17,Unc_5,False,-0.0042781697,,,
8,PyrR,False,-0.0037273778000000003,PyrR,,
13,Phage_1-2,False,-0.0033579392,Phage_1,,
37,Phage_3-2,False,0.0032879794,Phage_3,,
12,VicR,False,0.0027388843,VicR,,
18,PurR,False,-0.0027036692,PurR,,
15,NanR,False,0.0026176358,NanR,,
32,Unc_11,False,-0.0019586047,,,
9,MalR,False,0.0010369723,MalR,,
33,Galactose,False,-0.0010014734,,,
