k,name,in_iM,gene_weight,regulator,function,category
33,Galactose,False,-0.0365014737,,,
16,NrdR,False,-0.026572142200000003,NrdR,,
23,SLS,False,-0.0258092981,,,
3,Unc_1,False,-0.0251696232,,,
20,Unc_7,False,0.0250768396,,,
25,Unc_9,False,0.0245958971,,,
9,MalR,False,-0.0216725358,MalR,,
22,Phage_2-2,False,-0.0209549315,Phage_2,,
11,Unc_3,False,-0.017634671600000002,,,
19,Unc_6,False,0.0158383933,,,
40,Unc_12,False,0.0149871263,,,
17,Unc_5,False,-0.0138863561,,,
29,MalR2,False,0.0130856743,MalR2,,
6,Rgg,False,0.0109193702,Rgg,,
5,CcpA-1,False,-0.010009776000000001,CcpA,,
38,SpeB,False,-0.0092967494,,,
18,PurR,False,0.0090232082,PurR,,
12,VicR,False,-0.008998499200000001,VicR,,
1,CovR-1,False,-0.0088945469,CovR,,
26,Mga,False,0.008677620700000001,Mga,,
27,Unc_10,False,-0.008140524,,,
41,SLO,False,-0.0081188361,,,
21,CcpA-2,False,0.0077538813,CcpA,,
35,YwzG,False,0.0065953039,YwzG,,
30,Phage_3-1,False,-0.0062730377,Phage_3,,
34,Transport-1,False,0.0052380639,,,
13,Phage_1-2,False,-0.0051149421,Phage_1,,
14,Unc_4,False,0.0034509999999999996,,,
28,CovR-2,False,-0.0029057695,CovR,,
31,Phage_2-3,False,-0.0028542568,Phage_2,,
24,Unc_8,False,-0.0026817963000000003,,,
39,Transport-2,False,0.0026612568,,,
7,Phage_2-1,False,-0.0021005501,Phage_2,,
8,PyrR,False,-0.0020793754,PyrR,,
15,NanR,False,-0.0015857346,NanR,,
32,Unc_11,False,0.0014078325,,,
0,FabT,False,0.0011041781,FabT,,
10,Unc_2,False,0.0009954715000000001,,,
4,GlnR,False,-0.0006038115000000001,GlnR,,
37,Phage_3-2,False,0.0002766727,Phage_3,,
2,Phage_1-1,False,-0.0001187896,Phage_1,,
36,HrcA,False,5.64731e-05,HrcA,,
