k,name,in_iM,gene_weight,regulator,function,category
27,Unc_10,True,0.0810811025,,,
40,Unc_12,False,-0.0487221289,,,
11,Unc_3,False,0.030810689500000002,,,
5,CcpA-1,False,-0.0300537807,CcpA,,
22,Phage_2-2,False,-0.024320162200000002,Phage_2,,
16,NrdR,False,-0.0234445442,NrdR,,
37,Phage_3-2,False,-0.02320415,Phage_3,,
17,Unc_5,False,-0.0212403088,,,
12,VicR,False,-0.020495754300000002,VicR,,
0,FabT,False,-0.0202589678,FabT,,
32,Unc_11,False,-0.0188366714,,,
34,Transport-1,False,-0.0185132507,,,
41,SLO,False,0.017568196600000002,,,
25,Unc_9,False,0.0135195456,,,
10,Unc_2,False,0.0131632332,,,
38,SpeB,False,0.0118099131,,,
4,GlnR,False,-0.0111538321,GlnR,,
20,Unc_7,False,-0.0100673205,,,
26,Mga,False,0.009641785200000001,Mga,,
6,Rgg,False,0.0087883438,Rgg,,
18,PurR,False,-0.0077881342000000004,PurR,,
7,Phage_2-1,False,0.007585454100000001,Phage_2,,
2,Phage_1-1,False,-0.0074219127,Phage_1,,
1,CovR-1,False,-0.0069425735,CovR,,
23,SLS,False,0.0063091943,,,
21,CcpA-2,False,-0.006233421,CcpA,,
15,NanR,False,-0.0060701824000000005,NanR,,
24,Unc_8,False,-0.005471916,,,
36,HrcA,False,-0.0053622414,HrcA,,
30,Phage_3-1,False,-0.0052031954,Phage_3,,
9,MalR,False,-0.0051756789,MalR,,
19,Unc_6,False,0.0047767288,,,
28,CovR-2,False,0.004591203,CovR,,
8,PyrR,False,0.003941374,PyrR,,
13,Phage_1-2,False,0.0037204526,Phage_1,,
33,Galactose,False,-0.0033570865,,,
31,Phage_2-3,False,-0.0031658932,Phage_2,,
14,Unc_4,False,-0.0030972883000000002,,,
35,YwzG,False,-0.0028974521,YwzG,,
3,Unc_1,False,-0.0023098683,,,
39,Transport-2,False,0.0009713758000000001,,,
29,MalR2,False,-0.0007969293,MalR2,,
