k,name,in_iM,gene_weight,regulator,function,category
10,Unc_2,False,-0.0244248271,,,
19,Unc_6,False,-0.0229721024,,,
14,Unc_4,False,0.0196685991,,,
4,GlnR,False,0.017643855,GlnR,,
8,PyrR,False,0.0173503302,PyrR,,
3,Unc_1,False,0.0152040668,,,
22,Phage_2-2,False,0.013206953700000001,Phage_2,,
41,SLO,False,-0.0128724597,,,
40,Unc_12,False,-0.012423829,,,
11,Unc_3,False,-0.0120810593,,,
39,Transport-2,False,0.0115049155,,,
36,HrcA,False,-0.0113058599,HrcA,,
16,NrdR,False,0.011105523800000001,NrdR,,
35,YwzG,False,-0.0100109152,YwzG,,
12,VicR,False,-0.0099929955,VicR,,
17,Unc_5,False,-0.0094752095,,,
0,FabT,False,0.0091159419,FabT,,
2,Phage_1-1,False,-0.008144658800000001,Phage_1,,
1,CovR-1,False,-0.0070548715000000005,CovR,,
13,Phage_1-2,False,-0.0070282317,Phage_1,,
31,Phage_2-3,False,0.0069401196,Phage_2,,
7,Phage_2-1,False,-0.0065971357,Phage_2,,
25,Unc_9,False,-0.005944415000000001,,,
20,Unc_7,False,0.0059168597,,,
27,Unc_10,False,-0.005062061200000001,,,
32,Unc_11,False,-0.0046848349000000004,,,
6,Rgg,False,-0.0043557449,Rgg,,
34,Transport-1,False,-0.0037798243000000003,,,
24,Unc_8,False,-0.0036417678,,,
15,NanR,False,-0.0034616806,NanR,,
18,PurR,False,-0.0033772660000000003,PurR,,
23,SLS,False,0.0026610903,,,
26,Mga,False,-0.0023600171,Mga,,
21,CcpA-2,False,-0.0021600046000000003,CcpA,,
37,Phage_3-2,False,0.0020653801,Phage_3,,
9,MalR,False,0.0014476735,MalR,,
38,SpeB,False,-0.0012232737,,,
33,Galactose,False,-0.0010534494,,,
30,Phage_3-1,False,0.0009102068,Phage_3,,
28,CovR-2,False,-0.0002211712,CovR,,
5,CcpA-1,False,-0.00010498690000000001,CcpA,,
29,MalR2,False,-6.78778e-05,MalR2,,
