k,name,in_iM,gene_weight,regulator,function,category
23,SLS,True,-0.202856573,,,
33,Galactose,True,-0.12403248130000001,,,
1,CovR-1,True,0.0719018801,CovR,,
5,CcpA-1,False,0.084328335,CcpA,,
26,Mga,False,0.0674718594,Mga,,
12,VicR,False,-0.061927720500000005,VicR,,
15,NanR,False,0.056989479100000004,NanR,,
14,Unc_4,False,-0.056419019200000003,,,
16,NrdR,False,0.0437761143,NrdR,,
41,SLO,False,-0.0400107225,,,
21,CcpA-2,False,0.0398823228,CcpA,,
17,Unc_5,False,-0.0393997924,,,
28,CovR-2,False,0.0391477297,CovR,,
39,Transport-2,False,0.030808478700000003,,,
24,Unc_8,False,-0.030412108400000002,,,
35,YwzG,False,0.0278906813,YwzG,,
38,SpeB,False,0.027196720100000002,,,
27,Unc_10,False,0.0254592296,,,
18,PurR,False,0.0253959377,PurR,,
9,MalR,False,0.0247953248,MalR,,
7,Phage_2-1,False,0.0246262421,Phage_2,,
20,Unc_7,False,0.0207335703,,,
8,PyrR,False,-0.0186028758,PyrR,,
40,Unc_12,False,-0.0184981692,,,
36,HrcA,False,0.017898211,HrcA,,
29,MalR2,False,0.016234185,MalR2,,
32,Unc_11,False,-0.0162171671,,,
25,Unc_9,False,-0.014866305100000001,,,
13,Phage_1-2,False,-0.012971792000000001,Phage_1,,
30,Phage_3-1,False,0.0118634592,Phage_3,,
6,Rgg,False,-0.0107321688,Rgg,,
0,FabT,False,0.010008546600000001,FabT,,
34,Transport-1,False,-0.0087561154,,,
4,GlnR,False,-0.0073850614,GlnR,,
11,Unc_3,False,-0.0068201961,,,
22,Phage_2-2,False,-0.0064002189,Phage_2,,
10,Unc_2,False,0.0057649843000000004,,,
2,Phage_1-1,False,0.0053374576000000005,Phage_1,,
37,Phage_3-2,False,-0.0051986273000000005,Phage_3,,
3,Unc_1,False,0.0023369667,,,
19,Unc_6,False,0.0011022436000000001,,,
31,Phage_2-3,False,0.00028533430000000004,Phage_2,,
