k,name,in_iM,gene_weight,regulator,function,category
1,CovR-1,False,0.06490787640000001,CovR,,
23,SLS,False,0.0546632721,,,
32,Unc_11,False,-0.0275449984,,,
28,CovR-2,False,-0.0266164193,CovR,,
40,Unc_12,False,0.0247669986,,,
16,NrdR,False,-0.0233614264,NrdR,,
10,Unc_2,False,-0.0208057806,,,
39,Transport-2,False,0.0197767093,,,
27,Unc_10,False,-0.0183386145,,,
19,Unc_6,False,-0.016996642200000002,,,
9,MalR,False,-0.0168800073,MalR,,
20,Unc_7,False,0.0165678883,,,
24,Unc_8,False,-0.0161935224,,,
30,Phage_3-1,False,-0.014429414900000001,Phage_3,,
0,FabT,False,0.0138812286,FabT,,
4,GlnR,False,0.0128261876,GlnR,,
33,Galactose,False,-0.0126452953,,,
15,NanR,False,0.0121326998,NanR,,
3,Unc_1,False,0.011841401500000001,,,
7,Phage_2-1,False,0.0104573202,Phage_2,,
26,Mga,False,-0.0102467274,Mga,,
11,Unc_3,False,-0.0101371562,,,
35,YwzG,False,0.0094008721,YwzG,,
21,CcpA-2,False,0.0084930156,CcpA,,
12,VicR,False,-0.008224202,VicR,,
17,Unc_5,False,0.007854908,,,
37,Phage_3-2,False,0.0072261178,Phage_3,,
8,PyrR,False,0.0055112131000000005,PyrR,,
22,Phage_2-2,False,0.0053496273000000006,Phage_2,,
5,CcpA-1,False,0.004262155100000001,CcpA,,
2,Phage_1-1,False,0.0037890935,Phage_1,,
38,SpeB,False,-0.0037710889,,,
41,SLO,False,0.0037399784000000003,,,
13,Phage_1-2,False,-0.002775435,Phage_1,,
25,Unc_9,False,0.0025401447,,,
6,Rgg,False,-0.0024568013,Rgg,,
14,Unc_4,False,0.0015350656000000002,,,
31,Phage_2-3,False,0.0015242052000000001,Phage_2,,
34,Transport-1,False,0.0010723124,,,
29,MalR2,False,-0.0006690948,MalR2,,
18,PurR,False,0.0005756181,PurR,,
36,HrcA,False,0.00014885400000000002,HrcA,,
