k,name,in_iM,gene_weight,regulator,function,category
11,Unc_3,False,0.0256802925,,,
24,Unc_8,False,-0.0214395232,,,
27,Unc_10,False,-0.0208448788,,,
19,Unc_6,False,-0.0207309026,,,
34,Transport-1,False,-0.018797403900000002,,,
20,Unc_7,False,-0.0170640743,,,
25,Unc_9,False,-0.0154423914,,,
16,NrdR,False,-0.0143852274,NrdR,,
10,Unc_2,False,0.0139915357,,,
39,Transport-2,False,-0.0132526311,,,
5,CcpA-1,False,-0.0130924306,CcpA,,
32,Unc_11,False,-0.012961214300000001,,,
41,SLO,False,-0.011980267000000001,,,
37,Phage_3-2,False,-0.010562823300000001,Phage_3,,
3,Unc_1,False,0.010062746000000001,,,
40,Unc_12,False,-0.0098549033,,,
29,MalR2,False,-0.0095133059,MalR2,,
18,PurR,False,-0.0091929314,PurR,,
33,Galactose,False,0.0089929866,,,
35,YwzG,False,-0.0080751072,YwzG,,
21,CcpA-2,False,-0.0073159262000000004,CcpA,,
4,GlnR,False,-0.0066266896,GlnR,,
8,PyrR,False,0.0062882069,PyrR,,
7,Phage_2-1,False,-0.0059388332,Phage_2,,
23,SLS,False,-0.0053445274,,,
30,Phage_3-1,False,-0.0051252168,Phage_3,,
1,CovR-1,False,0.0050576779,CovR,,
15,NanR,False,0.0047666495,NanR,,
2,Phage_1-1,False,-0.0046811614,Phage_1,,
26,Mga,False,-0.0046565654,Mga,,
0,FabT,False,0.0036262687,FabT,,
28,CovR-2,False,-0.0034527657000000002,CovR,,
36,HrcA,False,0.0031743523,HrcA,,
17,Unc_5,False,0.0024553105,,,
31,Phage_2-3,False,-0.0011493971,Phage_2,,
38,SpeB,False,-0.0009449776,,,
22,Phage_2-2,False,0.0009385693,Phage_2,,
13,Phage_1-2,False,-0.0003651881,Phage_1,,
14,Unc_4,False,-0.00033014350000000004,,,
6,Rgg,False,-0.0002027611,Rgg,,
9,MalR,False,0.000192002,MalR,,
12,VicR,False,9.06827e-05,VicR,,
