k,name,in_iM,gene_weight,regulator,function,category
36,HrcA,True,0.1943580618,HrcA,,
25,Unc_9,False,0.038826954500000004,,,
37,Phage_3-2,False,0.0335633988,Phage_3,,
12,VicR,False,-0.0328539556,VicR,,
33,Galactose,False,0.030245634400000002,,,
21,CcpA-2,False,0.027474141400000002,CcpA,,
29,MalR2,False,0.026688096300000002,MalR2,,
19,Unc_6,False,0.026164528700000002,,,
5,CcpA-1,False,0.0236458033,CcpA,,
4,GlnR,False,0.0236278319,GlnR,,
14,Unc_4,False,0.0220248284,,,
27,Unc_10,False,0.0218966092,,,
0,FabT,False,-0.0193231473,FabT,,
6,Rgg,False,-0.0189951044,Rgg,,
9,MalR,False,0.0185419986,MalR,,
24,Unc_8,False,0.016125477200000002,,,
22,Phage_2-2,False,0.0161069195,Phage_2,,
3,Unc_1,False,0.015048732,,,
38,SpeB,False,-0.0117556666,,,
13,Phage_1-2,False,-0.0115824573,Phage_1,,
15,NanR,False,-0.0109949364,NanR,,
31,Phage_2-3,False,-0.0109401159,Phage_2,,
1,CovR-1,False,-0.0107519797,CovR,,
35,YwzG,False,0.010672934200000001,YwzG,,
30,Phage_3-1,False,0.0097074766,Phage_3,,
39,Transport-2,False,-0.0091050695,,,
41,SLO,False,-0.0088407528,,,
8,PyrR,False,-0.008653392000000001,PyrR,,
2,Phage_1-1,False,0.007645863300000001,Phage_1,,
18,PurR,False,0.0074845881,PurR,,
26,Mga,False,0.0068952176000000006,Mga,,
17,Unc_5,False,-0.0064917113,,,
10,Unc_2,False,0.005954910900000001,,,
23,SLS,False,-0.0052860812,,,
28,CovR-2,False,-0.0040793519,CovR,,
40,Unc_12,False,-0.002571238,,,
34,Transport-1,False,0.0024592877,,,
20,Unc_7,False,0.0021565758000000003,,,
32,Unc_11,False,-0.002056388,,,
7,Phage_2-1,False,0.0019252867,Phage_2,,
11,Unc_3,False,-0.0017796767,,,
16,NrdR,False,-0.0016411384,NrdR,,
