k,name,in_iM,gene_weight,regulator,function,category
3,Unc_1,False,0.060001638200000006,,,
10,Unc_2,False,-0.0320873699,,,
19,Unc_6,False,-0.0312510038,,,
24,Unc_8,False,0.029631359200000002,,,
25,Unc_9,False,-0.0295092984,,,
8,PyrR,False,0.0283225629,PyrR,,
18,PurR,False,0.0279064707,PurR,,
0,FabT,False,0.0273431077,FabT,,
12,VicR,False,-0.0270255312,VicR,,
4,GlnR,False,-0.026085657800000002,GlnR,,
34,Transport-1,False,-0.0245519513,,,
5,CcpA-1,False,0.0205661094,CcpA,,
9,MalR,False,0.020456663400000002,MalR,,
36,HrcA,False,-0.0183537051,HrcA,,
30,Phage_3-1,False,-0.0183263197,Phage_3,,
20,Unc_7,False,0.0170938632,,,
15,NanR,False,-0.0168744083,NanR,,
29,MalR2,False,-0.0137067334,MalR2,,
41,SLO,False,-0.0124791078,,,
31,Phage_2-3,False,0.0115550802,Phage_2,,
37,Phage_3-2,False,-0.011374578500000001,Phage_3,,
17,Unc_5,False,0.010742430800000001,,,
28,CovR-2,False,-0.0096705455,CovR,,
27,Unc_10,False,-0.0096572425,,,
32,Unc_11,False,0.009293753,,,
23,SLS,False,0.0091554109,,,
11,Unc_3,False,-0.0088498669,,,
33,Galactose,False,-0.0082556285,,,
39,Transport-2,False,0.0079211105,,,
2,Phage_1-1,False,-0.0069433471,Phage_1,,
21,CcpA-2,False,0.0063066146000000005,CcpA,,
6,Rgg,False,0.0057046397,Rgg,,
14,Unc_4,False,0.0051474592,,,
26,Mga,False,-0.0047292928,Mga,,
40,Unc_12,False,-0.0042536246,,,
35,YwzG,False,0.0030468657,YwzG,,
7,Phage_2-1,False,0.0025167149,Phage_2,,
22,Phage_2-2,False,-0.0022353095,Phage_2,,
13,Phage_1-2,False,0.0020746251,Phage_1,,
38,SpeB,False,-0.0013263626,,,
16,NrdR,False,-0.0009240928,NrdR,,
1,CovR-1,False,0.0006465222,CovR,,
