k,name,in_iM,gene_weight,regulator,function,category
17,Unc_5,True,-0.1699552731,,,
5,CcpA-1,False,-0.06737201250000001,CcpA,,
0,FabT,False,0.053748343500000004,FabT,,
11,Unc_3,False,0.0471498312,,,
35,YwzG,False,-0.0463469909,YwzG,,
8,PyrR,False,0.0400499048,PyrR,,
30,Phage_3-1,False,-0.0360113176,Phage_3,,
16,NrdR,False,-0.0322943886,NrdR,,
37,Phage_3-2,False,-0.0296161447,Phage_3,,
3,Unc_1,False,-0.0258121174,,,
10,Unc_2,False,-0.021733581000000002,,,
41,SLO,False,0.0192304413,,,
36,HrcA,False,-0.017648039100000002,HrcA,,
32,Unc_11,False,0.0176233441,,,
9,MalR,False,-0.0176171818,MalR,,
4,GlnR,False,-0.017535049900000002,GlnR,,
18,PurR,False,-0.017051907800000002,PurR,,
27,Unc_10,False,-0.0159080335,,,
20,Unc_7,False,-0.015214810700000001,,,
12,VicR,False,0.0130670534,VicR,,
1,CovR-1,False,-0.0119774328,CovR,,
13,Phage_1-2,False,-0.0101190055,Phage_1,,
34,Transport-1,False,-0.010053828400000001,,,
38,SpeB,False,0.0096003826,,,
21,CcpA-2,False,-0.0082473841,CcpA,,
39,Transport-2,False,0.0078020713,,,
6,Rgg,False,0.0067398239000000006,Rgg,,
24,Unc_8,False,0.0063853342,,,
19,Unc_6,False,0.0061978332,,,
26,Mga,False,0.0057468965,Mga,,
29,MalR2,False,-0.005613611100000001,MalR2,,
7,Phage_2-1,False,-0.0052891317000000005,Phage_2,,
40,Unc_12,False,0.0049018615,,,
22,Phage_2-2,False,-0.004310705000000001,Phage_2,,
28,CovR-2,False,0.0026082241,CovR,,
23,SLS,False,-0.0024994932000000003,,,
15,NanR,False,0.0024918575000000003,NanR,,
33,Galactose,False,0.0014777448,,,
2,Phage_1-1,False,-0.0009488773,Phage_1,,
31,Phage_2-3,False,-0.00029614720000000004,Phage_2,,
14,Unc_4,False,-0.0001663427,,,
25,Unc_9,False,5.52396e-05,,,
