k,name,in_iM,gene_weight,regulator,function,category
26,Mga,False,0.0452388045,Mga,,
20,Unc_7,False,0.0443696154,,,
15,NanR,False,0.0294035796,NanR,,
23,SLS,False,-0.0266288124,,,
27,Unc_10,False,-0.0258857308,,,
37,Phage_3-2,False,0.0246137055,Phage_3,,
10,Unc_2,False,0.0235862913,,,
16,NrdR,False,0.0220050109,NrdR,,
25,Unc_9,False,0.021106807,,,
36,HrcA,False,-0.0198142491,HrcA,,
1,CovR-1,False,-0.0168232918,CovR,,
12,VicR,False,-0.0159191696,VicR,,
33,Galactose,False,-0.0152807844,,,
41,SLO,False,0.014414528900000001,,,
8,PyrR,False,-0.0139634157,PyrR,,
9,MalR,False,0.0128770876,MalR,,
14,Unc_4,False,-0.0120839477,,,
29,MalR2,False,-0.0111678093,MalR2,,
17,Unc_5,False,0.009970715,,,
34,Transport-1,False,-0.0096047962,,,
7,Phage_2-1,False,0.009161636400000001,Phage_2,,
30,Phage_3-1,False,-0.0089622257,Phage_3,,
24,Unc_8,False,-0.0086790675,,,
40,Unc_12,False,0.0080837883,,,
19,Unc_6,False,0.0080624372,,,
0,FabT,False,0.0077064968000000005,FabT,,
32,Unc_11,False,0.00741102,,,
2,Phage_1-1,False,0.0072605995,Phage_1,,
4,GlnR,False,-0.0054958408,GlnR,,
21,CcpA-2,False,0.0054347658000000005,CcpA,,
6,Rgg,False,-0.0051367108,Rgg,,
22,Phage_2-2,False,-0.0047713451,Phage_2,,
31,Phage_2-3,False,-0.0047538123,Phage_2,,
39,Transport-2,False,0.0047451349000000006,,,
18,PurR,False,-0.0037223856,PurR,,
11,Unc_3,False,-0.0033015576000000003,,,
35,YwzG,False,-0.0031289022000000003,YwzG,,
28,CovR-2,False,-0.0020895622,CovR,,
38,SpeB,False,0.0014587581000000001,,,
5,CcpA-1,False,0.0014224025,CcpA,,
13,Phage_1-2,False,-0.0012469035000000001,Phage_1,,
3,Unc_1,False,-0.0006892212,,,
