k,name,in_iM,gene_weight,regulator,function,category
36,HrcA,True,0.11438483120000001,HrcA,,
16,NrdR,False,0.0498505782,NrdR,,
35,YwzG,False,-0.0462792202,YwzG,,
20,Unc_7,False,-0.0319219699,,,
19,Unc_6,False,0.0317094468,,,
14,Unc_4,False,0.025608254100000002,,,
12,VicR,False,-0.0226941846,VicR,,
39,Transport-2,False,0.020330686100000002,,,
25,Unc_9,False,-0.0202260034,,,
22,Phage_2-2,False,-0.019651245,Phage_2,,
6,Rgg,False,-0.0178574544,Rgg,,
32,Unc_11,False,-0.0151653151,,,
40,Unc_12,False,-0.0151168759,,,
27,Unc_10,False,0.0149735457,,,
38,SpeB,False,0.0139647468,,,
30,Phage_3-1,False,-0.0120586679,Phage_3,,
31,Phage_2-3,False,-0.0116567261,Phage_2,,
15,NanR,False,-0.0106895613,NanR,,
3,Unc_1,False,-0.0102495759,,,
23,SLS,False,0.0090536014,,,
9,MalR,False,-0.008829543300000001,MalR,,
5,CcpA-1,False,0.0087535591,CcpA,,
37,Phage_3-2,False,-0.0086915589,Phage_3,,
4,GlnR,False,0.008529451300000001,GlnR,,
8,PyrR,False,-0.007561571600000001,PyrR,,
11,Unc_3,False,-0.0074507448,,,
17,Unc_5,False,0.0062601218,,,
2,Phage_1-1,False,0.0061040002,Phage_1,,
13,Phage_1-2,False,-0.0060834544,Phage_1,,
7,Phage_2-1,False,0.0058375733,Phage_2,,
10,Unc_2,False,0.0057482322,,,
33,Galactose,False,-0.0056808959,,,
18,PurR,False,-0.0055304902,PurR,,
28,CovR-2,False,0.0042469121,CovR,,
24,Unc_8,False,-0.0037127382000000002,,,
34,Transport-1,False,0.0032243333,,,
21,CcpA-2,False,0.0027754353000000002,CcpA,,
0,FabT,False,-0.0022530826,FabT,,
41,SLO,False,0.0021586014,,,
1,CovR-1,False,-0.0013171684,CovR,,
26,Mga,False,-0.0010829229000000001,Mga,,
29,MalR2,False,0.00037647280000000004,MalR2,,
