k,name,in_iM,gene_weight,regulator,function,category
15,NanR,False,-0.0367144045,NanR,,
4,GlnR,False,-0.0322720746,GlnR,,
10,Unc_2,False,-0.030640608700000002,,,
5,CcpA-1,False,0.029275247,CcpA,,
17,Unc_5,False,0.0214968903,,,
33,Galactose,False,0.0206580674,,,
36,HrcA,False,-0.020259008000000002,HrcA,,
34,Transport-1,False,-0.0160581959,,,
27,Unc_10,False,-0.014783323800000001,,,
3,Unc_1,False,0.0120023552,,,
19,Unc_6,False,0.0119513336,,,
12,VicR,False,0.0110132593,VicR,,
21,CcpA-2,False,-0.0080726351,CcpA,,
41,SLO,False,0.0079988974,,,
20,Unc_7,False,-0.0078203964,,,
23,SLS,False,0.0076077615,,,
2,Phage_1-1,False,-0.0071064050000000005,Phage_1,,
28,CovR-2,False,-0.006865308200000001,CovR,,
26,Mga,False,-0.006555736,Mga,,
1,CovR-1,False,0.0063156076,CovR,,
25,Unc_9,False,-0.006268313100000001,,,
16,NrdR,False,0.0055647765,NrdR,,
14,Unc_4,False,-0.005529269000000001,,,
0,FabT,False,0.0051802223000000005,FabT,,
18,PurR,False,0.0039926571,PurR,,
7,Phage_2-1,False,0.0034966133,Phage_2,,
6,Rgg,False,-0.0033960886,Rgg,,
30,Phage_3-1,False,0.0029546736000000003,Phage_3,,
40,Unc_12,False,0.0028706527000000003,,,
22,Phage_2-2,False,0.0021246111000000002,Phage_2,,
24,Unc_8,False,-0.002041256,,,
13,Phage_1-2,False,-0.0017852085,Phage_1,,
31,Phage_2-3,False,0.0014813952,Phage_2,,
35,YwzG,False,0.0014204947,YwzG,,
38,SpeB,False,-0.0012802592,,,
39,Transport-2,False,-0.0011900668,,,
32,Unc_11,False,-0.0009934906,,,
11,Unc_3,False,0.0007414903,,,
37,Phage_3-2,False,-0.0007132492000000001,Phage_3,,
9,MalR,False,-0.0003993722,MalR,,
8,PyrR,False,0.00011702980000000001,PyrR,,
29,MalR2,False,2.29634e-05,MalR2,,
