k,name,in_iM,gene_weight,regulator,function,category
20,Unc_7,False,0.0564576117,,,
10,Unc_2,False,-0.0401914205,,,
18,PurR,False,0.036105019200000005,PurR,,
14,Unc_4,False,-0.0304777839,,,
3,Unc_1,False,0.029958278100000003,,,
12,VicR,False,-0.0286129577,VicR,,
33,Galactose,False,-0.0265422077,,,
25,Unc_9,False,0.0255111279,,,
24,Unc_8,False,0.024706581300000002,,,
0,FabT,False,-0.0234346817,FabT,,
31,Phage_2-3,False,0.020345332900000002,Phage_2,,
8,PyrR,False,0.0179857102,PyrR,,
32,Unc_11,False,0.017162734000000002,,,
21,CcpA-2,False,0.0159223338,CcpA,,
22,Phage_2-2,False,0.0140826036,Phage_2,,
40,Unc_12,False,-0.0139417609,,,
4,GlnR,False,0.0132943842,GlnR,,
35,YwzG,False,-0.0128650732,YwzG,,
23,SLS,False,-0.012006221800000001,,,
37,Phage_3-2,False,0.0119255305,Phage_3,,
38,SpeB,False,-0.0102623208,,,
39,Transport-2,False,-0.0100061546,,,
30,Phage_3-1,False,-0.009797450000000001,Phage_3,,
17,Unc_5,False,-0.009656159400000001,,,
41,SLO,False,-0.009423215700000001,,,
34,Transport-1,False,0.00889256,,,
29,MalR2,False,0.0076367581,MalR2,,
36,HrcA,False,0.006965453700000001,HrcA,,
6,Rgg,False,-0.0068722859,Rgg,,
1,CovR-1,False,0.0066233169000000005,CovR,,
27,Unc_10,False,-0.0065214304,,,
28,CovR-2,False,0.0063127895,CovR,,
9,MalR,False,-0.0057757577,MalR,,
13,Phage_1-2,False,-0.0052708912,Phage_1,,
11,Unc_3,False,0.0045031369,,,
19,Unc_6,False,-0.0037384465,,,
16,NrdR,False,-0.0021504323,NrdR,,
15,NanR,False,0.0014366976,NanR,,
5,CcpA-1,False,0.0014078841000000001,CcpA,,
7,Phage_2-1,False,0.0013859745,Phage_2,,
2,Phage_1-1,False,-0.0008897639,Phage_1,,
26,Mga,False,0.0001654645,Mga,,
