k,name,in_iM,gene_weight,regulator,function,category
41,SLO,True,0.2464807118,,,
1,CovR-1,True,0.1365552424,CovR,,
29,MalR2,True,0.1235534858,MalR2,,
28,CovR-2,True,0.0594197224,CovR,,
16,NrdR,False,-0.0698810162,NrdR,,
3,Unc_1,False,-0.0306419666,,,
24,Unc_8,False,0.0281570595,,,
27,Unc_10,False,0.0279686586,,,
21,CcpA-2,False,-0.025564327100000003,CcpA,,
23,SLS,False,0.025353744100000002,,,
38,SpeB,False,-0.022711621,,,
18,PurR,False,0.0196423027,PurR,,
13,Phage_1-2,False,0.0185840533,Phage_1,,
10,Unc_2,False,-0.0179065604,,,
37,Phage_3-2,False,0.0177342696,Phage_3,,
5,CcpA-1,False,-0.0176102839,CcpA,,
14,Unc_4,False,0.0149172503,,,
0,FabT,False,-0.0147645884,FabT,,
9,MalR,False,-0.0139644124,MalR,,
20,Unc_7,False,0.0135827024,,,
6,Rgg,False,-0.0130265254,Rgg,,
19,Unc_6,False,-0.0110759827,,,
32,Unc_11,False,-0.0097277925,,,
11,Unc_3,False,0.009162928,,,
8,PyrR,False,0.008909167,PyrR,,
39,Transport-2,False,0.0080521753,,,
34,Transport-1,False,0.007303409,,,
30,Phage_3-1,False,-0.006241130100000001,Phage_3,,
12,VicR,False,-0.0057985487,VicR,,
36,HrcA,False,-0.0044599784,HrcA,,
15,NanR,False,-0.0042071377,NanR,,
26,Mga,False,-0.003098801,Mga,,
2,Phage_1-1,False,-0.0028361961,Phage_1,,
35,YwzG,False,0.0028186875,YwzG,,
7,Phage_2-1,False,0.0026004892,Phage_2,,
31,Phage_2-3,False,-0.0021291762,Phage_2,,
25,Unc_9,False,-0.0011291102,,,
4,GlnR,False,0.0005738092000000001,GlnR,,
22,Phage_2-2,False,0.0004815708,Phage_2,,
33,Galactose,False,0.0003266863,,,
40,Unc_12,False,-0.0002852426,,,
17,Unc_5,False,-0.00014379330000000002,,,
