k,name,in_iM,gene_weight,regulator,function,category
3,Unc_1,False,0.044629917000000005,,,
41,SLO,False,0.0402639785,,,
27,Unc_10,False,-0.0337779702,,,
30,Phage_3-1,False,0.0315691169,Phage_3,,
1,CovR-1,False,-0.0304926737,CovR,,
19,Unc_6,False,-0.023432364100000002,,,
22,Phage_2-2,False,0.022634836800000002,Phage_2,,
39,Transport-2,False,0.0196592235,,,
21,CcpA-2,False,-0.0150722549,CcpA,,
33,Galactose,False,-0.0150220749,,,
25,Unc_9,False,0.0148205405,,,
34,Transport-1,False,-0.0129457444,,,
31,Phage_2-3,False,0.0126532756,Phage_2,,
11,Unc_3,False,-0.012273946400000001,,,
9,MalR,False,0.011119220400000001,MalR,,
18,PurR,False,0.0109136927,PurR,,
15,NanR,False,0.0107950741,NanR,,
16,NrdR,False,0.0105084484,NrdR,,
40,Unc_12,False,-0.0100486379,,,
36,HrcA,False,0.0099016263,HrcA,,
5,CcpA-1,False,0.0095452529,CcpA,,
17,Unc_5,False,0.009024740100000001,,,
23,SLS,False,-0.0087977301,,,
10,Unc_2,False,-0.0082054003,,,
26,Mga,False,-0.0077356391,Mga,,
7,Phage_2-1,False,0.0075692375,Phage_2,,
38,SpeB,False,0.007354046600000001,,,
35,YwzG,False,0.0072118729,YwzG,,
14,Unc_4,False,0.0070205051,,,
6,Rgg,False,0.0062945175,Rgg,,
24,Unc_8,False,-0.0061516276,,,
8,PyrR,False,-0.0059786987,PyrR,,
29,MalR2,False,-0.0058573923,MalR2,,
37,Phage_3-2,False,-0.0058454571000000006,Phage_3,,
2,Phage_1-1,False,-0.0055894483,Phage_1,,
13,Phage_1-2,False,-0.005488265,Phage_1,,
0,FabT,False,-0.0048437795,FabT,,
4,GlnR,False,-0.0037418281,GlnR,,
32,Unc_11,False,-0.0031666301,,,
12,VicR,False,-0.0014254040000000001,VicR,,
28,CovR-2,False,-0.0007269386,CovR,,
20,Unc_7,False,0.0004219782,,,
