k,name,in_iM,gene_weight,regulator,function,category
32,Unc_11,False,0.06467307060000001,,,
20,Unc_7,False,0.0637254999,,,
29,MalR2,False,-0.0262797265,MalR2,,
27,Unc_10,False,0.024000895,,,
26,Mga,False,-0.019972094000000003,Mga,,
17,Unc_5,False,-0.0180879892,,,
0,FabT,False,-0.0180785397,FabT,,
40,Unc_12,False,-0.0174282239,,,
11,Unc_3,False,-0.015982132200000002,,,
41,SLO,False,-0.0141926098,,,
10,Unc_2,False,0.0138398368,,,
24,Unc_8,False,-0.0136508672,,,
2,Phage_1-1,False,-0.0134318226,Phage_1,,
37,Phage_3-2,False,-0.0132814562,Phage_3,,
38,SpeB,False,0.0119666883,,,
35,YwzG,False,-0.010302832900000001,YwzG,,
34,Transport-1,False,0.0090630105,,,
16,NrdR,False,-0.009027906700000001,NrdR,,
5,CcpA-1,False,-0.0084539931,CcpA,,
12,VicR,False,0.0077137557,VicR,,
4,GlnR,False,0.007286921500000001,GlnR,,
14,Unc_4,False,-0.0069750113,,,
33,Galactose,False,-0.0044610356000000006,,,
23,SLS,False,-0.0043102968,,,
31,Phage_2-3,False,0.0040959419,Phage_2,,
3,Unc_1,False,0.0040633998,,,
15,NanR,False,-0.0036124971,NanR,,
39,Transport-2,False,-0.0035842346,,,
6,Rgg,False,-0.0034893483000000003,Rgg,,
8,PyrR,False,-0.0032033567000000003,PyrR,,
28,CovR-2,False,-0.0026812856,CovR,,
22,Phage_2-2,False,0.0023214212000000002,Phage_2,,
36,HrcA,False,-0.0021008934,HrcA,,
9,MalR,False,-0.0020762556,MalR,,
13,Phage_1-2,False,0.0018382883,Phage_1,,
7,Phage_2-1,False,0.0015894420000000002,Phage_2,,
19,Unc_6,False,0.0015844522000000002,,,
21,CcpA-2,False,0.0014994295,CcpA,,
25,Unc_9,False,-0.0012330864000000001,,,
30,Phage_3-1,False,-0.0010746901000000001,Phage_3,,
1,CovR-1,False,0.0009705415000000001,CovR,,
18,PurR,False,7.48318e-05,PurR,,
