k,name,in_iM,gene_weight,regulator,function,category
24,Unc_8,False,-0.0262508285,,,
34,Transport-1,False,0.0234442036,,,
19,Unc_6,False,0.0226281646,,,
32,Unc_11,False,0.0197519305,,,
17,Unc_5,False,0.0136005356,,,
1,CovR-1,False,-0.013311112600000001,CovR,,
20,Unc_7,False,-0.0114590622,,,
12,VicR,False,-0.0110619319,VicR,,
16,NrdR,False,-0.009724012,NrdR,,
2,Phage_1-1,False,-0.0090538285,Phage_1,,
35,YwzG,False,0.0087808338,YwzG,,
40,Unc_12,False,-0.0083135948,,,
37,Phage_3-2,False,-0.0072560606,Phage_3,,
39,Transport-2,False,0.0069967564,,,
3,Unc_1,False,-0.0068941124,,,
11,Unc_3,False,-0.0064873364,,,
31,Phage_2-3,False,0.0063439453,Phage_2,,
4,GlnR,False,0.0062585275000000004,GlnR,,
22,Phage_2-2,False,-0.0061371348,Phage_2,,
15,NanR,False,-0.0055081569,NanR,,
26,Mga,False,-0.0054756769,Mga,,
7,Phage_2-1,False,-0.0051661027,Phage_2,,
18,PurR,False,0.0046417108000000006,PurR,,
5,CcpA-1,False,0.0041973676,CcpA,,
14,Unc_4,False,0.0041865055,,,
36,HrcA,False,-0.0040770679,HrcA,,
30,Phage_3-1,False,-0.0037012940000000004,Phage_3,,
6,Rgg,False,0.003535125,Rgg,,
9,MalR,False,-0.0033610116000000003,MalR,,
33,Galactose,False,-0.0031761969,,,
23,SLS,False,-0.0027608718,,,
10,Unc_2,False,0.0026861940000000003,,,
0,FabT,False,0.0026062705,FabT,,
29,MalR2,False,-0.0023870707,MalR2,,
38,SpeB,False,-0.002161628,,,
41,SLO,False,0.0015015986,,,
25,Unc_9,False,-0.0012449639,,,
28,CovR-2,False,-0.000989731,CovR,,
13,Phage_1-2,False,-0.0007373106,Phage_1,,
21,CcpA-2,False,0.0007045594,CcpA,,
8,PyrR,False,-0.0006523653,PyrR,,
27,Unc_10,False,0.0003618254,,,
