k,name,in_iM,gene_weight,regulator,function,category
23,SLS,False,0.0474455336,,,
9,MalR,False,0.0450774523,MalR,,
16,NrdR,False,-0.0401278887,NrdR,,
36,HrcA,False,0.0371028314,HrcA,,
15,NanR,False,0.0359145492,NanR,,
39,Transport-2,False,0.035015656900000004,,,
21,CcpA-2,False,0.0346721501,CcpA,,
12,VicR,False,-0.031107447200000003,VicR,,
18,PurR,False,-0.0272822162,PurR,,
25,Unc_9,False,-0.0251384417,,,
34,Transport-1,False,0.023937855,,,
41,SLO,False,-0.0201579194,,,
3,Unc_1,False,0.0189756835,,,
30,Phage_3-1,False,-0.0189335266,Phage_3,,
33,Galactose,False,0.0161850835,,,
35,YwzG,False,-0.0154144645,YwzG,,
26,Mga,False,-0.0152659817,Mga,,
0,FabT,False,0.0144572129,FabT,,
29,MalR2,False,0.011218822100000001,MalR2,,
17,Unc_5,False,-0.010999435200000001,,,
11,Unc_3,False,-0.010837345200000001,,,
40,Unc_12,False,-0.0096584131,,,
8,PyrR,False,-0.0094300614,PyrR,,
7,Phage_2-1,False,-0.008251956900000001,Phage_2,,
5,CcpA-1,False,0.008038539400000001,CcpA,,
4,GlnR,False,0.0072710329,GlnR,,
13,Phage_1-2,False,0.0070639606,Phage_1,,
37,Phage_3-2,False,0.0068541747,Phage_3,,
14,Unc_4,False,-0.0065700777,,,
24,Unc_8,False,0.0057007855000000005,,,
38,SpeB,False,0.0054376039,,,
27,Unc_10,False,0.0052865584,,,
1,CovR-1,False,0.0026002262000000003,CovR,,
28,CovR-2,False,-0.0023011703,CovR,,
20,Unc_7,False,-0.0022919756,,,
2,Phage_1-1,False,-0.0021121278,Phage_1,,
32,Unc_11,False,-0.0018351669000000001,,,
6,Rgg,False,0.0014001297,Rgg,,
22,Phage_2-2,False,-0.0013368716,Phage_2,,
19,Unc_6,False,-0.0009220762,,,
31,Phage_2-3,False,-0.0007403454,Phage_2,,
10,Unc_2,False,0.0006303662,,,
