k,name,in_iM,gene_weight,regulator,function,category
14,Unc_4,False,-0.06752485600000001,,,
1,CovR-1,False,0.0429811617,CovR,,
5,CcpA-1,False,0.0406957581,CcpA,,
34,Transport-1,False,-0.0399208666,,,
22,Phage_2-2,False,0.0350681588,Phage_2,,
38,SpeB,False,0.0346814794,,,
27,Unc_10,False,-0.0323185994,,,
18,PurR,False,-0.0292360661,PurR,,
20,Unc_7,False,-0.0256933119,,,
10,Unc_2,False,0.0254779914,,,
26,Mga,False,-0.0252485305,Mga,,
9,MalR,False,0.022895225,MalR,,
21,CcpA-2,False,0.020500021400000002,CcpA,,
8,PyrR,False,-0.0203356436,PyrR,,
40,Unc_12,False,-0.0188217532,,,
0,FabT,False,0.0184099676,FabT,,
17,Unc_5,False,0.0180880707,,,
29,MalR2,False,-0.0167950735,MalR2,,
3,Unc_1,False,-0.0165147105,,,
37,Phage_3-2,False,0.0152364041,Phage_3,,
4,GlnR,False,0.0151822463,GlnR,,
12,VicR,False,0.0147513192,VicR,,
28,CovR-2,False,-0.013882456500000001,CovR,,
15,NanR,False,-0.0138788839,NanR,,
39,Transport-2,False,-0.0133658513,,,
33,Galactose,False,0.0126101584,,,
36,HrcA,False,-0.0111463763,HrcA,,
24,Unc_8,False,0.0106422828,,,
25,Unc_9,False,0.0100824522,,,
7,Phage_2-1,False,-0.0100506384,Phage_2,,
13,Phage_1-2,False,-0.0073657649,Phage_1,,
41,SLO,False,-0.0068161688,,,
23,SLS,False,-0.004686233000000001,,,
6,Rgg,False,0.0046529299,Rgg,,
30,Phage_3-1,False,-0.0040813284000000005,Phage_3,,
16,NrdR,False,0.0034683388000000003,NrdR,,
19,Unc_6,False,0.0032681994,,,
35,YwzG,False,-0.002759221,YwzG,,
31,Phage_2-3,False,0.0027358215,Phage_2,,
2,Phage_1-1,False,0.0020674025,Phage_1,,
32,Unc_11,False,-0.0020285853,,,
11,Unc_3,False,-0.0010397964,,,
