k,name,in_iM,gene_weight,regulator,function,category
18,PurR,False,0.0426468998,PurR,,
8,PyrR,False,0.0296031279,PyrR,,
23,SLS,False,0.028535810800000002,,,
19,Unc_6,False,-0.0262128511,,,
5,CcpA-1,False,0.0258119082,CcpA,,
4,GlnR,False,-0.0252542457,GlnR,,
32,Unc_11,False,-0.025191975300000002,,,
34,Transport-1,False,-0.025018347700000002,,,
26,Mga,False,-0.0224458238,Mga,,
16,NrdR,False,-0.0218164668,NrdR,,
24,Unc_8,False,0.021769687200000002,,,
36,HrcA,False,-0.021160309500000002,HrcA,,
11,Unc_3,False,0.0207623428,,,
29,MalR2,False,-0.019403389400000002,MalR2,,
12,VicR,False,-0.0181516761,VicR,,
33,Galactose,False,0.0170348668,,,
39,Transport-2,False,0.0162873682,,,
7,Phage_2-1,False,0.015023726500000001,Phage_2,,
15,NanR,False,-0.0145029311,NanR,,
14,Unc_4,False,-0.0144200713,,,
2,Phage_1-1,False,0.0122971298,Phage_1,,
37,Phage_3-2,False,0.0115296426,Phage_3,,
3,Unc_1,False,0.0097646885,,,
20,Unc_7,False,-0.0097379839,,,
21,CcpA-2,False,0.009553702800000001,CcpA,,
40,Unc_12,False,-0.0091693008,,,
10,Unc_2,False,0.0091359492,,,
1,CovR-1,False,0.0067086115,CovR,,
22,Phage_2-2,False,-0.006004530300000001,Phage_2,,
31,Phage_2-3,False,0.0050474319000000005,Phage_2,,
27,Unc_10,False,-0.0035908487,,,
6,Rgg,False,0.0032899770000000004,Rgg,,
28,CovR-2,False,0.0026742675000000003,CovR,,
38,SpeB,False,0.0024232981,,,
30,Phage_3-1,False,-0.0022235412,Phage_3,,
17,Unc_5,False,-0.0014432188,,,
35,YwzG,False,-0.0012545494000000001,YwzG,,
13,Phage_1-2,False,-0.0011044255,Phage_1,,
0,FabT,False,0.0010751416,FabT,,
9,MalR,False,-0.0006738593000000001,MalR,,
41,SLO,False,-0.0004121869,,,
25,Unc_9,False,-5.56632e-05,,,
