k,name,in_iM,gene_weight,regulator,function,category
23,SLS,False,0.0491616869,,,
28,CovR-2,False,-0.039859778400000004,CovR,,
27,Unc_10,False,-0.0272080638,,,
4,GlnR,False,-0.0254726685,GlnR,,
20,Unc_7,False,0.0237897688,,,
16,NrdR,False,-0.020338727,NrdR,,
41,SLO,False,-0.019942427000000002,,,
9,MalR,False,0.0183641261,MalR,,
10,Unc_2,False,-0.0155162657,,,
39,Transport-2,False,0.013832592500000001,,,
15,NanR,False,0.0114363678,NanR,,
19,Unc_6,False,-0.0113559303,,,
6,Rgg,False,0.0113248331,Rgg,,
11,Unc_3,False,-0.0112978539,,,
5,CcpA-1,False,0.0108129043,CcpA,,
21,CcpA-2,False,-0.0107720805,CcpA,,
7,Phage_2-1,False,-0.010757230500000001,Phage_2,,
3,Unc_1,False,-0.009492607600000001,,,
30,Phage_3-1,False,-0.0087895058,Phage_3,,
17,Unc_5,False,-0.0081262897,,,
34,Transport-1,False,0.0080824324,,,
22,Phage_2-2,False,-0.0080218408,Phage_2,,
12,VicR,False,-0.0077045944000000005,VicR,,
1,CovR-1,False,-0.0069840727,CovR,,
33,Galactose,False,0.006346007000000001,,,
18,PurR,False,-0.0052206131,PurR,,
36,HrcA,False,-0.0051338932000000006,HrcA,,
35,YwzG,False,0.0039867878,YwzG,,
31,Phage_2-3,False,-0.00301175,Phage_2,,
13,Phage_1-2,False,-0.0029256242,Phage_1,,
32,Unc_11,False,-0.0028180979,,,
38,SpeB,False,0.0028084626,,,
25,Unc_9,False,0.0025407722000000002,,,
40,Unc_12,False,0.0021310333,,,
29,MalR2,False,0.0014169312,MalR2,,
37,Phage_3-2,False,0.0013078386,Phage_3,,
26,Mga,False,-0.0010766596,Mga,,
24,Unc_8,False,0.0009111138,,,
2,Phage_1-1,False,0.0007827652,Phage_1,,
14,Unc_4,False,-0.00041327940000000004,,,
0,FabT,False,-0.00015149950000000002,FabT,,
8,PyrR,False,-3.29938e-05,PyrR,,
