k,name,in_iM,gene_weight,regulator,function,category
40,Unc_12,False,-0.0301040352,,,
11,Unc_3,False,-0.027489162600000002,,,
32,Unc_11,False,-0.024723845300000002,,,
19,Unc_6,False,0.0203982181,,,
24,Unc_8,False,-0.0194277641,,,
36,HrcA,False,-0.0179036697,HrcA,,
16,NrdR,False,-0.0142961647,NrdR,,
14,Unc_4,False,0.0136877804,,,
33,Galactose,False,-0.0115799883,,,
12,VicR,False,0.011429238100000001,VicR,,
34,Transport-1,False,-0.008634736,,,
28,CovR-2,False,-0.0084394024,CovR,,
29,MalR2,False,-0.0064626321,MalR2,,
6,Rgg,False,-0.0064351853,Rgg,,
2,Phage_1-1,False,-0.006408069000000001,Phage_1,,
10,Unc_2,False,0.0063056256,,,
3,Unc_1,False,-0.0062786652,,,
21,CcpA-2,False,-0.0062349402000000005,CcpA,,
35,YwzG,False,0.0060460384,YwzG,,
9,MalR,False,-0.0059706856,MalR,,
37,Phage_3-2,False,0.0053668364,Phage_3,,
39,Transport-2,False,0.0053314205000000005,,,
5,CcpA-1,False,-0.0049097540000000005,CcpA,,
23,SLS,False,-0.0041370782,,,
31,Phage_2-3,False,-0.003945214,Phage_2,,
26,Mga,False,0.0039028173,Mga,,
18,PurR,False,-0.0036470185000000003,PurR,,
4,GlnR,False,0.0034730499,GlnR,,
25,Unc_9,False,0.0033078374000000002,,,
22,Phage_2-2,False,-0.0029042863,Phage_2,,
41,SLO,False,-0.002614977,,,
20,Unc_7,False,0.0020567606,,,
13,Phage_1-2,False,-0.0017857958,Phage_1,,
17,Unc_5,False,-0.0016597064,,,
8,PyrR,False,0.0015228218,PyrR,,
27,Unc_10,False,0.0014825491000000001,,,
7,Phage_2-1,False,-0.0012515315000000001,Phage_2,,
30,Phage_3-1,False,0.0012094148,Phage_3,,
0,FabT,False,-0.0007407239000000001,FabT,,
38,SpeB,False,-0.0006451573,,,
15,NanR,False,-0.00048559950000000003,NanR,,
1,CovR-1,False,0.00040632600000000004,CovR,,
