k,name,in_iM,gene_weight,regulator,function,category
30,Phage_3-1,True,0.1292955852,Phage_3,,
12,VicR,False,0.054868926500000005,VicR,,
39,Transport-2,False,-0.0391464047,,,
40,Unc_12,False,0.0374266049,,,
9,MalR,False,-0.034177760700000004,MalR,,
19,Unc_6,False,0.027826071,,,
3,Unc_1,False,-0.026500352300000002,,,
33,Galactose,False,-0.0242247883,,,
16,NrdR,False,-0.0235325834,NrdR,,
21,CcpA-2,False,0.0218818595,CcpA,,
35,YwzG,False,0.0194648156,YwzG,,
36,HrcA,False,0.0192646204,HrcA,,
25,Unc_9,False,-0.0158835438,,,
0,FabT,False,-0.015874657400000002,FabT,,
13,Phage_1-2,False,0.0157875434,Phage_1,,
23,SLS,False,-0.0153165395,,,
31,Phage_2-3,False,0.0152910743,Phage_2,,
34,Transport-1,False,-0.0145218104,,,
11,Unc_3,False,0.0131267406,,,
17,Unc_5,False,-0.0125693433,,,
32,Unc_11,False,0.0122076361,,,
6,Rgg,False,0.0116646651,Rgg,,
28,CovR-2,False,0.0116141092,CovR,,
27,Unc_10,False,-0.010397724,,,
26,Mga,False,0.010110726300000001,Mga,,
24,Unc_8,False,-0.0100529164,,,
20,Unc_7,False,-0.009135014,,,
22,Phage_2-2,False,0.0067627843000000005,Phage_2,,
8,PyrR,False,0.0065378585,PyrR,,
4,GlnR,False,0.0061971324,GlnR,,
10,Unc_2,False,0.0059964728,,,
29,MalR2,False,-0.0055955225,MalR2,,
7,Phage_2-1,False,-0.005401267600000001,Phage_2,,
2,Phage_1-1,False,0.0050900055000000005,Phage_1,,
18,PurR,False,0.0049812479,PurR,,
14,Unc_4,False,0.0039076991,,,
1,CovR-1,False,0.0033256233000000003,CovR,,
5,CcpA-1,False,-0.0027905388000000002,CcpA,,
37,Phage_3-2,False,0.0026494253,Phage_3,,
38,SpeB,False,-0.0018209091000000001,,,
41,SLO,False,-0.0011344981,,,
15,NanR,False,-0.0003186037,NanR,,
