k,name,in_iM,gene_weight,regulator,function,category
32,Unc_11,False,-0.0666229173,,,
12,VicR,False,0.0328580991,VicR,,
41,SLO,False,0.031601032700000004,,,
15,NanR,False,-0.0304246827,NanR,,
24,Unc_8,False,-0.029412188000000002,,,
39,Transport-2,False,-0.0263638505,,,
9,MalR,False,0.0250140253,MalR,,
18,PurR,False,-0.0229067968,PurR,,
4,GlnR,False,-0.0227412082,GlnR,,
40,Unc_12,False,-0.0217278076,,,
3,Unc_1,False,0.0204504285,,,
28,CovR-2,False,-0.01708569,CovR,,
1,CovR-1,False,0.0170317187,CovR,,
14,Unc_4,False,-0.015686701,,,
31,Phage_2-3,False,-0.0154713452,Phage_2,,
7,Phage_2-1,False,0.014474794000000001,Phage_2,,
38,SpeB,False,0.012205829500000001,,,
33,Galactose,False,-0.011042116400000001,,,
23,SLS,False,-0.0109954669,,,
16,NrdR,False,-0.0108809886,NrdR,,
19,Unc_6,False,0.010515247,,,
5,CcpA-1,False,0.010494774,CcpA,,
27,Unc_10,False,-0.009121358100000001,,,
8,PyrR,False,-0.0090800425,PyrR,,
29,MalR2,False,0.0089200938,MalR2,,
22,Phage_2-2,False,-0.0086825574,Phage_2,,
25,Unc_9,False,-0.0072894704,,,
37,Phage_3-2,False,-0.006220849200000001,Phage_3,,
20,Unc_7,False,0.0057302691,,,
11,Unc_3,False,-0.0053661755000000005,,,
36,HrcA,False,0.005289664,HrcA,,
2,Phage_1-1,False,-0.0051844916000000005,Phage_1,,
17,Unc_5,False,-0.0041425489,,,
30,Phage_3-1,False,-0.0040761079000000006,Phage_3,,
10,Unc_2,False,-0.0037899557,,,
6,Rgg,False,-0.0036675962,Rgg,,
0,FabT,False,-0.0029279727000000003,FabT,,
26,Mga,False,0.0027955077000000003,Mga,,
13,Phage_1-2,False,-0.0018364479,Phage_1,,
21,CcpA-2,False,-0.0018016696,CcpA,,
34,Transport-1,False,-0.0014082631000000001,,,
35,YwzG,False,0.0013866593,YwzG,,
