k,name,in_iM,gene_weight,regulator,function,category
41,SLO,False,-0.035315806400000004,,,
4,GlnR,False,0.0346554306,GlnR,,
0,FabT,False,0.0204520384,FabT,,
34,Transport-1,False,0.020262454000000003,,,
14,Unc_4,False,0.0199381371,,,
8,PyrR,False,0.019869008100000002,PyrR,,
27,Unc_10,False,-0.0168641054,,,
3,Unc_1,False,0.0162002558,,,
17,Unc_5,False,0.0148868833,,,
32,Unc_11,False,0.0125485856,,,
40,Unc_12,False,-0.0120900218,,,
1,CovR-1,False,-0.0115109047,CovR,,
21,CcpA-2,False,-0.0109022843,CcpA,,
22,Phage_2-2,False,0.0104581818,Phage_2,,
20,Unc_7,False,0.0099376836,,,
30,Phage_3-1,False,-0.0092035808,Phage_3,,
33,Galactose,False,-0.0088835691,,,
7,Phage_2-1,False,-0.0086220106,Phage_2,,
29,MalR2,False,0.0085399323,MalR2,,
10,Unc_2,False,-0.0078224021,,,
26,Mga,False,-0.0067419306,Mga,,
16,NrdR,False,0.0062764653,NrdR,,
15,NanR,False,0.006256995600000001,NanR,,
38,SpeB,False,-0.005905743000000001,,,
2,Phage_1-1,False,-0.0052769387,Phage_1,,
37,Phage_3-2,False,-0.0050737311,Phage_3,,
28,CovR-2,False,0.0039236413,CovR,,
35,YwzG,False,0.0038334196,YwzG,,
19,Unc_6,False,0.0038086327,,,
39,Transport-2,False,-0.0036358921,,,
11,Unc_3,False,-0.0031582793,,,
23,SLS,False,-0.0029517767,,,
13,Phage_1-2,False,-0.0028243036,Phage_1,,
6,Rgg,False,-0.0025531967,Rgg,,
31,Phage_2-3,False,0.0024017106000000002,Phage_2,,
36,HrcA,False,-0.0016631451,HrcA,,
25,Unc_9,False,0.0014077410000000001,,,
5,CcpA-1,False,0.0009599206,CcpA,,
12,VicR,False,-0.0008517617000000001,VicR,,
9,MalR,False,0.0004465725,MalR,,
24,Unc_8,False,-0.0001881114,,,
18,PurR,False,-0.00016367590000000002,PurR,,
