k,name,in_iM,gene_weight,regulator,function,category
30,Phage_3-1,True,0.1329387458,Phage_3,,
19,Unc_6,False,0.0570419007,,,
36,HrcA,False,0.053992536800000004,HrcA,,
16,NrdR,False,-0.0436608683,NrdR,,
15,NanR,False,0.0393599509,NanR,,
4,GlnR,False,0.034917371,GlnR,,
27,Unc_10,False,-0.0314392068,,,
11,Unc_3,False,0.0309707788,,,
7,Phage_2-1,False,-0.0283320718,Phage_2,,
29,MalR2,False,-0.0265471809,MalR2,,
40,Unc_12,False,-0.026395876500000002,,,
37,Phage_3-2,False,-0.0263539672,Phage_3,,
20,Unc_7,False,-0.0262805142,,,
3,Unc_1,False,0.0261714677,,,
38,SpeB,False,0.020682496800000002,,,
22,Phage_2-2,False,-0.0198897196,Phage_2,,
39,Transport-2,False,-0.0189646194,,,
33,Galactose,False,-0.0158995793,,,
28,CovR-2,False,0.0156204889,CovR,,
26,Mga,False,-0.0119591236,Mga,,
14,Unc_4,False,-0.0118566308,,,
10,Unc_2,False,0.0112105962,,,
6,Rgg,False,0.010264245,Rgg,,
23,SLS,False,-0.0101525615,,,
21,CcpA-2,False,-0.0101412703,CcpA,,
1,CovR-1,False,0.0095165691,CovR,,
34,Transport-1,False,0.0086847891,,,
9,MalR,False,0.0080315429,MalR,,
2,Phage_1-1,False,-0.0075112022,Phage_1,,
31,Phage_2-3,False,-0.0071013226,Phage_2,,
13,Phage_1-2,False,0.0060639192,Phage_1,,
17,Unc_5,False,0.0043305816,,,
18,PurR,False,0.0041852599,PurR,,
8,PyrR,False,-0.0040435655000000004,PyrR,,
12,VicR,False,0.0038416366,VicR,,
0,FabT,False,0.0035548748000000002,FabT,,
25,Unc_9,False,-0.00348439,,,
5,CcpA-1,False,-0.0034378543000000003,CcpA,,
35,YwzG,False,-0.002868022,YwzG,,
24,Unc_8,False,0.0012904838,,,
41,SLO,False,-0.0001306262,,,
32,Unc_11,False,-1.54684e-05,,,
