k,name,in_iM,gene_weight,regulator,function,category
10,Unc_2,False,0.0706600647,,,
18,PurR,False,-0.053925727900000005,PurR,,
37,Phage_3-2,False,0.0435405416,Phage_3,,
9,MalR,False,0.036311873200000004,MalR,,
23,SLS,False,0.033998423800000004,,,
17,Unc_5,False,-0.0306438345,,,
4,GlnR,False,-0.0300118443,GlnR,,
5,CcpA-1,False,0.0272217085,CcpA,,
35,YwzG,False,0.0265342745,YwzG,,
40,Unc_12,False,-0.022845963400000002,,,
29,MalR2,False,0.0213405096,MalR2,,
41,SLO,False,0.0209815478,,,
26,Mga,False,-0.0189784118,Mga,,
19,Unc_6,False,0.0169359226,,,
8,PyrR,False,-0.0168720051,PyrR,,
34,Transport-1,False,-0.0166092121,,,
20,Unc_7,False,0.015540240600000001,,,
16,NrdR,False,-0.0150986485,NrdR,,
28,CovR-2,False,0.0141062103,CovR,,
31,Phage_2-3,False,-0.013446252,Phage_2,,
12,VicR,False,-0.013359377,VicR,,
33,Galactose,False,-0.013297558000000001,,,
22,Phage_2-2,False,0.0130682472,Phage_2,,
13,Phage_1-2,False,-0.0112947037,Phage_1,,
27,Unc_10,False,0.009775864,,,
25,Unc_9,False,0.0091224487,,,
30,Phage_3-1,False,0.008334089000000001,Phage_3,,
0,FabT,False,0.0079189056,FabT,,
3,Unc_1,False,0.0077139991000000005,,,
15,NanR,False,-0.0065714971,NanR,,
2,Phage_1-1,False,0.0058649056,Phage_1,,
36,HrcA,False,0.0040471977000000004,HrcA,,
1,CovR-1,False,0.0038260352000000003,CovR,,
38,SpeB,False,0.0038203265,,,
39,Transport-2,False,-0.0030155079,,,
7,Phage_2-1,False,0.0021889601000000002,Phage_2,,
21,CcpA-2,False,0.0021836528,CcpA,,
32,Unc_11,False,-0.0021654166,,,
14,Unc_4,False,-0.0018472923,,,
11,Unc_3,False,-0.0009128997,,,
6,Rgg,False,0.0005705667,Rgg,,
24,Unc_8,False,0.00028771790000000003,,,
