k,name,in_iM,gene_weight,regulator,function,category
26,Mga,True,0.24366872800000003,Mga,,
3,Unc_1,False,-0.0431730009,,,
41,SLO,False,-0.030675887000000002,,,
16,NrdR,False,-0.030310136,NrdR,,
11,Unc_3,False,-0.0300253418,,,
30,Phage_3-1,False,-0.0278077277,Phage_3,,
36,HrcA,False,0.022152049700000002,HrcA,,
24,Unc_8,False,0.0209384357,,,
33,Galactose,False,0.019986514400000002,,,
5,CcpA-1,False,-0.015346799999999999,CcpA,,
13,Phage_1-2,False,0.0151092356,Phage_1,,
19,Unc_6,False,-0.0149250897,,,
18,PurR,False,0.0140554574,PurR,,
15,NanR,False,0.013421903,NanR,,
1,CovR-1,False,0.013352982000000001,CovR,,
20,Unc_7,False,-0.0130367113,,,
0,FabT,False,-0.012895472000000002,FabT,,
9,MalR,False,0.0126371164,MalR,,
27,Unc_10,False,0.012203417400000001,,,
10,Unc_2,False,0.0121110313,,,
40,Unc_12,False,0.012075436200000001,,,
25,Unc_9,False,-0.0120399848,,,
4,GlnR,False,-0.0115448067,GlnR,,
32,Unc_11,False,-0.0107372529,,,
14,Unc_4,False,0.00995556,,,
8,PyrR,False,0.008425932300000001,PyrR,,
31,Phage_2-3,False,0.0072777365000000005,Phage_2,,
23,SLS,False,-0.0056367276000000004,,,
38,SpeB,False,-0.0056109902,,,
21,CcpA-2,False,-0.0054273061,CcpA,,
35,YwzG,False,0.004899156500000001,YwzG,,
6,Rgg,False,-0.0048265107,Rgg,,
17,Unc_5,False,-0.0041612183,,,
37,Phage_3-2,False,0.0035894531000000003,Phage_3,,
7,Phage_2-1,False,-0.0032721137,Phage_2,,
2,Phage_1-1,False,0.0029476402,Phage_1,,
22,Phage_2-2,False,-0.0017545118,Phage_2,,
12,VicR,False,0.0014335523000000001,VicR,,
29,MalR2,False,-0.0013362515,MalR2,,
28,CovR-2,False,-0.0007866944,CovR,,
34,Transport-1,False,-0.00046520430000000003,,,
39,Transport-2,False,-0.0003196028,,,
