k,name,in_iM,gene_weight,regulator,function,category
10,Unc_2,False,-0.0329189559,,,
27,Unc_10,False,0.0312655821,,,
33,Galactose,False,-0.0192225835,,,
11,Unc_3,False,-0.0191232842,,,
23,SLS,False,-0.0171146706,,,
20,Unc_7,False,-0.0166614513,,,
40,Unc_12,False,-0.016001903300000002,,,
16,NrdR,False,0.015876946700000002,NrdR,,
19,Unc_6,False,0.014224920200000001,,,
4,GlnR,False,0.0122602017,GlnR,,
1,CovR-1,False,-0.010057837200000001,CovR,,
34,Transport-1,False,0.0092769366,,,
35,YwzG,False,-0.0088913215,YwzG,,
17,Unc_5,False,-0.0087796091,,,
30,Phage_3-1,False,-0.008745360300000001,Phage_3,,
39,Transport-2,False,-0.0078285071,,,
9,MalR,False,-0.007298348400000001,MalR,,
37,Phage_3-2,False,-0.0071164321,Phage_3,,
18,PurR,False,-0.0070744046000000005,PurR,,
26,Mga,False,0.0069139341000000005,Mga,,
3,Unc_1,False,0.0066589526,,,
22,Phage_2-2,False,-0.006068309,Phage_2,,
36,HrcA,False,0.0060243195,HrcA,,
12,VicR,False,-0.005859236800000001,VicR,,
29,MalR2,False,-0.005754195100000001,MalR2,,
7,Phage_2-1,False,-0.0054715431,Phage_2,,
25,Unc_9,False,0.0051617814,,,
8,PyrR,False,0.0051459097,PyrR,,
13,Phage_1-2,False,-0.0049799004,Phage_1,,
6,Rgg,False,-0.00447242,Rgg,,
14,Unc_4,False,-0.0042531073,,,
5,CcpA-1,False,-0.0039001836,CcpA,,
21,CcpA-2,False,0.0036772504,CcpA,,
32,Unc_11,False,-0.0036154332,,,
31,Phage_2-3,False,0.0018709039,Phage_2,,
15,NanR,False,0.0017288402,NanR,,
38,SpeB,False,-0.0015504645,,,
24,Unc_8,False,-0.0015152988,,,
41,SLO,False,0.0013918913,,,
0,FabT,False,-0.0010886256,FabT,,
2,Phage_1-1,False,0.0004253209,Phage_1,,
28,CovR-2,False,0.000158268,CovR,,
