k,name,in_iM,gene_weight,regulator,function,category
10,Unc_2,False,0.0583353593,,,
41,SLO,False,-0.050900778,,,
40,Unc_12,False,0.039846614,,,
35,YwzG,False,-0.0374962785,YwzG,,
36,HrcA,False,-0.0373617682,HrcA,,
19,Unc_6,False,0.034015167400000004,,,
25,Unc_9,False,-0.0326483808,,,
22,Phage_2-2,False,0.032145540300000004,Phage_2,,
27,Unc_10,False,-0.0240990201,,,
39,Transport-2,False,0.0216226848,,,
12,VicR,False,-0.0211367857,VicR,,
3,Unc_1,False,-0.0200779076,,,
32,Unc_11,False,-0.0199684324,,,
1,CovR-1,False,0.019146933,CovR,,
15,NanR,False,-0.0188140968,NanR,,
31,Phage_2-3,False,0.0174665497,Phage_2,,
13,Phage_1-2,False,-0.0165711235,Phage_1,,
21,CcpA-2,False,-0.014622436,CcpA,,
16,NrdR,False,0.013851133600000001,NrdR,,
28,CovR-2,False,0.0122845444,CovR,,
33,Galactose,False,0.0122539603,,,
17,Unc_5,False,-0.010425253800000001,,,
29,MalR2,False,0.0098899234,MalR2,,
4,GlnR,False,-0.0097151227,GlnR,,
9,MalR,False,-0.0094595821,MalR,,
20,Unc_7,False,0.008995697,,,
14,Unc_4,False,-0.008377022000000001,,,
26,Mga,False,0.0075243702,Mga,,
24,Unc_8,False,0.0063566037,,,
6,Rgg,False,-0.0058311774,Rgg,,
7,Phage_2-1,False,0.005265431100000001,Phage_2,,
34,Transport-1,False,0.0050963713,,,
38,SpeB,False,0.0045321601,,,
5,CcpA-1,False,-0.0042401699,CcpA,,
18,PurR,False,-0.0032025939,PurR,,
8,PyrR,False,-0.0029923871,PyrR,,
0,FabT,False,0.0029551814,FabT,,
30,Phage_3-1,False,0.0023016412,Phage_3,,
37,Phage_3-2,False,-0.0021322176000000003,Phage_3,,
2,Phage_1-1,False,-0.0017008769000000001,Phage_1,,
23,SLS,False,-0.0016559388,,,
11,Unc_3,False,-0.0008170050000000001,,,
