k,name,in_iM,gene_weight,regulator,function,category
11,Unc_3,False,0.0511417095,,,
20,Unc_7,False,0.0491910121,,,
10,Unc_2,False,-0.0409287263,,,
4,GlnR,False,-0.0383711211,GlnR,,
23,SLS,False,0.0303637509,,,
8,PyrR,False,0.0301314732,PyrR,,
5,CcpA-1,False,0.0284761808,CcpA,,
3,Unc_1,False,0.027774781000000002,,,
0,FabT,False,0.0258199421,FabT,,
9,MalR,False,0.022875235100000002,MalR,,
34,Transport-1,False,-0.022799723900000003,,,
36,HrcA,False,-0.0225927697,HrcA,,
29,MalR2,False,-0.0190776455,MalR2,,
15,NanR,False,-0.018893394600000002,NanR,,
39,Transport-2,False,-0.0188295304,,,
17,Unc_5,False,0.0170097152,,,
18,PurR,False,0.016983168,PurR,,
19,Unc_6,False,-0.0134457025,,,
14,Unc_4,False,0.0119142286,,,
33,Galactose,False,-0.0112911026,,,
25,Unc_9,False,-0.01105098,,,
7,Phage_2-1,False,-0.0109340051,Phage_2,,
28,CovR-2,False,-0.0102042958,CovR,,
24,Unc_8,False,0.0101331469,,,
12,VicR,False,-0.0094839637,VicR,,
16,NrdR,False,-0.0076723892,NrdR,,
37,Phage_3-2,False,-0.007261345000000001,Phage_3,,
22,Phage_2-2,False,-0.0058979836,Phage_2,,
35,YwzG,False,0.0055765764,YwzG,,
2,Phage_1-1,False,0.0050894176,Phage_1,,
13,Phage_1-2,False,-0.0045126373000000004,Phage_1,,
41,SLO,False,-0.0040756995,,,
6,Rgg,False,0.0035724040000000004,Rgg,,
31,Phage_2-3,False,-0.0033892086,Phage_2,,
1,CovR-1,False,0.0030913196,CovR,,
30,Phage_3-1,False,0.0030624135,Phage_3,,
38,SpeB,False,-0.0019348277,,,
21,CcpA-2,False,0.001933063,CcpA,,
32,Unc_11,False,0.0008552593,,,
26,Mga,False,-0.0007679643,Mga,,
40,Unc_12,False,0.0006789796,,,
27,Unc_10,False,-0.0001046541,,,
