k,name,in_iM,gene_weight,regulator,function,category
6,Rgg,True,0.2635575387,Rgg,,
20,Unc_7,False,-0.0463931475,,,
9,MalR,False,-0.0366375215,MalR,,
22,Phage_2-2,False,-0.0344378137,Phage_2,,
4,GlnR,False,-0.0242632248,GlnR,,
0,FabT,False,-0.021975461300000002,FabT,,
39,Transport-2,False,0.0216294435,,,
1,CovR-1,False,-0.021353519,CovR,,
15,NanR,False,0.021264330600000002,NanR,,
11,Unc_3,False,0.0195041712,,,
8,PyrR,False,0.0194007183,PyrR,,
17,Unc_5,False,0.019369781500000002,,,
5,CcpA-1,False,-0.0182366683,CcpA,,
23,SLS,False,0.0173462616,,,
26,Mga,False,-0.0171354417,Mga,,
24,Unc_8,False,0.0170015165,,,
35,YwzG,False,0.0155510665,YwzG,,
25,Unc_9,False,-0.015516623,,,
36,HrcA,False,0.014865181100000001,HrcA,,
37,Phage_3-2,False,-0.0142628621,Phage_3,,
10,Unc_2,False,-0.0141805948,,,
14,Unc_4,False,-0.013594561000000002,,,
41,SLO,False,0.0123808757,,,
7,Phage_2-1,False,-0.012333612,Phage_2,,
38,SpeB,False,-0.0108823332,,,
29,MalR2,False,-0.0087543369,MalR2,,
16,NrdR,False,0.008208159100000001,NrdR,,
19,Unc_6,False,0.007804602900000001,,,
3,Unc_1,False,0.0070937863,,,
34,Transport-1,False,0.0067971627000000005,,,
27,Unc_10,False,-0.0066652643,,,
31,Phage_2-3,False,-0.0058885184,Phage_2,,
28,CovR-2,False,0.0048128377,CovR,,
33,Galactose,False,0.0045641138,,,
32,Unc_11,False,-0.0036231648,,,
21,CcpA-2,False,-0.0032513710000000003,CcpA,,
30,Phage_3-1,False,-0.0030351764000000002,Phage_3,,
12,VicR,False,0.0027339994,VicR,,
2,Phage_1-1,False,0.0024596949,Phage_1,,
13,Phage_1-2,False,-0.0021465682000000002,Phage_1,,
18,PurR,False,-0.0013560724,PurR,,
40,Unc_12,False,0.0003810752,,,
