k,name,in_iM,gene_weight,regulator,function,category
36,HrcA,False,-0.0325256234,HrcA,,
10,Unc_2,False,-0.0312335353,,,
28,CovR-2,False,-0.027042005600000002,CovR,,
0,FabT,False,0.0250983951,FabT,,
19,Unc_6,False,0.0229216314,,,
14,Unc_4,False,0.021000461,,,
12,VicR,False,-0.0170395926,VicR,,
27,Unc_10,False,0.015797304800000002,,,
17,Unc_5,False,0.0150016965,,,
25,Unc_9,False,-0.0143775333,,,
33,Galactose,False,0.0112725208,,,
23,SLS,False,0.0110018126,,,
21,CcpA-2,False,-0.0101658235,CcpA,,
24,Unc_8,False,0.010109166000000001,,,
4,GlnR,False,0.0100786886,GlnR,,
30,Phage_3-1,False,-0.009613263300000001,Phage_3,,
26,Mga,False,-0.008933662200000001,Mga,,
40,Unc_12,False,-0.0086423125,,,
6,Rgg,False,-0.008286544,Rgg,,
31,Phage_2-3,False,-0.0078807018,Phage_2,,
5,CcpA-1,False,0.0075022728,CcpA,,
32,Unc_11,False,0.0070717193,,,
34,Transport-1,False,-0.0069960562000000006,,,
41,SLO,False,-0.0065982293,,,
9,MalR,False,0.0062011748000000005,MalR,,
1,CovR-1,False,-0.0061230148,CovR,,
29,MalR2,False,0.005726874900000001,MalR2,,
7,Phage_2-1,False,-0.0051815596,Phage_2,,
18,PurR,False,0.0051560817000000005,PurR,,
37,Phage_3-2,False,0.0049585152,Phage_3,,
13,Phage_1-2,False,-0.0035758339,Phage_1,,
20,Unc_7,False,0.003400338,,,
3,Unc_1,False,-0.0029463406,,,
38,SpeB,False,-0.0027846472,,,
15,NanR,False,0.0024879597,NanR,,
11,Unc_3,False,-0.0020111589,,,
8,PyrR,False,-0.0016056756,PyrR,,
2,Phage_1-1,False,-0.0013827299,Phage_1,,
35,YwzG,False,-0.0011251938,YwzG,,
16,NrdR,False,0.0009211007,NrdR,,
22,Phage_2-2,False,-0.0006990098000000001,Phage_2,,
39,Transport-2,False,0.0005238305,,,
