k,name,in_iM,gene_weight,regulator,function,category
18,PurR,False,0.0312405372,PurR,,
10,Unc_2,False,0.0304572946,,,
27,Unc_10,False,0.019165180100000002,,,
32,Unc_11,False,-0.0175524614,,,
41,SLO,False,0.0159245122,,,
29,MalR2,False,-0.0142699075,MalR2,,
11,Unc_3,False,-0.013880553,,,
35,YwzG,False,-0.013060771300000001,YwzG,,
12,VicR,False,-0.0129411803,VicR,,
17,Unc_5,False,-0.011336163500000001,,,
16,NrdR,False,-0.010771879100000001,NrdR,,
8,PyrR,False,-0.009753081,PyrR,,
30,Phage_3-1,False,-0.009557436800000001,Phage_3,,
1,CovR-1,False,-0.0081439647,CovR,,
31,Phage_2-3,False,0.007925214,Phage_2,,
20,Unc_7,False,-0.007835016200000001,,,
40,Unc_12,False,0.0071298475000000005,,,
14,Unc_4,False,0.0069503802,,,
33,Galactose,False,-0.0068701840000000005,,,
6,Rgg,False,-0.0064570405,Rgg,,
26,Mga,False,-0.0061440516,Mga,,
19,Unc_6,False,0.0060504453,,,
36,HrcA,False,-0.0058027811,HrcA,,
28,CovR-2,False,0.0051517933000000005,CovR,,
5,CcpA-1,False,-0.0050636392,CcpA,,
38,SpeB,False,-0.0050369565,,,
25,Unc_9,False,0.0049397383000000005,,,
0,FabT,False,-0.0044000018,FabT,,
15,NanR,False,-0.0033717046000000003,NanR,,
37,Phage_3-2,False,-0.0031564131000000003,Phage_3,,
13,Phage_1-2,False,-0.0026772662000000003,Phage_1,,
4,GlnR,False,0.0023920615,GlnR,,
21,CcpA-2,False,0.0023370401,CcpA,,
7,Phage_2-1,False,-0.0022668691,Phage_2,,
23,SLS,False,0.002228718,,,
39,Transport-2,False,-0.0021692839,,,
3,Unc_1,False,-0.0020191604,,,
9,MalR,False,-0.0017363078000000001,MalR,,
34,Transport-1,False,0.0015360879,,,
24,Unc_8,False,-0.0013083645,,,
22,Phage_2-2,False,-0.0007379758,Phage_2,,
2,Phage_1-1,False,-3.45718e-05,Phage_1,,
