k,name,in_iM,gene_weight,regulator,function,category
20,Unc_7,False,-0.0329657801,,,
14,Unc_4,False,-0.0233213399,,,
17,Unc_5,False,-0.0200871276,,,
40,Unc_12,False,0.0199100398,,,
32,Unc_11,False,-0.0165032026,,,
38,SpeB,False,-0.0156357271,,,
23,SLS,False,-0.0148317006,,,
19,Unc_6,False,-0.0145498573,,,
39,Transport-2,False,-0.0119458058,,,
24,Unc_8,False,-0.0114472341,,,
5,CcpA-1,False,-0.010983351,CcpA,,
30,Phage_3-1,False,-0.010735944400000001,Phage_3,,
11,Unc_3,False,0.0105654128,,,
41,SLO,False,-0.0102697364,,,
36,HrcA,False,-0.0088690043,HrcA,,
6,Rgg,False,-0.0088567134,Rgg,,
33,Galactose,False,-0.0083863564,,,
27,Unc_10,False,-0.0083472244,,,
12,VicR,False,-0.008230118100000001,VicR,,
2,Phage_1-1,False,-0.008159587900000001,Phage_1,,
10,Unc_2,False,-0.0070593386,,,
0,FabT,False,-0.0062857498000000005,FabT,,
3,Unc_1,False,-0.0062622629,,,
4,GlnR,False,-0.0056174517000000005,GlnR,,
28,CovR-2,False,-0.0053143942,CovR,,
26,Mga,False,-0.0052553794,Mga,,
9,MalR,False,-0.0049995904,MalR,,
35,YwzG,False,-0.0048983509,YwzG,,
16,NrdR,False,-0.0048938181,NrdR,,
15,NanR,False,0.004866934900000001,NanR,,
29,MalR2,False,-0.0047652334,MalR2,,
34,Transport-1,False,0.0037280594000000003,,,
1,CovR-1,False,0.0030831285000000003,CovR,,
13,Phage_1-2,False,-0.0030035609,Phage_1,,
8,PyrR,False,-0.0028946777000000003,PyrR,,
31,Phage_2-3,False,0.0027837599,Phage_2,,
25,Unc_9,False,-0.0024513306,,,
18,PurR,False,-0.0023282974,PurR,,
21,CcpA-2,False,0.0016264145,CcpA,,
22,Phage_2-2,False,-0.0011242763000000001,Phage_2,,
7,Phage_2-1,False,-0.0009701154,Phage_2,,
37,Phage_3-2,False,0.0007028937,Phage_3,,
