k,name,in_iM,gene_weight,regulator,function,category
14,Unc_4,True,0.19753327810000001,,,
5,CcpA-1,False,0.0448059314,CcpA,,
37,Phage_3-2,False,-0.023666617,Phage_3,,
3,Unc_1,False,-0.0197492847,,,
19,Unc_6,False,0.0176998738,,,
23,SLS,False,-0.0169706185,,,
25,Unc_9,False,-0.016075602,,,
0,FabT,False,-0.0137918749,FabT,,
10,Unc_2,False,-0.0128812829,,,
31,Phage_2-3,False,-0.012422035000000001,Phage_2,,
12,VicR,False,0.0116631939,VicR,,
33,Galactose,False,-0.011203626000000001,,,
17,Unc_5,False,-0.010733260500000001,,,
22,Phage_2-2,False,-0.010589582600000001,Phage_2,,
21,CcpA-2,False,0.0102667496,CcpA,,
30,Phage_3-1,False,-0.0097357925,Phage_3,,
11,Unc_3,False,0.0090670452,,,
38,SpeB,False,0.0089835728,,,
15,NanR,False,-0.0089502409,NanR,,
18,PurR,False,-0.008935724800000001,PurR,,
20,Unc_7,False,0.0087516524,,,
8,PyrR,False,-0.0083099431,PyrR,,
1,CovR-1,False,-0.0081376534,CovR,,
24,Unc_8,False,-0.0075791234,,,
41,SLO,False,0.006860681,,,
4,GlnR,False,-0.0067691925,GlnR,,
16,NrdR,False,0.0064319453,NrdR,,
35,YwzG,False,0.0061041131,YwzG,,
29,MalR2,False,0.0060636299,MalR2,,
7,Phage_2-1,False,0.0056828091,Phage_2,,
27,Unc_10,False,0.0036024021000000002,,,
39,Transport-2,False,0.0031141756,,,
13,Phage_1-2,False,-0.0031029249000000003,Phage_1,,
2,Phage_1-1,False,0.0022675926,Phage_1,,
32,Unc_11,False,0.0022247289,,,
6,Rgg,False,-0.0014753302,Rgg,,
34,Transport-1,False,-0.0010386267,,,
26,Mga,False,0.0006649339,Mga,,
40,Unc_12,False,-0.0005937941000000001,,,
36,HrcA,False,-0.0005819152,HrcA,,
28,CovR-2,False,0.0003146432,CovR,,
9,MalR,False,9.73176e-05,MalR,,
